{"type":"FeatureCollection","features":[{"type":"Feature","properties":{"name":"김동훈한의원","name:en":"KIM DONGHOON KOREA MEDICAL CLINIC","amenity":"hospital","osmType":"node","osmId":"368666954","districtCode":"26350","districtName":"해운대구"},"geometry":{"type":"Point","coordinates":[129.1253349,35.1863045]}},{"type":"Feature","properties":{"name":"덕천약국","name:en":"Deokcheon pharmacy","amenity":"pharmacy","osmType":"node","osmId":"368667285","districtCode":"26320","districtName":"북구"},"geometry":{"type":"Point","coordinates":[129.0055522,35.2104903]}},{"type":"Feature","properties":{"name":"365MC 비만클리닉 부산점","name:en":"365MC Biman Clinic Busanjeom","amenity":"clinic","osmType":"node","osmId":"368743033","districtCode":"26230","districtName":"부산진구"},"geometry":{"type":"Point","coordinates":[129.057425,35.15723]}},{"type":"Feature","properties":{"name":"제일여성병원","name:en":"Jeilyeoseong Hospital","amenity":"hospital","osmType":"node","osmId":"368743039","districtCode":"26350","districtName":"해운대구"},"geometry":{"type":"Point","coordinates":[129.1737472,35.1707205]}},{"type":"Feature","properties":{"name":"Yes9늘씬비만의원","name:en":"Yes9 Neulssinbiman Clinic","amenity":"hospital","osmType":"node","osmId":"368743045","districtCode":"26320","districtName":"북구"},"geometry":{"type":"Point","coordinates":[129.012078,35.234893]}},{"type":"Feature","properties":{"name":"박달나무한의원 덕천점","name:en":"Bakdallamuhanuiwon Deokcheonjeom","amenity":"hospital","osmType":"node","osmId":"368743057","districtCode":"26320","districtName":"북구"},"geometry":{"type":"Point","coordinates":[129.007273,35.2108744]}},{"type":"Feature","properties":{"name":"스타화이트치과의원","name:en":"Star White Dental Clinic","amenity":"hospital","osmType":"node","osmId":"368743065","districtCode":"26350","districtName":"해운대구"},"geometry":{"type":"Point","coordinates":[129.1631001,35.1610603]}},{"type":"Feature","properties":{"name":"효림병원","name:en":"Hyorim Hospital","amenity":"hospital","osmType":"node","osmId":"368743075","districtCode":"26380","districtName":"사하구"},"geometry":{"type":"Point","coordinates":[128.9790572,35.0768177]}},{"type":"Feature","properties":{"name":"장사랑내과영상의학과의원","name:en":"Jangsarang Internal Medicine Yeongsanguihakgwa Clinic","amenity":"hospital","osmType":"node","osmId":"368743104","districtCode":"26380","districtName":"사하구"},"geometry":{"type":"Point","coordinates":[128.9707736,35.1047886]}},{"type":"Feature","properties":{"name":"장림한서병원","name:en":"Jangnimhanseo Hospital","amenity":"hospital","osmType":"node","osmId":"368743107","districtCode":"26380","districtName":"사하구"},"geometry":{"type":"Point","coordinates":[128.9768914,35.0738676]}},{"type":"Feature","properties":{"name":"시원한내과 의원","name:en":"Siwonhan Internal Medicine Clinic","amenity":"hospital","osmType":"node","osmId":"368743119","districtCode":"26470","districtName":"연제구"},"geometry":{"type":"Point","coordinates":[129.0832466,35.1875943]}},{"type":"Feature","properties":{"name":"부산요양병원","name:en":"Busanyoyang Hospital","amenity":"hospital","osmType":"node","osmId":"368743130","districtCode":"26230","districtName":"부산진구"},"geometry":{"type":"Point","coordinates":[129.055006,35.175569]}},{"type":"Feature","properties":{"name":"미소여성병원","name:en":"Misoyeoseong Hospital","amenity":"hospital","osmType":"node","osmId":"368743135","districtCode":"26470","districtName":"연제구"},"geometry":{"type":"Point","coordinates":[129.08298,35.185409]}},{"type":"Feature","properties":{"name":"사상은빛요양병원","name:en":"Sasangeunbichyoyang Hospital","amenity":"hospital","osmType":"node","osmId":"368743140","districtCode":"26530","districtName":"사상구"},"geometry":{"type":"Point","coordinates":[128.977899,35.138165]}},{"type":"Feature","properties":{"name":"인창요양병원","name:en":"Inchang Hospital","amenity":"hospital","osmType":"node","osmId":"368743146","districtCode":"26170","districtName":"동구"},"geometry":{"type":"Point","coordinates":[129.0429717,35.1218437]}},{"type":"Feature","properties":{"name":"부산행복한멘파워 비뇨기과","name:en":"Busanhaengbokhanmenpawo Urology","amenity":"hospital","osmType":"node","osmId":"368743150","districtCode":"26110","districtName":"중구"},"geometry":{"type":"Point","coordinates":[129.035975,35.104381]}},{"type":"Feature","properties":{"name":"굿모닝병원","name:en":"Good Morning Hospital","amenity":"hospital","osmType":"node","osmId":"368743158","districtCode":"26350","districtName":"해운대구"},"geometry":{"type":"Point","coordinates":[129.155535,35.161813]}},{"type":"Feature","properties":{"name":"항앤유외과","name:en":"Hangaenyu Surgery","amenity":"hospital","osmType":"node","osmId":"368743164","districtCode":"26230","districtName":"부산진구"},"geometry":{"type":"Point","coordinates":[129.059702,35.144048]}},{"type":"Feature","properties":{"name":"화명한솔병원","name:en":"Hwamyeonghansol Hospital","amenity":"hospital","osmType":"node","osmId":"368743166","districtCode":"26320","districtName":"북구"},"geometry":{"type":"Point","coordinates":[129.0136603,35.2315863]}},{"type":"Feature","properties":{"name":"달맞이한의원","name:en":"Dalmaji Oriental Medicine Clinic","amenity":"hospital","osmType":"node","osmId":"368743176","districtCode":"26350","districtName":"해운대구"},"geometry":{"type":"Point","coordinates":[129.181775,35.158324]}},{"type":"Feature","properties":{"name":"아름다운의원","name:en":"Areumdaun Clinic","amenity":"hospital","osmType":"node","osmId":"368743185","districtCode":"26350","districtName":"해운대구"},"geometry":{"type":"Point","coordinates":[129.127569,35.18044]}},{"type":"Feature","properties":{"name":"스타미피부과","name:en":"Star Mi Dermatologic Clinic","amenity":"hospital","osmType":"node","osmId":"368743198","districtCode":"26470","districtName":"연제구"},"geometry":{"type":"Point","coordinates":[129.082537,35.185981]}},{"type":"Feature","properties":{"name":"클인한의원","name:en":"Keulin Oriental Medicine Clinic","amenity":"hospital","osmType":"node","osmId":"368743246","districtCode":"26350","districtName":"해운대구"},"geometry":{"type":"Point","coordinates":[129.177893,35.16698]}},{"type":"Feature","properties":{"name":"재호한의원","name:en":"Jaeho Oriental Medicine Clinic","amenity":"hospital","osmType":"node","osmId":"368743264","districtCode":"26470","districtName":"연제구"},"geometry":{"type":"Point","coordinates":[129.0815478,35.1875666]}},{"type":"Feature","properties":{"name":"코비한의원 해운대점","name:en":"Kobihanuiwon Haeundaejeom","amenity":"hospital","osmType":"node","osmId":"368743269","districtCode":"26350","districtName":"해운대구"},"geometry":{"type":"Point","coordinates":[129.177567,35.1699472]}},{"type":"Feature","properties":{"name":"괴정병원","name:en":"Goejeong Hospital","amenity":"hospital","osmType":"node","osmId":"368743284","districtCode":"26380","districtName":"사하구"},"geometry":{"type":"Point","coordinates":[128.9903688,35.0990805]}},{"type":"Feature","properties":{"name":"세화병원","name:en":"Sehwa Hospital","amenity":"hospital","osmType":"node","osmId":"368743295","districtCode":"26260","districtName":"동래구"},"geometry":{"type":"Point","coordinates":[129.071288,35.205607]}},{"type":"Feature","properties":{"name":"새동래병원 파토스","name:en":"Saedongnaebyeongwon Patoseu","amenity":"hospital","osmType":"node","osmId":"368743302","districtCode":"26410","districtName":"금정구"},"geometry":{"type":"Point","coordinates":[129.085745,35.222336]}},{"type":"Feature","properties":{"name":"체담한방병원","name:en":"Chedam Oriental Medicine Hospital","amenity":"hospital","osmType":"node","osmId":"368743306","districtCode":"26470","districtName":"연제구"},"geometry":{"type":"Point","coordinates":[129.0810292,35.1848468]}},{"type":"Feature","properties":{"name":"정언섭 맥의원","name:en":"Jeongeonseop Maek Clinic","amenity":"hospital","osmType":"node","osmId":"368743318","districtCode":"26470","districtName":"연제구"},"geometry":{"type":"Point","coordinates":[129.081975,35.184949]}},{"type":"Feature","properties":{"name":"바른정내과","name:en":"Bareunjeong Internal Medicine Clinic","amenity":"hospital","osmType":"node","osmId":"368743326","districtCode":"26350","districtName":"해운대구"},"geometry":{"type":"Point","coordinates":[129.118645,35.194208]}},{"type":"Feature","properties":{"name":"해운대자명병원","name:en":"Haeundaejamyeong Hospital","amenity":"hospital","osmType":"node","osmId":"368743341","districtCode":"26350","districtName":"해운대구"},"geometry":{"type":"Point","coordinates":[129.1461017,35.1676998]}},{"type":"Feature","properties":{"name":"코비한의원 부산화명점","name:en":"Kobihanuiwon Busanhwamyeongjeom","amenity":"hospital","osmType":"node","osmId":"368743351","districtCode":"26320","districtName":"북구"},"geometry":{"type":"Point","coordinates":[129.0133083,35.2341726]}},{"type":"Feature","properties":{"name":"마음e편한정신과의원","name:en":"Maeum e Pyeonhan Psychiatric Clinic","amenity":"hospital","osmType":"node","osmId":"368743367","districtCode":"26380","districtName":"사하구"},"geometry":{"type":"Point","coordinates":[128.9702975,35.1049575]}},{"type":"Feature","properties":{"name":"수영한서병원","name:en":"Suyeonghanseo Hospital","amenity":"hospital","osmType":"node","osmId":"368743371","districtCode":"26500","districtName":"수영구"},"geometry":{"type":"Point","coordinates":[129.113056,35.160472]}},{"type":"Feature","properties":{"name":"화명학운외과","name:en":"Hwamyeonghakun Surgery","amenity":"hospital","osmType":"node","osmId":"368743376","districtCode":"26320","districtName":"북구"},"geometry":{"type":"Point","coordinates":[129.0109696,35.234323]}},{"type":"Feature","properties":{"name":"킴스코바디스타일 서면본점","amenity":"hospital","osmType":"node","osmId":"368743386","districtCode":"26230","districtName":"부산진구"},"geometry":{"type":"Point","coordinates":[129.0600421,35.1582389]}},{"type":"Feature","properties":{"name":"박달나무한의원 부산해운대점","name:en":"Bakdallamuhanuiwon Busanhaeundaejeom","amenity":"hospital","osmType":"node","osmId":"368743397","districtCode":"26350","districtName":"해운대구"},"geometry":{"type":"Point","coordinates":[129.1777983,35.1697611]}},{"type":"Feature","properties":{"name":"메디포맨남성의원 부산점","name:en":"Medipomaennamseonguiwon Busanjeom","amenity":"hospital","osmType":"node","osmId":"368743404","districtCode":"26230","districtName":"부산진구"},"geometry":{"type":"Point","coordinates":[129.060043,35.146668]}},{"type":"Feature","properties":{"name":"박윤하비뇨기과의원","name:en":"Bakyunha Urology Clinic","amenity":"clinic","osmType":"node","osmId":"368743432","districtCode":"26470","districtName":"연제구"},"geometry":{"type":"Point","coordinates":[129.082193,35.186489]}},{"type":"Feature","properties":{"name":"남산정요양병원","name:en":"Namsanjeongyoyang Hospital","amenity":"hospital","osmType":"node","osmId":"368743442","districtCode":"26320","districtName":"북구"},"geometry":{"type":"Point","coordinates":[129.022062,35.212767]}},{"type":"Feature","properties":{"name":"버드나무한의원","name:en":"Beodeunamu Oriental Medicine Clinic","amenity":"hospital","osmType":"node","osmId":"368743451","districtCode":"26470","districtName":"연제구"},"geometry":{"type":"Point","coordinates":[129.072234,35.180727]}},{"type":"Feature","properties":{"name":"항플러스병원","name:en":"Hangpeulleoseu Hospital","amenity":"hospital","osmType":"node","osmId":"368743460","districtCode":"26380","districtName":"사하구"},"geometry":{"type":"Point","coordinates":[128.9639738,35.1058547]}},{"type":"Feature","properties":{"name":"새우리병원","name:en":"Saeuri Hospital","amenity":"hospital","osmType":"node","osmId":"368743469","districtCode":"26410","districtName":"금정구"},"geometry":{"type":"Point","coordinates":[129.092162,35.265017]}},{"type":"Feature","properties":{"name":"파라디아 성형외과","name:en":"Paradia Plastic Surgery","amenity":"clinic","osmType":"node","osmId":"368743476","districtCode":"26230","districtName":"부산진구"},"geometry":{"type":"Point","coordinates":[129.056091,35.157656]}},{"type":"Feature","properties":{"name":"고은요양병원","name:en":"Goeunyoyang Hospital","amenity":"hospital","osmType":"node","osmId":"368743485","districtCode":"26320","districtName":"북구"},"geometry":{"type":"Point","coordinates":[129.0141187,35.2362407]}},{"type":"Feature","properties":{"name":"BHS동래한서요양병원","name:en":"BHS Dongnae Hanseo Convalescent Hospital","amenity":"hospital","osmType":"node","osmId":"368743488","districtCode":"26410","districtName":"금정구"},"geometry":{"type":"Point","coordinates":[129.0920187,35.2381439]}},{"type":"Feature","properties":{"name":"수정안과","name:en":"Sujeong Eye Clinic","amenity":"hospital","osmType":"node","osmId":"368743503","districtCode":"26320","districtName":"북구"},"geometry":{"type":"Point","coordinates":[129.005917,35.210243]}},{"type":"Feature","properties":{"name":"예화인여성의원","name:en":"Yehwainyeoseong Clinic","amenity":"hospital","osmType":"node","osmId":"368743507","districtCode":"26350","districtName":"해운대구"},"geometry":{"type":"Point","coordinates":[129.132462,35.167449]}},{"type":"Feature","properties":{"name":"기장병원","name:en":"Gijang Hospital","amenity":"hospital","osmType":"node","osmId":"368743514","districtCode":"26710","districtName":"기장군"},"geometry":{"type":"Point","coordinates":[129.216628,35.235702]}},{"type":"Feature","properties":{"name":"우정훈신경정신과의원","name:en":"Ujeonghun Neuropsychiatric Clinic","amenity":"hospital","osmType":"node","osmId":"368743536","districtCode":"26380","districtName":"사하구"},"geometry":{"type":"Point","coordinates":[128.9927334,35.1004782]}},{"type":"Feature","properties":{"name":"순산부인과","name:en":"Sun Obstetrics & Gynecology Clinic","amenity":"hospital","osmType":"node","osmId":"368743546","districtCode":"26410","districtName":"금정구"},"geometry":{"type":"Point","coordinates":[129.091301,35.253269]}},{"type":"Feature","properties":{"name":"편작한의원","name:en":"Pyeonjak Oriental Medicine Clinic","amenity":"hospital","osmType":"node","osmId":"368743556","districtCode":"26170","districtName":"동구"},"geometry":{"type":"Point","coordinates":[129.039128,35.120265]}},{"type":"Feature","properties":{"name":"세웅종합병원","name:en":"Seungjonghap Hospital","amenity":"hospital","osmType":"node","osmId":"368743568","districtCode":"26410","districtName":"금정구"},"geometry":{"type":"Point","coordinates":[129.104277,35.214163]}},{"type":"Feature","properties":{"name":"상현한의원","name:en":"Sanghyeon Oriental Medicine Clinic","amenity":"clinic","osmType":"node","osmId":"368743592","districtCode":"26260","districtName":"동래구"},"geometry":{"type":"Point","coordinates":[129.0761714,35.2053885]}},{"type":"Feature","properties":{"name":"당당한의원","name:en":"Dangdang Oriental Medicine Clinic","amenity":"hospital","osmType":"node","osmId":"368743599","districtCode":"26410","districtName":"금정구"},"geometry":{"type":"Point","coordinates":[129.0902109,35.2376586]}},{"type":"Feature","properties":{"name":"미래로병원","name:en":"Miraero Hospital","amenity":"hospital","osmType":"node","osmId":"368743614","districtCode":"26320","districtName":"북구"},"geometry":{"type":"Point","coordinates":[129.004467,35.211112]}},{"type":"Feature","properties":{"name":"달맞이요양병원","name:en":"Dalmajiyoyang Hospital","amenity":"hospital","osmType":"node","osmId":"368743617","districtCode":"26350","districtName":"해운대구"},"geometry":{"type":"Point","coordinates":[129.181213,35.158194]}},{"type":"Feature","properties":{"name":"신동훈한의원","name:en":"Sindonghun Oriental Medicine Clinic","amenity":"hospital","osmType":"node","osmId":"368743625","districtCode":"26350","districtName":"해운대구"},"geometry":{"type":"Point","coordinates":[129.175379,35.170042]}},{"type":"Feature","properties":{"name":"맑은피부과","name:en":"Malgeun Dermatologic Clinic","amenity":"hospital","osmType":"node","osmId":"368743630","districtCode":"26320","districtName":"북구"},"geometry":{"type":"Point","coordinates":[129.0119787,35.2351685]}},{"type":"Feature","properties":{"name":"엘제이비뇨기과 부산점","name:en":"Eljei Urology Busanjeom","amenity":"hospital","osmType":"node","osmId":"368743638","districtCode":"26230","districtName":"부산진구"},"geometry":{"type":"Point","coordinates":[129.0576021,35.155608]}},{"type":"Feature","properties":{"name":"이바담그룹의원","name:en":"Ibadamgeurup Clinic","amenity":"hospital","osmType":"node","osmId":"368743646","districtCode":"26470","districtName":"연제구"},"geometry":{"type":"Point","coordinates":[129.080849,35.185329]}},{"type":"Feature","properties":{"name":"마음편 한의원","name:en":"Maeumpyeon Oriental Medicine Clinic","amenity":"hospital","osmType":"node","osmId":"368743663","districtCode":"26260","districtName":"동래구"},"geometry":{"type":"Point","coordinates":[129.074787,35.20527]}},{"type":"Feature","properties":{"name":"사랑이넘치는의원","name:en":"Sarangineomchineun Clinic","amenity":"hospital","osmType":"node","osmId":"368743664","districtCode":"26260","districtName":"동래구"},"geometry":{"type":"Point","coordinates":[129.067374,35.203641]}},{"type":"Feature","properties":{"name":"행복드림한의원","name:en":"Haengbokdeurim Oriental Medicine Clinic","amenity":"hospital","osmType":"node","osmId":"368743671","districtCode":"26350","districtName":"해운대구"},"geometry":{"type":"Point","coordinates":[129.147061,35.156386]}},{"type":"Feature","properties":{"name":"미래산부인과","name:en":"Mirae Obstetrics & Gynecology Clinic","amenity":"hospital","osmType":"node","osmId":"368743682","districtCode":"26230","districtName":"부산진구"},"geometry":{"type":"Point","coordinates":[129.0224398,35.1529337]}},{"type":"Feature","properties":{"name":"미래안과","name:en":"Mirae Eye Clinic","amenity":"hospital","osmType":"node","osmId":"368743691","districtCode":"26470","districtName":"연제구"},"geometry":{"type":"Point","coordinates":[129.081823,35.1865774]}},{"type":"Feature","properties":{"name":"미스킨한의원 해운대점","name:en":"Miseukinhanuiwon Haeundaejeom","amenity":"hospital","osmType":"node","osmId":"368743701","districtCode":"26350","districtName":"해운대구"},"geometry":{"type":"Point","coordinates":[129.147061,35.156386]}},{"type":"Feature","properties":{"name":"한국 한의원","name:en":"Korea Oriental Medicine Clinic","amenity":"hospital","osmType":"node","osmId":"368743709","districtCode":"26260","districtName":"동래구"},"geometry":{"type":"Point","coordinates":[129.077057,35.204186]}},{"type":"Feature","properties":{"name":"킴스코 바디스타일 동래점","name:en":"Kimseuko Badi Star Il Dongnaejeom","amenity":"hospital","osmType":"node","osmId":"368743713","districtCode":"26260","districtName":"동래구"},"geometry":{"type":"Point","coordinates":[129.0787562,35.2127351]}},{"type":"Feature","properties":{"name":"본디올현대한의원","name:en":"Bondiolhyeondae Oriental Medicine Clinic","amenity":"hospital","osmType":"node","osmId":"368743723","districtCode":"26470","districtName":"연제구"},"geometry":{"type":"Point","coordinates":[129.067581,35.192677]}},{"type":"Feature","properties":{"name":"부산혜민요양병원","name:en":"Busanhyeminyoyang Hospital","amenity":"hospital","osmType":"node","osmId":"368743736","districtCode":"26170","districtName":"동구"},"geometry":{"type":"Point","coordinates":[129.057056,35.139735]}},{"type":"Feature","properties":{"name":"정화당한의원","name:en":"Jeonghwadang Oriental Medicine Clinic","amenity":"hospital","osmType":"node","osmId":"368743745","districtCode":"26320","districtName":"북구"},"geometry":{"type":"Point","coordinates":[129.0055183,35.2087507]}},{"type":"Feature","properties":{"name":"쉬즈산부인과","name:en":"Swijeu Obstetrics & Gynecology Clinic","amenity":"hospital","osmType":"node","osmId":"368743757","districtCode":"26260","districtName":"동래구"},"geometry":{"type":"Point","coordinates":[129.060204,35.197871]}},{"type":"Feature","properties":{"name":"부곡요양병원","name:en":"Bugokyoyang Hospital","amenity":"hospital","osmType":"node","osmId":"368743767","districtCode":"26410","districtName":"금정구"},"geometry":{"type":"Point","coordinates":[129.0895728,35.2210194]}},{"type":"Feature","properties":{"name":"박은선산부인과의원","name:en":"Bakeunseon Obstetrics & Gynecology Clinic","amenity":"hospital","osmType":"node","osmId":"368743774","districtCode":"26380","districtName":"사하구"},"geometry":{"type":"Point","coordinates":[128.993839,35.099812]}},{"type":"Feature","properties":{"name":"염 한의원","name:en":"Yeom Oriental Medicine Clinic","amenity":"hospital","osmType":"node","osmId":"368743779","districtCode":"26110","districtName":"중구"},"geometry":{"type":"Point","coordinates":[129.0339431,35.1030156]}},{"type":"Feature","properties":{"name":"우리행복요양병원","name:en":"Seonhan Hospital","amenity":"hospital","osmType":"node","osmId":"368743784","districtCode":"26470","districtName":"연제구"},"geometry":{"type":"Point","coordinates":[129.1073974,35.1830414]}},{"type":"Feature","properties":{"name":"이근직성형외과","name:en":"Igeunjik Plastic Surgery","amenity":"hospital","osmType":"node","osmId":"368743793","districtCode":"26230","districtName":"부산진구"},"geometry":{"type":"Point","coordinates":[129.059008,35.154052]}},{"type":"Feature","properties":{"name":"진안과","name:en":"Jin Eye Clinic","amenity":"hospital","osmType":"node","osmId":"368743797","districtCode":"26350","districtName":"해운대구"},"geometry":{"type":"Point","coordinates":[129.1258368,35.1857704]}},{"type":"Feature","properties":{"name":"학이시습한의원","name:en":"Hakisiseup Oriental Medicine Clinic","amenity":"hospital","osmType":"node","osmId":"368743803","districtCode":"26260","districtName":"동래구"},"geometry":{"type":"Point","coordinates":[129.08584,35.221235]}},{"type":"Feature","properties":{"name":"청노요양병원","name:en":"Cheongnoyoyang Hospital","amenity":"hospital","osmType":"node","osmId":"368743813","districtCode":"26470","districtName":"연제구"},"geometry":{"type":"Point","coordinates":[129.080641,35.183726]}},{"type":"Feature","properties":{"name":"참편한요양병원","name:en":"Champyeonhanyoyang Hospital","amenity":"hospital","osmType":"node","osmId":"368743815","districtCode":"26380","districtName":"사하구"},"geometry":{"type":"Point","coordinates":[129.005687,35.087417]}},{"type":"Feature","properties":{"name":"미다스의원","name:en":"Midaseu Clinic","amenity":"hospital","osmType":"node","osmId":"368743825","districtCode":"26230","districtName":"부산진구"},"geometry":{"type":"Point","coordinates":[129.036927,35.168171]}},{"type":"Feature","properties":{"name":"진성형외과","name:en":"Jin Plastic Surgery","amenity":"hospital","osmType":"node","osmId":"368743836","districtCode":"26230","districtName":"부산진구"},"geometry":{"type":"Point","coordinates":[129.0575731,35.1553687]}},{"type":"Feature","properties":{"name":"아름요양병원","name:en":"Areumyoyang Hospital","amenity":"hospital","osmType":"node","osmId":"368743850","districtCode":"26230","districtName":"부산진구"},"geometry":{"type":"Point","coordinates":[129.066206,35.148805]}},{"type":"Feature","properties":{"name":"삼성제일산부인과","name:en":"Samseongjeil Obstetrics & Gynecology Clinic","amenity":"hospital","osmType":"node","osmId":"368743888","districtCode":"26350","districtName":"해운대구"},"geometry":{"type":"Point","coordinates":[129.137865,35.16995]}},{"type":"Feature","properties":{"name":"디에뜨피부성형외과","name:en":"Dieddeupibu Plastic Surgery","amenity":"hospital","osmType":"node","osmId":"368743899","districtCode":"26320","districtName":"북구"},"geometry":{"type":"Point","coordinates":[129.00797,35.2105606]}},{"type":"Feature","properties":{"name":"다모모발이식센터","name:en":"Damomobalisik Center","amenity":"hospital","osmType":"node","osmId":"368743910","districtCode":"26470","districtName":"연제구"},"geometry":{"type":"Point","coordinates":[129.081436,35.184909]}},{"type":"Feature","properties":{"name":"김진권피부과의원","name:en":"Gimjingwon Dermatologic Clinic","amenity":"hospital","osmType":"node","osmId":"368743911","districtCode":"26260","districtName":"동래구"},"geometry":{"type":"Point","coordinates":[129.081589,35.219561]}},{"type":"Feature","properties":{"name":"주종수 외과의원","name:en":"Jujongsu Oegwa Clinic","amenity":"hospital","osmType":"node","osmId":"368743924","districtCode":"26230","districtName":"부산진구"},"geometry":{"type":"Point","coordinates":[129.05002,35.157565]}},{"type":"Feature","properties":{"name":"빛하늘의원","name:en":"Bit-haneul Hospital complex","amenity":"hospital","osmType":"node","osmId":"368743940","districtCode":"26320","districtName":"북구"},"geometry":{"type":"Point","coordinates":[129.0181858,35.2628478]}},{"type":"Feature","properties":{"name":"센텀의료재단서부산센텀병원","name:en":"Senteomuiryojaedanseobusansenteom Hospital","amenity":"hospital","osmType":"node","osmId":"368743942","districtCode":"26530","districtName":"사상구"},"geometry":{"type":"Point","coordinates":[128.984638,35.160963]}},{"type":"Feature","properties":{"name":"박준석비뇨기과의원","name:en":"Bakjunseok Urology Clinic","amenity":"hospital","osmType":"node","osmId":"368743956","districtCode":"26260","districtName":"동래구"},"geometry":{"type":"Point","coordinates":[129.06033,35.197437]}},{"type":"Feature","properties":{"name":"부산해운대요양병원","name:en":"Busanhaeundaeyoyang Hospital","amenity":"hospital","osmType":"node","osmId":"368743974","districtCode":"26350","districtName":"해운대구"},"geometry":{"type":"Point","coordinates":[129.174404,35.16174]}},{"type":"Feature","properties":{"name":"한희진 산부인과의원","name:en":"Hanhuijin Obstetrics & Gynecology Clinic","amenity":"hospital","osmType":"node","osmId":"368744021","districtCode":"26470","districtName":"연제구"},"geometry":{"type":"Point","coordinates":[129.10623,35.187335]}},{"type":"Feature","properties":{"name":"참여성병원","name:en":"Chamyeoseong Hospital","amenity":"hospital","osmType":"node","osmId":"368744064","districtCode":"26380","districtName":"사하구"},"geometry":{"type":"Point","coordinates":[128.9643452,35.1065151]}},{"type":"Feature","properties":{"name":"문하눈재활의학과","name:en":"Munhanunjaehwaluihakgwa","amenity":"hospital","osmType":"node","osmId":"368744066","districtCode":"26320","districtName":"북구"},"geometry":{"type":"Point","coordinates":[129.0072799,35.2103666]}},{"type":"Feature","properties":{"name":"맑은누리한의원","name:en":"Malgeunnuri Oriental Medicine Clinic","amenity":"hospital","osmType":"node","osmId":"368744081","districtCode":"26380","districtName":"사하구"},"geometry":{"type":"Point","coordinates":[128.9683766,35.1055776]}},{"type":"Feature","properties":{"name":"본디올금정한의원","name:en":"Bondiolgeumjeong Oriental Medicine Clinic","amenity":"hospital","osmType":"node","osmId":"368744094","districtCode":"26410","districtName":"금정구"},"geometry":{"type":"Point","coordinates":[129.092116,35.225587]}},{"type":"Feature","properties":{"name":"본디올 이상덕한의원","name:en":"Bondiol Isangdeok Oriental Medicine Clinic","amenity":"hospital","osmType":"node","osmId":"368744107","districtCode":"26260","districtName":"동래구"},"geometry":{"type":"Point","coordinates":[129.100401,35.201298]}},{"type":"Feature","properties":{"name":"예안의원","name:en":"Yean Clinic","amenity":"hospital","osmType":"node","osmId":"368744108","districtCode":"26350","districtName":"해운대구"},"geometry":{"type":"Point","coordinates":[129.1196092,35.2028541]}},{"type":"Feature","properties":{"name":"비에스뱃살방 부곡점","name:en":"Bieseubaetsalbang Bugokjeom","amenity":"hospital","osmType":"node","osmId":"368744128","districtCode":"26410","districtName":"금정구"},"geometry":{"type":"Point","coordinates":[129.08907,35.23764]}},{"type":"Feature","properties":{"name":"지니산부인과의원","name:en":"Jini Obstetrics & Gynecology Clinic","amenity":"hospital","osmType":"node","osmId":"368744129","districtCode":"26410","districtName":"금정구"},"geometry":{"type":"Point","coordinates":[129.0887914,35.230757]}},{"type":"Feature","properties":{"name":"오투메디칼","name:en":"Otumedikal","amenity":"hospital","osmType":"node","osmId":"368744148","districtCode":"26260","districtName":"동래구"},"geometry":{"type":"Point","coordinates":[129.083432,35.222699]}},{"type":"Feature","properties":{"name":"에스비뇨기과피부과","name:en":"Eseu Urology Dermatologic Clinic","amenity":"hospital","osmType":"node","osmId":"368744177","districtCode":"26320","districtName":"북구"},"geometry":{"type":"Point","coordinates":[129.008097,35.2105885]}},{"type":"Feature","properties":{"name":"박인주의원","name:en":"Bakinju Clinic","amenity":"hospital","osmType":"node","osmId":"368744186","districtCode":"26320","districtName":"북구"},"geometry":{"type":"Point","coordinates":[129.006698,35.210381]}},{"type":"Feature","properties":{"name":"동래성모안과의원","name:en":"Dongnaeseongmo Eye Clinic","amenity":"hospital","osmType":"node","osmId":"368744203","districtCode":"26260","districtName":"동래구"},"geometry":{"type":"Point","coordinates":[129.060652,35.197705]}},{"type":"Feature","properties":{"name":"권경자산부인과","name:en":"Gwongyeongja Obstetrics & Gynecology Clinic","amenity":"hospital","osmType":"node","osmId":"368744206","districtCode":"26320","districtName":"북구"},"geometry":{"type":"Point","coordinates":[129.0057431,35.2098013]}},{"type":"Feature","properties":{"name":"다빈치성형외과","name:en":"Dabinchi Plastic Surgery","amenity":"hospital","osmType":"node","osmId":"368744214","districtCode":"26110","districtName":"중구"},"geometry":{"type":"Point","coordinates":[129.02608,35.097334]}},{"type":"Feature","properties":{"name":"바이모북부산점","name:en":"Baimobukbusanjeom","amenity":"hospital","osmType":"node","osmId":"368744229","districtCode":"26320","districtName":"북구"},"geometry":{"type":"Point","coordinates":[129.0127967,35.2337676]}},{"type":"Feature","properties":{"name":"화명일신기독병원","name:en":"Hwamyeongilsingidok Hospital","amenity":"hospital","osmType":"node","osmId":"368744246","districtCode":"26320","districtName":"북구"},"geometry":{"type":"Point","coordinates":[129.013944,35.2316502]}},{"type":"Feature","properties":{"name":"부산고려병원 척추측만증클리닉","name:en":"Busangoryeobyeongwon Cheokchucheungmanjeung Clinic","amenity":"hospital","osmType":"node","osmId":"368744253","districtCode":"26500","districtName":"수영구"},"geometry":{"type":"Point","coordinates":[129.114778,35.166036]}},{"type":"Feature","properties":{"name":"향사랑외과","name:en":"Hyangsarang Surgery","amenity":"hospital","osmType":"node","osmId":"368744262","districtCode":"26410","districtName":"금정구"},"geometry":{"type":"Point","coordinates":[129.09063,35.248326]}},{"type":"Feature","properties":{"name":"참안과","name:en":"Cham Eye Clinic","amenity":"clinic","osmType":"node","osmId":"368744274","districtCode":"26470","districtName":"연제구"},"geometry":{"type":"Point","coordinates":[129.081104,35.1864]}},{"type":"Feature","properties":{"name":"한국요양병원","name:en":"Korea Yoyang Hospital","amenity":"hospital","osmType":"node","osmId":"368744295","districtCode":"26530","districtName":"사상구"},"geometry":{"type":"Point","coordinates":[128.9804136,35.163453]}},{"type":"Feature","properties":{"name":"킴스코 바디스타일 해운대점","name:en":"Kimseuko Badi Star Il Haeundaejeom","amenity":"hospital","osmType":"node","osmId":"368744300","districtCode":"26350","districtName":"해운대구"},"geometry":{"type":"Point","coordinates":[129.162083,35.164572]}},{"type":"Feature","properties":{"name":"녹십자의원","name:en":"Noksipja Clinic","amenity":"hospital","osmType":"node","osmId":"368744323","districtCode":"26350","districtName":"해운대구"},"geometry":{"type":"Point","coordinates":[129.159819,35.165144]}},{"type":"Feature","properties":{"name":"마리여성의원","name:en":"Mariyeoseong Clinic","amenity":"hospital","osmType":"node","osmId":"368744333","districtCode":"26290","districtName":"남구"},"geometry":{"type":"Point","coordinates":[129.096664,35.135723]}},{"type":"Feature","properties":{"name":"한마음항외과의원","name:en":"Hanmaeumhangoegwa Clinic","amenity":"clinic","osmType":"node","osmId":"368744347","districtCode":"26230","districtName":"부산진구"},"geometry":{"type":"Point","coordinates":[129.0589152,35.1583418]}},{"type":"Feature","properties":{"name":"날씬의원","name:en":"Nalssin Clinic","amenity":"hospital","osmType":"node","osmId":"368744372","districtCode":"26470","districtName":"연제구"},"geometry":{"type":"Point","coordinates":[129.081831,35.186555]}},{"type":"Feature","properties":{"name":"홍인식 성형외과","name:en":"Honginsik Plastic Surgery","amenity":"hospital","osmType":"node","osmId":"368744380","districtCode":"26500","districtName":"수영구"},"geometry":{"type":"Point","coordinates":[129.115129,35.167556]}},{"type":"Feature","properties":{"name":"킴스코 바디스타일 남포점","name:en":"Kimseuko Badi Star Il Nampojeom","amenity":"hospital","osmType":"node","osmId":"368744396","districtCode":"26110","districtName":"중구"},"geometry":{"type":"Point","coordinates":[129.027222,35.097442]}},{"type":"Feature","properties":{"name":"동서스포츠클리닉센터","name:en":"Dongseo Sports Clinic Center","amenity":"hospital","osmType":"node","osmId":"368744406","districtCode":"26530","districtName":"사상구"},"geometry":{"type":"Point","coordinates":[129.0082432,35.143967]}},{"type":"Feature","properties":{"name":"영도병원","name:en":"Yeongdo Hospital","amenity":"hospital","osmType":"node","osmId":"368744415","districtCode":"26200","districtName":"영도구"},"geometry":{"type":"Point","coordinates":[129.0405319,35.0922105]}},{"type":"Feature","properties":{"name":"노박피부과","name:en":"Nobak Dermatologic Clinic","amenity":"hospital","osmType":"node","osmId":"368744430","districtCode":"26230","districtName":"부산진구"},"geometry":{"type":"Point","coordinates":[129.070602,35.172691]}},{"type":"Feature","properties":{"name":"전종완성형외과","name:en":"Jeonjongwan Plastic Surgery","amenity":"hospital","osmType":"node","osmId":"368744448","districtCode":"26320","districtName":"북구"},"geometry":{"type":"Point","coordinates":[129.0072521,35.2104113]}},{"type":"Feature","properties":{"name":"장편한내과","name:en":"Jangpyeonhan Internal Medicine Clinic","amenity":"hospital","osmType":"node","osmId":"368744450","districtCode":"26140","districtName":"서구"},"geometry":{"type":"Point","coordinates":[129.016761,35.109159]}},{"type":"Feature","properties":{"name":"세계로병원","name:en":"Segyero Hospital","amenity":"hospital","osmType":"node","osmId":"368744461","districtCode":"26260","districtName":"동래구"},"geometry":{"type":"Point","coordinates":[129.0647065,35.1945052]}},{"type":"Feature","properties":{"name":"함소아한의원 부산점","name:en":"Hamsoahanuiwon Busanjeom","amenity":"hospital","osmType":"node","osmId":"368744462","districtCode":"26350","districtName":"해운대구"},"geometry":{"type":"Point","coordinates":[129.174992,35.171353]}},{"type":"Feature","properties":{"name":"효사랑요양병원","name:en":"Hyosarangyoyang Hospital","amenity":"hospital","osmType":"node","osmId":"368744484","districtCode":"26230","districtName":"부산진구"},"geometry":{"type":"Point","coordinates":[129.052026,35.165859]}},{"type":"Feature","properties":{"name":"중앙U병원","name:en":"Jungang U Hospital","amenity":"hospital","osmType":"node","osmId":"368744493","districtCode":"26380","districtName":"사하구"},"geometry":{"type":"Point","coordinates":[128.998802,35.090269]}},{"type":"Feature","properties":{"name":"신앤박킴스안과","name:en":"Sinaenbakkimseu Eye Clinic","amenity":"clinic","osmType":"node","osmId":"368744494","districtCode":"26230","districtName":"부산진구"},"geometry":{"type":"Point","coordinates":[129.0570085,35.1578695]}},{"type":"Feature","properties":{"name":"여우미날씬비만성형클리닉","name:en":"Yeouminalssinbimanseonghyeong Clinic","amenity":"clinic","osmType":"node","osmId":"368744514","districtCode":"26230","districtName":"부산진구"},"geometry":{"type":"Point","coordinates":[129.0544623,35.1560892]}},{"type":"Feature","properties":{"name":"다솜의원 화명점","name:en":"Dasomuiwon Hwamyeongjeom","amenity":"hospital","osmType":"node","osmId":"368744551","districtCode":"26320","districtName":"북구"},"geometry":{"type":"Point","coordinates":[129.013511,35.235322]}},{"type":"Feature","properties":{"name":"가온누리언어심리치료센터","name:en":"Gaonnurieoneosimnichiryo Center","amenity":"hospital","osmType":"node","osmId":"368744558","districtCode":"26530","districtName":"사상구"},"geometry":{"type":"Point","coordinates":[129.011746,35.149813]}},{"type":"Feature","properties":{"name":"효당한의원","name:en":"Hyodang Oriental Medicine Clinic","amenity":"hospital","osmType":"node","osmId":"368744561","districtCode":"26410","districtName":"금정구"},"geometry":{"type":"Point","coordinates":[129.091885,35.224742]}},{"type":"Feature","properties":{"name":"해운대언어치료센타","name:en":"Haeundaeeoneochiryo Center","amenity":"hospital","osmType":"node","osmId":"368744570","districtCode":"26350","districtName":"해운대구"},"geometry":{"type":"Point","coordinates":[129.160229,35.163824]}},{"type":"Feature","properties":{"name":"동아대학교의료원","name:en":"Donga University Uiryowon","amenity":"hospital","osmType":"node","osmId":"368744582","districtCode":"26140","districtName":"서구"},"geometry":{"type":"Point","coordinates":[129.01628,35.111967]}},{"type":"Feature","properties":{"name":"세브란스 유바외과","name:en":"Sebeuranseu Yuba Surgery","amenity":"hospital","osmType":"node","osmId":"368744591","districtCode":"26470","districtName":"연제구"},"geometry":{"type":"Point","coordinates":[129.075081,35.187616]}},{"type":"Feature","properties":{"name":"비스타","name:en":"Vista","amenity":"hospital","osmType":"node","osmId":"368744602","districtCode":"26170","districtName":"동구"},"geometry":{"type":"Point","coordinates":[129.04058,35.112788]}},{"type":"Feature","properties":{"name":"이안과","name:en":"I Eye Clinic","amenity":"hospital","osmType":"node","osmId":"368744611","districtCode":"26470","districtName":"연제구"},"geometry":{"type":"Point","coordinates":[129.0807153,35.1880466]}},{"type":"Feature","properties":{"name":"사랑이꽃피는한의원","name:en":"Sarangiggochineun Oriental Medicine Clinic","amenity":"hospital","osmType":"node","osmId":"368744623","districtCode":"26350","districtName":"해운대구"},"geometry":{"type":"Point","coordinates":[129.168821,35.165878]}},{"type":"Feature","properties":{"name":"코비한의원 연제점","name:en":"Kobihanuiwon Yeonjejeom","amenity":"hospital","osmType":"node","osmId":"368744624","districtCode":"26470","districtName":"연제구"},"geometry":{"type":"Point","coordinates":[129.081207,35.186705]}},{"type":"Feature","properties":{"name":"이정환신경정신과의원","name:en":"Ijeonghwan Neuropsychiatric Clinic","amenity":"hospital","osmType":"node","osmId":"368744642","districtCode":"26230","districtName":"부산진구"},"geometry":{"type":"Point","coordinates":[129.07096,35.173166]}},{"type":"Feature","properties":{"name":"함소아한의원 부산덕천점","amenity":"hospital","osmType":"node","osmId":"368744654","districtCode":"26320","districtName":"북구"},"geometry":{"type":"Point","coordinates":[129.004916,35.210117]}},{"type":"Feature","properties":{"name":"미로한의원","name:en":"Miro Oriental Medicine Clinic","amenity":"hospital","osmType":"node","osmId":"368744656","districtCode":"26410","districtName":"금정구"},"geometry":{"type":"Point","coordinates":[129.087353,35.24896]}},{"type":"Feature","properties":{"name":"로고스심리상담센터","name:en":"Rogoseusimnisangdam Center","amenity":"hospital","osmType":"node","osmId":"368744669","districtCode":"26320","districtName":"북구"},"geometry":{"type":"Point","coordinates":[128.997432,35.201723]}},{"type":"Feature","properties":{"name":"내원한의원","name:en":"Naewon Oriental Medicine Clinic","amenity":"hospital","osmType":"node","osmId":"368744672","districtCode":"26380","districtName":"사하구"},"geometry":{"type":"Point","coordinates":[128.9607989,35.1142761]}},{"type":"Feature","properties":{"name":"존스킨한의원","name:en":"Jonseukin Oriental Medicine Clinic","amenity":"clinic","osmType":"node","osmId":"368744681","districtCode":"26230","districtName":"부산진구"},"geometry":{"type":"Point","coordinates":[129.057558,35.15731]}},{"type":"Feature","properties":{"name":"서울피부과의원 해운대점","name:en":"Seoul Dermatologic Uiwon Haeundaejeom","amenity":"hospital","osmType":"node","osmId":"368744682","districtCode":"26350","districtName":"해운대구"},"geometry":{"type":"Point","coordinates":[129.161866,35.161663]}},{"type":"Feature","properties":{"name":"아시아드 미래한의원","name:en":"Asiadeu Mirae Oriental Medicine Clinic","amenity":"hospital","osmType":"node","osmId":"368744696","districtCode":"26470","districtName":"연제구"},"geometry":{"type":"Point","coordinates":[129.067662,35.192081]}},{"type":"Feature","properties":{"name":"김동수내과","name:en":"Gimdongsu Internal Medicine Clinic","amenity":"clinic","osmType":"node","osmId":"368744699","districtCode":"26140","districtName":"서구"},"geometry":{"type":"Point","coordinates":[129.025256,35.097215]}},{"type":"Feature","properties":{"name":"해공한의원","name:en":"Haegong Oriental Medicine Clinic","amenity":"hospital","osmType":"node","osmId":"368744713","districtCode":"26350","districtName":"해운대구"},"geometry":{"type":"Point","coordinates":[129.157494,35.162227]}},{"type":"Feature","properties":{"name":"손명집 창문외과의원","name:en":"Sonmyeongjip Changmunoegwa Clinic","amenity":"clinic","osmType":"node","osmId":"368744738","districtCode":"26260","districtName":"동래구"},"geometry":{"type":"Point","coordinates":[129.0776456,35.2049296]}},{"type":"Feature","properties":{"name":"엠피부비뇨기과","name:en":"Empibu Urology","amenity":"hospital","osmType":"node","osmId":"368744749","districtCode":"26110","districtName":"중구"},"geometry":{"type":"Point","coordinates":[129.0279908,35.0979038]}},{"type":"Feature","properties":{"name":"센텀요양병원","name:en":"Senteomyoyang Hospital","amenity":"hospital","osmType":"node","osmId":"368744764","districtCode":"26350","districtName":"해운대구"},"geometry":{"type":"Point","coordinates":[129.119538,35.190503]}},{"type":"Feature","properties":{"name":"김내과의원","name:en":"Gim Internal Medicine Clinic","amenity":"hospital","osmType":"node","osmId":"368744789","districtCode":"26350","districtName":"해운대구"},"geometry":{"type":"Point","coordinates":[129.178541,35.168497]}},{"type":"Feature","properties":{"name":"최신영내과의원","name:en":"Choesinyeong Internal Medicine Clinic","amenity":"hospital","osmType":"node","osmId":"368744816","districtCode":"26170","districtName":"동구"},"geometry":{"type":"Point","coordinates":[129.038397,35.112843]}},{"type":"Feature","properties":{"name":"경락한의원","name:en":"Gyeongnak Oriental Medicine Clinic","amenity":"hospital","osmType":"node","osmId":"368744820","districtCode":"26260","districtName":"동래구"},"geometry":{"type":"Point","coordinates":[129.0848094,35.2219893]}},{"type":"Feature","properties":{"name":"압구정날씬의원","name:en":"Apgujeongnalssin Clinic);시원한이비인후과의원 (Siwonhanibiinhugwa Clinic);편작한의원 (Pyeonjak Oriental Medicine Clinic","amenity":"hospital","osmType":"node","osmId":"368744835","districtCode":"26380","districtName":"사하구"},"geometry":{"type":"Point","coordinates":[128.9697738,35.1052065]}},{"type":"Feature","properties":{"name":"제일요양병원","name:en":"Jeilyoyang Hospital","amenity":"hospital","osmType":"node","osmId":"368744842","districtCode":"26260","districtName":"동래구"},"geometry":{"type":"Point","coordinates":[129.078511,35.216911]}},{"type":"Feature","properties":{"name":"은행나무의원","name:en":"Bank Namu Clinic","amenity":"hospital","osmType":"node","osmId":"368744843","districtCode":"26140","districtName":"서구"},"geometry":{"type":"Point","coordinates":[129.019128,35.108112]}},{"type":"Feature","properties":{"name":"열린언어치료교육센터","name:en":"Yeollineoneochiryogyoyuk Center","amenity":"hospital","osmType":"node","osmId":"368744853","districtCode":"26230","districtName":"부산진구"},"geometry":{"type":"Point","coordinates":[129.069993,35.171453]}},{"type":"Feature","properties":{"name":"광혜병원","name:en":"Gwanghye Hospital","amenity":"hospital","osmType":"node","osmId":"368744861","districtCode":"26260","districtName":"동래구"},"geometry":{"type":"Point","coordinates":[129.071215,35.206744]}},{"type":"Feature","properties":{"name":"미래영상의학과","name:en":"Miraeyeongsanguihakgwa","amenity":"hospital","osmType":"node","osmId":"368744875","districtCode":"26260","districtName":"동래구"},"geometry":{"type":"Point","coordinates":[129.085577,35.200675]}},{"type":"Feature","properties":{"name":"동춘당한의원","name:en":"Dongchundang Oriental Medicine Clinic","amenity":"hospital","osmType":"node","osmId":"368744877","districtCode":"26140","districtName":"서구"},"geometry":{"type":"Point","coordinates":[129.021096,35.107527]}},{"type":"Feature","properties":{"name":"덕천필피부과의원","name:en":"Deokcheonpil Dermatologic Clinic","amenity":"hospital","osmType":"node","osmId":"368744887","districtCode":"26320","districtName":"북구"},"geometry":{"type":"Point","coordinates":[129.007682,35.209985]}},{"type":"Feature","properties":{"name":"남강한의원","name:en":"Namgang Oriental Medicine Clinic","amenity":"hospital","osmType":"node","osmId":"368744888","districtCode":"26320","districtName":"북구"},"geometry":{"type":"Point","coordinates":[129.0086491,35.223712]}},{"type":"Feature","properties":{"name":"전은숙산부인과의원","name:en":"Jeoneunsuk Obstetrics & Gynecology Clinic","amenity":"hospital","osmType":"node","osmId":"368744900","districtCode":"26350","districtName":"해운대구"},"geometry":{"type":"Point","coordinates":[129.14096,35.167541]}},{"type":"Feature","properties":{"name":"조생한의원","name:en":"Josaeng Oriental Medicine Clinic","amenity":"hospital","osmType":"node","osmId":"368744911","districtCode":"26410","districtName":"금정구"},"geometry":{"type":"Point","coordinates":[129.082267,35.224323]}},{"type":"Feature","properties":{"name":"윌리스병원","name:en":"Williseu Hospital","amenity":"hospital","osmType":"node","osmId":"368744924","districtCode":"26290","districtName":"남구"},"geometry":{"type":"Point","coordinates":[129.08668,35.135064]}},{"type":"Feature","properties":{"name":"포도원항외과","name:en":"Podowonhang Surgery","amenity":"hospital","osmType":"node","osmId":"368744947","districtCode":"26320","districtName":"북구"},"geometry":{"type":"Point","coordinates":[129.013511,35.235322]}},{"type":"Feature","properties":{"name":"도원한의원 동래지점","name:en":"Dowonhanuiwon Dongnaejijeom","amenity":"hospital","osmType":"node","osmId":"368744959","districtCode":"26260","districtName":"동래구"},"geometry":{"type":"Point","coordinates":[129.066793,35.203763]}},{"type":"Feature","properties":{"name":"광빈한의원","name:en":"Gwangbin Oriental Medicine Clinic","amenity":"hospital","osmType":"node","osmId":"368744966","districtCode":"26410","districtName":"금정구"},"geometry":{"type":"Point","coordinates":[129.086514,35.217389]}},{"type":"Feature","properties":{"name":"속시원한내과","name:en":"Soksiwonhan Internal Medicine Clinic","amenity":"hospital","osmType":"node","osmId":"368744978","districtCode":"26230","districtName":"부산진구"},"geometry":{"type":"Point","coordinates":[129.039445,35.165012]}},{"type":"Feature","properties":{"name":"하얀결 피부과","name:en":"Hayangyeol Dermatologic Clinic","amenity":"hospital","osmType":"node","osmId":"368744986","districtCode":"26260","districtName":"동래구"},"geometry":{"type":"Point","coordinates":[129.060652,35.197705]}},{"type":"Feature","properties":{"name":"산돌의원","name:en":"Sandol Clinic","amenity":"hospital","osmType":"node","osmId":"368744999","districtCode":"26350","districtName":"해운대구"},"geometry":{"type":"Point","coordinates":[129.1234496,35.208076]}},{"type":"Feature","properties":{"name":"다래헌한의원","name:en":"Daraeheon Oriental Medicine Clinic","amenity":"hospital","osmType":"node","osmId":"368745003","districtCode":"26470","districtName":"연제구"},"geometry":{"type":"Point","coordinates":[129.0778186,35.1804949]}},{"type":"Feature","properties":{"name":"어깨동무 한의원","name:en":"Eoggaedongmu Oriental Medicine Clinic","amenity":"hospital","osmType":"node","osmId":"368745008","districtCode":"26320","districtName":"북구"},"geometry":{"type":"Point","coordinates":[129.00533,35.207192]}},{"type":"Feature","properties":{"name":"시원한외과","name:en":"Siwonhan Surgery","amenity":"hospital","osmType":"node","osmId":"368745011","districtCode":"26350","districtName":"해운대구"},"geometry":{"type":"Point","coordinates":[129.16951,35.163401]}},{"type":"Feature","properties":{"name":"새봄산부인과","name:en":"Saebom Obstetrics & Gynecology Clinic","amenity":"hospital","osmType":"node","osmId":"368745017","districtCode":"26530","districtName":"사상구"},"geometry":{"type":"Point","coordinates":[128.98505,35.162312]}},{"type":"Feature","properties":{"name":"한빛내과","name:en":"Hanbich Internal Medicine Clinic","amenity":"hospital","wheelchair":"yes","osmType":"node","osmId":"368745022","districtCode":"26260","districtName":"동래구"},"geometry":{"type":"Point","coordinates":[129.068514,35.204334]}},{"type":"Feature","properties":{"name":"다스림한의원","name:en":"Daseurim Oriental Medicine Clinic","amenity":"hospital","osmType":"node","osmId":"368745028","districtCode":"26260","districtName":"동래구"},"geometry":{"type":"Point","coordinates":[129.081441,35.221662]}},{"type":"Feature","properties":{"name":"세한한의원","name:en":"Sehan Oriental Medicine Clinic","amenity":"hospital","osmType":"node","osmId":"368745036","districtCode":"26350","districtName":"해운대구"},"geometry":{"type":"Point","coordinates":[129.1197844,35.2027698]}},{"type":"Feature","properties":{"name":"나라한의원","name:en":"Nara Oriental Medicine Clinic","amenity":"clinic","osmType":"node","osmId":"368745047","districtCode":"26230","districtName":"부산진구"},"geometry":{"type":"Point","coordinates":[129.056357,35.1581514]}},{"type":"Feature","properties":{"name":"나비아이한의원 해운대신도시점","name:en":"Nabiaihanuiwon Haeundaesindosijeom","amenity":"hospital","osmType":"node","osmId":"368745051","districtCode":"26350","districtName":"해운대구"},"geometry":{"type":"Point","coordinates":[129.1776329,35.169859]}},{"type":"Feature","properties":{"name":"부산아동발달지원센터","name:en":"Busanadongbaldaljiwon Center","amenity":"hospital","osmType":"node","osmId":"368745060","districtCode":"26230","districtName":"부산진구"},"geometry":{"type":"Point","coordinates":[129.0228754,35.1535245]}},{"type":"Feature","properties":{"name":"라파엘언어치료센터","name:en":"Rapaeleoneochiryo Center","amenity":"hospital","osmType":"node","osmId":"368745068","districtCode":"26380","districtName":"사하구"},"geometry":{"type":"Point","coordinates":[128.997484,35.101828]}},{"type":"Feature","properties":{"name":"순백의원","name:en":"Sunbaek Clinic","amenity":"hospital","osmType":"node","osmId":"368745141","districtCode":"26350","districtName":"해운대구"},"geometry":{"type":"Point","coordinates":[129.160014,35.164196]}},{"type":"Feature","properties":{"name":"소리청한의원 부산해운점","name:en":"Soricheonghanuiwon Busanhaeunjeom","amenity":"hospital","osmType":"node","osmId":"368745150","districtCode":"26350","districtName":"해운대구"},"geometry":{"type":"Point","coordinates":[129.175383,35.177876]}},{"type":"Feature","properties":{"name":"인사랑내과방사선과의원","name:en":"Insarang Internal Medicine Bangsaseongwa Clinic","amenity":"hospital","osmType":"node","osmId":"368745155","districtCode":"26230","districtName":"부산진구"},"geometry":{"type":"Point","coordinates":[129.023803,35.152849]}},{"type":"Feature","properties":{"name":"피부사랑 피부과","name:en":"Pibusarang Dermatologic Clinic","amenity":"hospital","osmType":"node","osmId":"368745162","districtCode":"26470","districtName":"연제구"},"geometry":{"type":"Point","coordinates":[129.107492,35.184042]}},{"type":"Feature","properties":{"name":"비에스뱃살방 반여점","name:en":"Bieseubaetsalbang Banyeojeom","amenity":"hospital","osmType":"node","osmId":"368745167","districtCode":"26350","districtName":"해운대구"},"geometry":{"type":"Point","coordinates":[129.1197692,35.2029835]}},{"type":"Feature","properties":{"name":"우리가족한의원","name:en":"Urigajok Oriental Medicine Clinic","amenity":"hospital","osmType":"node","osmId":"368745175","districtCode":"26260","districtName":"동래구"},"geometry":{"type":"Point","coordinates":[129.081332,35.220068]}},{"type":"Feature","properties":{"name":"세명정신병원","name:en":"Semyeongjeongsin Hospital","amenity":"hospital","osmType":"node","osmId":"368745185","districtCode":"26410","districtName":"금정구"},"geometry":{"type":"Point","coordinates":[129.077511,35.231019]}},{"type":"Feature","properties":{"name":"이화내과의원","name:en":"Ihwa Internal Medicine Clinic","amenity":"hospital","osmType":"node","osmId":"368745196","districtCode":"26350","districtName":"해운대구"},"geometry":{"type":"Point","coordinates":[129.119733,35.2027835]}},{"type":"Feature","properties":{"name":"지종현소아과","name:en":"Jijonghyeonsoagwa","amenity":"hospital","osmType":"node","osmId":"368745202","districtCode":"26140","districtName":"서구"},"geometry":{"type":"Point","coordinates":[129.016349,35.113075]}},{"type":"Feature","properties":{"name":"산소미짱 화명점","name:en":"Sansomijjang Hwamyeongjeom","amenity":"hospital","osmType":"node","osmId":"368745206","districtCode":"26320","districtName":"북구"},"geometry":{"type":"Point","coordinates":[129.0112955,35.2355697]}},{"type":"Feature","properties":{"name":"본디올 정흥식한의원","name:en":"Bondiol Jeongheungsik Oriental Medicine Clinic","amenity":"hospital","osmType":"node","osmId":"368745225","districtCode":"26260","districtName":"동래구"},"geometry":{"type":"Point","coordinates":[129.061599,35.197949]}},{"type":"Feature","properties":{"name":"대연아동발달연구소","name:en":"Daeyeonadongbaldal Research Institute","amenity":"hospital","osmType":"node","osmId":"368745237","districtCode":"26290","districtName":"남구"},"geometry":{"type":"Point","coordinates":[129.093396,35.13513]}},{"type":"Feature","properties":{"name":"사상구보건소","name:en":"Sasanggu Public Health Center","amenity":"hospital","osmType":"node","osmId":"368745238","districtCode":"26530","districtName":"사상구"},"geometry":{"type":"Point","coordinates":[128.992174,35.152328]}},{"type":"Feature","properties":{"name":"구세산부인과","name:en":"Guse Obstetrics & Gynecology Clinic","amenity":"clinic","osmType":"node","osmId":"368745250","districtCode":"26140","districtName":"서구"},"geometry":{"type":"Point","coordinates":[129.023644,35.096408]}},{"type":"Feature","properties":{"name":"프라임비뇨기과","name:en":"Prime Urology","amenity":"hospital","osmType":"node","osmId":"368745284","districtCode":"26380","districtName":"사하구"},"geometry":{"type":"Point","coordinates":[128.9691643,35.1057111]}},{"type":"Feature","properties":{"name":"서울외과의원","name:en":"Seoul Oegwa Clinic","amenity":"hospital","osmType":"node","osmId":"368745297","districtCode":"26350","districtName":"해운대구"},"geometry":{"type":"Point","coordinates":[129.175398,35.170583]}},{"type":"Feature","properties":{"name":"신세계피부과의원","name:en":"Sinsegye Dermatologic Clinic","amenity":"hospital","osmType":"node","osmId":"368745309","districtCode":"26500","districtName":"수영구"},"geometry":{"type":"Point","coordinates":[129.114626,35.165289]}},{"type":"Feature","properties":{"name":"장용석한의원","name:en":"Jangyongseok Oriental Medicine Clinic","amenity":"hospital","osmType":"node","osmId":"368745319","districtCode":"26350","districtName":"해운대구"},"geometry":{"type":"Point","coordinates":[129.140531,35.166716]}},{"type":"Feature","properties":{"name":"큰나무정형외과","name:en":"Keunnamu Orthopedics Clinic","amenity":"hospital","osmType":"node","osmId":"368745332","districtCode":"26230","districtName":"부산진구"},"geometry":{"type":"Point","coordinates":[129.024261,35.152611]}},{"type":"Feature","properties":{"name":"명제한의원","name:en":"Myeongje Oriental Medicine Clinic","amenity":"hospital","osmType":"node","osmId":"368745352","districtCode":"26260","districtName":"동래구"},"geometry":{"type":"Point","coordinates":[129.072419,35.205651]}},{"type":"Feature","properties":{"name":"신통한의원","name:en":"Sintong Oriental Medicine Clinic","amenity":"hospital","osmType":"node","osmId":"368745353","districtCode":"26350","districtName":"해운대구"},"geometry":{"type":"Point","coordinates":[129.175522,35.1704174]}},{"type":"Feature","properties":{"name":"착한몸매","name:en":"Chakhanmommae","amenity":"hospital","osmType":"node","osmId":"368745370","districtCode":"26470","districtName":"연제구"},"geometry":{"type":"Point","coordinates":[129.106984,35.180603]}},{"type":"Feature","properties":{"name":"아이공감","name:en":"Aigonggam","amenity":"hospital","osmType":"node","osmId":"368745408","districtCode":"26350","districtName":"해운대구"},"geometry":{"type":"Point","coordinates":[129.137865,35.16995]}},{"type":"Feature","properties":{"name":"큐성형외과피부과","name:en":"Kyu Plastic Surgery Dermatologic Clinic","amenity":"hospital","osmType":"node","osmId":"368745409","districtCode":"26350","districtName":"해운대구"},"geometry":{"type":"Point","coordinates":[129.131191,35.175548]}},{"type":"Feature","properties":{"name":"반여한의원","name:en":"Banyeo Oriental Medicine Clinic","amenity":"hospital","osmType":"node","osmId":"368745418","districtCode":"26350","districtName":"해운대구"},"geometry":{"type":"Point","coordinates":[129.12372,35.208638]}},{"type":"Feature","properties":{"name":"민중기외과의원","name:en":"Minjunggioegwa Clinic","amenity":"hospital","osmType":"node","osmId":"368745428","districtCode":"26470","districtName":"연제구"},"geometry":{"type":"Point","coordinates":[129.084778,35.188512]}},{"type":"Feature","properties":{"name":"킴스피부과의원 해운대센텀점","name:en":"Kimseu Dermatologic Uiwon Haeundaesenteomjeom","amenity":"hospital","osmType":"node","osmId":"368745437","districtCode":"26350","districtName":"해운대구"},"geometry":{"type":"Point","coordinates":[129.131662,35.167556]}},{"type":"Feature","properties":{"name":"평화산부인과의원","name:en":"Pyeonghwa Obstetrics & Gynecology Clinic","amenity":"hospital","osmType":"node","osmId":"368745439","districtCode":"26140","districtName":"서구"},"geometry":{"type":"Point","coordinates":[129.01963,35.110532]}},{"type":"Feature","properties":{"name":"세명한의원","name:en":"Semyeong Oriental Medicine Clinic","amenity":"hospital","osmType":"node","osmId":"368745462","districtCode":"26380","districtName":"사하구"},"geometry":{"type":"Point","coordinates":[128.9586229,35.098813]}},{"type":"Feature","properties":{"name":"부산대한외과의원","name:en":"Busandaehanoegwa Clinic","amenity":"hospital","osmType":"node","osmId":"368745477","districtCode":"26230","districtName":"부산진구"},"geometry":{"type":"Point","coordinates":[129.025471,35.152853]}},{"type":"Feature","properties":{"name":"장대식신경정신과의원","name:en":"Jangdaesik Neuropsychiatric Clinic","amenity":"hospital","osmType":"node","osmId":"368745481","districtCode":"26470","districtName":"연제구"},"geometry":{"type":"Point","coordinates":[129.0806701,35.1881732]}},{"type":"Feature","properties":{"name":"제네시스성형외과","name:en":"Jenesiseu Plastic Surgery","amenity":"hospital","osmType":"node","osmId":"368745488","districtCode":"26350","districtName":"해운대구"},"geometry":{"type":"Point","coordinates":[129.1595435,35.1596219]}},{"type":"Feature","properties":{"name":"사상사랑성모안과의원","name:en":"Sasangsarangseongmo Eye Clinic","amenity":"hospital","osmType":"node","osmId":"368745492","districtCode":"26530","districtName":"사상구"},"geometry":{"type":"Point","coordinates":[128.985666,35.162415]}},{"type":"Feature","properties":{"name":"상쾌한외과","name:en":"Sangkwaehan Surgery","amenity":"hospital","osmType":"node","osmId":"368745500","districtCode":"26500","districtName":"수영구"},"geometry":{"type":"Point","coordinates":[129.114215,35.168169]}},{"type":"Feature","properties":{"name":"성분도병원","name:en":"Seongbundo Hospital","amenity":"hospital","osmType":"node","osmId":"368745510","districtCode":"26170","districtName":"동구"},"geometry":{"type":"Point","coordinates":[129.040848,35.122621]}},{"type":"Feature","properties":{"name":"밝은이안과","name:en":"Balgeuni Eye Clinic","amenity":"hospital","osmType":"node","osmId":"368745513","districtCode":"26380","districtName":"사하구"},"geometry":{"type":"Point","coordinates":[128.977607,35.077001]}},{"type":"Feature","properties":{"name":"덕천성모안과","name:en":"Deokcheonseongmo Eye Clinic","amenity":"hospital","osmType":"node","osmId":"368745521","districtCode":"26320","districtName":"북구"},"geometry":{"type":"Point","coordinates":[129.0072819,35.2108052]}},{"type":"Feature","properties":{"name":"하단월오한의원","name:en":"Hadanwolo Oriental Medicine Clinic","amenity":"hospital","osmType":"node","osmId":"368745531","districtCode":"26380","districtName":"사하구"},"geometry":{"type":"Point","coordinates":[128.9703571,35.1048895]}},{"type":"Feature","properties":{"name":"순백피부과","name:en":"Sunbaek Dermatologic Clinic","amenity":"hospital","osmType":"node","osmId":"368745542","districtCode":"26350","districtName":"해운대구"},"geometry":{"type":"Point","coordinates":[129.160014,35.164196]}},{"type":"Feature","properties":{"name":"맘편한내과의원","name:en":"Mampyeonhan Internal Medicine Clinic","amenity":"hospital","osmType":"node","osmId":"368745545","districtCode":"26320","districtName":"북구"},"geometry":{"type":"Point","coordinates":[129.0056474,35.2096544]}},{"type":"Feature","properties":{"name":"평화강한의원","name:en":"Pyeonghwagang Oriental Medicine Clinic","amenity":"hospital","osmType":"node","osmId":"368745559","districtCode":"26350","districtName":"해운대구"},"geometry":{"type":"Point","coordinates":[129.1196156,35.2028096]}},{"type":"Feature","properties":{"name":"한빛한의원","name:en":"Hanbich Oriental Medicine Clinic","amenity":"hospital","osmType":"node","osmId":"368745569","districtCode":"26500","districtName":"수영구"},"geometry":{"type":"Point","coordinates":[129.112817,35.167911]}},{"type":"Feature","properties":{"name":"부산아이센터안과","name:en":"Busanai Center Eye Clinic","amenity":"hospital","osmType":"node","osmId":"368745572","districtCode":"26380","districtName":"사하구"},"geometry":{"type":"Point","coordinates":[128.993767,35.099271]}},{"type":"Feature","properties":{"name":"휴병원","name:en":"Hyu Hospital","amenity":"hospital","osmType":"node","osmId":"368745593","districtCode":"26230","districtName":"부산진구"},"geometry":{"type":"Point","coordinates":[129.0494748,35.1574117]}},{"type":"Feature","properties":{"name":"시원한마취통증의학의원","name:en":"Siwonhanmachwitongjeunguihak Clinic","amenity":"hospital","osmType":"node","osmId":"368745609","districtCode":"26350","districtName":"해운대구"},"geometry":{"type":"Point","coordinates":[129.16951,35.163401]}},{"type":"Feature","properties":{"name":"금성당당한의원","name:en":"Geum Catholic Church Dang Oriental Medicine Clinic","amenity":"hospital","osmType":"node","osmId":"368745623","districtCode":"26230","districtName":"부산진구"},"geometry":{"type":"Point","coordinates":[129.0235033,35.1508495]}},{"type":"Feature","properties":{"name":"신세계소아청소년과의원","name:en":"Sinsegyesoa Youth Gwa Clinic","amenity":"hospital","osmType":"node","osmId":"368745627","districtCode":"26230","districtName":"부산진구"},"geometry":{"type":"Point","coordinates":[129.0379901,35.1545114]}},{"type":"Feature","properties":{"name":"크리스마스신상호성형외과","name:en":"Plastic Surgery","amenity":"hospital","osmType":"node","osmId":"368745634","districtCode":"26230","districtName":"부산진구"},"geometry":{"type":"Point","coordinates":[129.0573084,35.1561291]}},{"type":"Feature","properties":{"name":"주호범 이비인후과의원","name:en":"Juhobeom Ibiinhugwa Clinic","amenity":"hospital","osmType":"node","osmId":"368745647","districtCode":"26110","districtName":"중구"},"geometry":{"type":"Point","coordinates":[129.024682,35.103954]}},{"type":"Feature","properties":{"name":"고운피부과의원","name:en":"Goun Dermatologic Clinic","amenity":"clinic","osmType":"node","osmId":"368745652","districtCode":"26230","districtName":"부산진구"},"geometry":{"type":"Point","coordinates":[129.0556303,35.1579103]}},{"type":"Feature","properties":{"name":"큰나무정형외과의원","name:en":"Keunnamujeonghyeongoegwa Clinic","amenity":"hospital","osmType":"node","osmId":"368745657","districtCode":"26470","districtName":"연제구"},"geometry":{"type":"Point","coordinates":[129.082327,35.18418]}},{"type":"Feature","properties":{"name":"다나의원","name:en":"Dana Clinic","amenity":"hospital","osmType":"node","osmId":"368745662","districtCode":"26500","districtName":"수영구"},"geometry":{"type":"Point","coordinates":[129.129379,35.159662]}},{"type":"Feature","properties":{"name":"컴퓨터병원","name:en":"Computer Hospital","amenity":"hospital","osmType":"node","osmId":"368745685","districtCode":"26320","districtName":"북구"},"geometry":{"type":"Point","coordinates":[129.0146499,35.2366702]}},{"type":"Feature","properties":{"name":"엠에스척추운동센타","name:en":"Emeseucheokchuundong Center","amenity":"hospital","osmType":"node","osmId":"368745692","districtCode":"26470","districtName":"연제구"},"geometry":{"type":"Point","coordinates":[129.081768,35.186763]}},{"type":"Feature","properties":{"name":"장천한의원","name:en":"Jangcheon Oriental Medicine Clinic","amenity":"hospital","osmType":"node","osmId":"368745703","districtCode":"26260","districtName":"동래구"},"geometry":{"type":"Point","coordinates":[129.085963,35.204908]}},{"type":"Feature","properties":{"name":"본디올조형철한의원","name:en":"Bondioljohyeongcheol Oriental Medicine Clinic","amenity":"hospital","osmType":"node","osmId":"368745710","districtCode":"26350","districtName":"해운대구"},"geometry":{"type":"Point","coordinates":[129.123976,35.187433]}},{"type":"Feature","properties":{"name":"부산열린의원","name:en":"Busanyeollin Clinic","amenity":"hospital","osmType":"node","osmId":"368745732","districtCode":"26230","districtName":"부산진구"},"geometry":{"type":"Point","coordinates":[129.0391249,35.1716872]}},{"type":"Feature","properties":{"name":"성모내과의원","name:en":"Seongmo Internal Medicine Clinic","amenity":"hospital","osmType":"node","osmId":"368745737","districtCode":"26110","districtName":"중구"},"geometry":{"type":"Point","coordinates":[129.021859,35.102788]}},{"type":"Feature","properties":{"name":"정가정의학과","name:en":"Jeonggajeonguihakgwa","amenity":"hospital","osmType":"node","osmId":"368745740","districtCode":"26230","districtName":"부산진구"},"geometry":{"type":"Point","coordinates":[129.038077,35.167079]}},{"type":"Feature","properties":{"name":"부산속편한내과","name:en":"Busansokpyeonhan Internal Medicine Clinic","amenity":"hospital","osmType":"node","osmId":"368745753","districtCode":"26260","districtName":"동래구"},"geometry":{"type":"Point","coordinates":[129.079241,35.204058]}},{"type":"Feature","properties":{"name":"참날씬의원","name:en":"Chamnalssin Clinic","amenity":"hospital","osmType":"node","osmId":"368745758","districtCode":"26230","districtName":"부산진구"},"geometry":{"type":"Point","coordinates":[129.024373,35.152817]}},{"type":"Feature","properties":{"name":"푸른비만에스테틱","name:en":"Pureunbimaneseutetik","amenity":"hospital","osmType":"node","osmId":"368745764","districtCode":"26530","districtName":"사상구"},"geometry":{"type":"Point","coordinates":[128.980371,35.168543]}},{"type":"Feature","properties":{"name":"강남치항외과","name:en":"Gangnamchihang Surgery","amenity":"hospital","osmType":"node","osmId":"368745773","districtCode":"26320","districtName":"북구"},"geometry":{"type":"Point","coordinates":[129.006137,35.210251]}},{"type":"Feature","properties":{"name":"김봉관소아과의원","name:en":"Gimbonggwansoagwa Clinic","amenity":"hospital","osmType":"node","osmId":"368745774","districtCode":"26260","districtName":"동래구"},"geometry":{"type":"Point","coordinates":[129.060337,35.197122]}},{"type":"Feature","properties":{"name":"성신항문외과","name:en":"Seongsinhangmun Surgery","amenity":"hospital","osmType":"node","osmId":"368745786","districtCode":"26110","districtName":"중구"},"geometry":{"type":"Point","coordinates":[129.028475,35.102894]}},{"type":"Feature","properties":{"name":"태곤한의원","name:en":"Taegon Oriental Medicine Clinic","amenity":"hospital","osmType":"node","osmId":"368745788","districtCode":"26410","districtName":"금정구"},"geometry":{"type":"Point","coordinates":[129.090954,35.247864]}},{"type":"Feature","properties":{"name":"예일의원","name:en":"Yeil Clinic","amenity":"hospital","osmType":"node","osmId":"368745797","districtCode":"26230","districtName":"부산진구"},"geometry":{"type":"Point","coordinates":[129.039909,35.163476]}},{"type":"Feature","properties":{"name":"재송 남산의원","amenity":"hospital","osmType":"node","osmId":"368745798","districtCode":"26350","districtName":"해운대구"},"geometry":{"type":"Point","coordinates":[129.1279732,35.1917582]}},{"type":"Feature","properties":{"name":"원헤어스타일","name:en":"Wonheeo Star Il","amenity":"hospital","osmType":"node","osmId":"368745819","districtCode":"26230","districtName":"부산진구"},"geometry":{"type":"Point","coordinates":[129.069316,35.169196]}},{"type":"Feature","properties":{"name":"갑자한의원","name:en":"Gapja Oriental Medicine Clinic","amenity":"hospital","osmType":"node","osmId":"368745834","districtCode":"26230","districtName":"부산진구"},"geometry":{"type":"Point","coordinates":[129.041229,35.165411]}},{"type":"Feature","properties":{"name":"본디올 몸엔맘한의원","name:en":"Bondiol Momenmam Oriental Medicine Clinic","amenity":"hospital","osmType":"node","osmId":"368745840","districtCode":"26350","districtName":"해운대구"},"geometry":{"type":"Point","coordinates":[129.1777185,35.1700206]}},{"type":"Feature","properties":{"name":"사상한의원","name:en":"Sasang Oriental Medicine Clinic","amenity":"clinic","osmType":"node","osmId":"368745847","districtCode":"26350","districtName":"해운대구"},"geometry":{"type":"Point","coordinates":[129.138319,35.169423]}},{"type":"Feature","properties":{"name":"사랑가득안과의원","name:en":"Saranggadeuk Eye Clinic","amenity":"hospital","osmType":"node","osmId":"368745858","districtCode":"26380","districtName":"사하구"},"geometry":{"type":"Point","coordinates":[128.9663408,35.1056697]}},{"type":"Feature","properties":{"name":"밝은눈안과의원","name:en":"Balgeunnun Eye Clinic","amenity":"hospital","osmType":"node","osmId":"368745865","districtCode":"26470","districtName":"연제구"},"geometry":{"type":"Point","coordinates":[129.082034,35.185319]}},{"type":"Feature","properties":{"name":"카톨릭성형외과","name:en":"Katollik Plastic Surgery","amenity":"hospital","osmType":"node","osmId":"368745870","districtCode":"26470","districtName":"연제구"},"geometry":{"type":"Point","coordinates":[129.081105,35.186427]}},{"type":"Feature","properties":{"name":"사직마취통증의학과의원","name:en":"Sajingmachwitongjeunguihakgwa Clinic","amenity":"hospital","osmType":"node","osmId":"368745882","districtCode":"26260","districtName":"동래구"},"geometry":{"type":"Point","coordinates":[129.0606825,35.1961778]}},{"type":"Feature","properties":{"name":"소리나라언어발달치료센터","name:en":"Sorinaraeoneobaldalchiryo Center","amenity":"hospital","osmType":"node","osmId":"368745894","districtCode":"26380","districtName":"사하구"},"geometry":{"type":"Point","coordinates":[128.9752566,35.1028013]}},{"type":"Feature","properties":{"name":"명이비인후과","name:en":"Myeong Ear, Nose, & Throat Clinic","amenity":"hospital","osmType":"node","osmId":"368745910","districtCode":"26380","districtName":"사하구"},"geometry":{"type":"Point","coordinates":[128.974492,35.102782]}},{"type":"Feature","properties":{"name":"새소망호스피스의원","name:en":"Saesomanghoseupiseu Clinic","amenity":"hospital","osmType":"node","osmId":"368745932","districtCode":"26500","districtName":"수영구"},"geometry":{"type":"Point","coordinates":[129.111086,35.169748]}},{"type":"Feature","properties":{"name":"동래구보건소","name:en":"Dongnaegu Public Health Center","amenity":"hospital","osmType":"node","osmId":"368745941","districtCode":"26260","districtName":"동래구"},"geometry":{"type":"Point","coordinates":[129.0798467,35.2114131]}},{"type":"Feature","properties":{"name":"황국형 비뇨기과","name:en":"Hwanggukhyeong Urology","amenity":"hospital","osmType":"node","osmId":"368745955","districtCode":"26470","districtName":"연제구"},"geometry":{"type":"Point","coordinates":[129.081149,35.186417]}},{"type":"Feature","properties":{"name":"우리들병원 부산점","name:en":"Urideulbyeongwon Busanjeom","amenity":"hospital","osmType":"node","osmId":"368745974","districtCode":"26260","districtName":"동래구"},"geometry":{"type":"Point","coordinates":[129.08584,35.221235]}},{"type":"Feature","properties":{"name":"부산서구보건소","name:en":"Busanseogu Public Health Center","amenity":"hospital","osmType":"node","osmId":"368745987","districtCode":"26140","districtName":"서구"},"geometry":{"type":"Point","coordinates":[129.0182225,35.1073928]}},{"type":"Feature","properties":{"name":"밝은빛 안과","name:en":"Balgeunbich Eye Clinic","amenity":"hospital","osmType":"node","osmId":"368745992","districtCode":"26260","districtName":"동래구"},"geometry":{"type":"Point","coordinates":[129.060204,35.197871]}},{"type":"Feature","properties":{"name":"메디칼항외과의원 개금점","name:en":"Medikalhangoegwauiwon Gaegeumjeom","amenity":"hospital","osmType":"node","osmId":"368745997","districtCode":"26230","districtName":"부산진구"},"geometry":{"type":"Point","coordinates":[129.0230062,35.1528947]}},{"type":"Feature","properties":{"name":"강남피부비뇨기과의원","name:en":"Gangnampibu Urology Clinic","amenity":"hospital","osmType":"node","osmId":"368746003","districtCode":"26710","districtName":"기장군"},"geometry":{"type":"Point","coordinates":[129.216307,35.245072]}},{"type":"Feature","properties":{"name":"금정의료소비자생활협동조합희망요양병원","name:en":"Geumjeonguiryosobijasaenghwalhyeopdongjohaphuimangyoyang Hospital","amenity":"hospital","osmType":"node","osmId":"368746030","districtCode":"26410","districtName":"금정구"},"geometry":{"type":"Point","coordinates":[129.085588,35.222103]}},{"type":"Feature","properties":{"name":"심당요양병원","name:en":"Simdangyoyang Hospital","amenity":"hospital","osmType":"node","osmId":"368746036","districtCode":"26110","districtName":"중구"},"geometry":{"type":"Point","coordinates":[129.037059,35.110267]}},{"type":"Feature","properties":{"name":"민한의원","name:en":"Min Oriental Medicine Clinic","amenity":"hospital","osmType":"node","osmId":"368746085","districtCode":"26320","districtName":"북구"},"geometry":{"type":"Point","coordinates":[128.9943601,35.1962846]}},{"type":"Feature","properties":{"name":"홍옥련산부인과","name:en":"Hongongnyeon Obstetrics & Gynecology Clinic","amenity":"hospital","osmType":"node","osmId":"368746095","districtCode":"26230","districtName":"부산진구"},"geometry":{"type":"Point","coordinates":[129.0607159,35.1594889]}},{"type":"Feature","properties":{"name":"김준 한의원","name:en":"Gimjun Oriental Medicine Clinic","amenity":"hospital","osmType":"node","osmId":"368746098","districtCode":"26350","districtName":"해운대구"},"geometry":{"type":"Point","coordinates":[129.169547,35.169828]}},{"type":"Feature","properties":{"name":"최상호성형외과","name:en":"Choesangho Plastic Surgery","amenity":"hospital","osmType":"node","osmId":"368746111","districtCode":"26110","districtName":"중구"},"geometry":{"type":"Point","coordinates":[129.027039,35.096884]}},{"type":"Feature","properties":{"name":"프라임 연산병원","name:en":"Prime Yeonsan Hospital","amenity":"hospital","osmType":"node","osmId":"368746134","districtCode":"26470","districtName":"연제구"},"geometry":{"type":"Point","coordinates":[129.0809877,35.1847507]}},{"type":"Feature","properties":{"name":"에스티나","name:en":"Eseutina","amenity":"hospital","osmType":"node","osmId":"368746166","districtCode":"26350","districtName":"해운대구"},"geometry":{"type":"Point","coordinates":[129.175634,35.177819]}},{"type":"Feature","properties":{"name":"금수화한의원","name:en":"Geumsuhwa Oriental Medicine Clinic","amenity":"hospital","osmType":"node","osmId":"368746182","districtCode":"26350","districtName":"해운대구"},"geometry":{"type":"Point","coordinates":[129.176468,35.172429]}},{"type":"Feature","properties":{"name":"주례연세병원","name:en":"Juryeyeonse Hospital","amenity":"hospital","osmType":"node","osmId":"368746195","districtCode":"26530","districtName":"사상구"},"geometry":{"type":"Point","coordinates":[129.000702,35.149644]}},{"type":"Feature","properties":{"name":"강남요양병원","name:en":"Gangnamyoyang Hospital","amenity":"hospital","osmType":"node","osmId":"368746201","districtCode":"26230","districtName":"부산진구"},"geometry":{"type":"Point","coordinates":[129.059878,35.146607]}},{"type":"Feature","properties":{"name":"심지한의원","name:en":"Simji Oriental Medicine Clinic","amenity":"hospital","osmType":"node","osmId":"368746217","districtCode":"26470","districtName":"연제구"},"geometry":{"type":"Point","coordinates":[129.067056,35.191131]}},{"type":"Feature","properties":{"name":"이샘내과의원","name:en":"Isaem Internal Medicine Clinic","amenity":"hospital","osmType":"node","osmId":"368746227","districtCode":"26230","districtName":"부산진구"},"geometry":{"type":"Point","coordinates":[129.060102,35.146974]}},{"type":"Feature","properties":{"name":"메디칼이비인후과","name:en":"Medikal Ear, Nose, & Throat Clinic","amenity":"clinic","osmType":"node","osmId":"368746251","districtCode":"26230","districtName":"부산진구"},"geometry":{"type":"Point","coordinates":[129.0557305,35.1579903]}},{"type":"Feature","properties":{"name":"신라요양병원","name:en":"Silla Hospital","amenity":"hospital","osmType":"node","osmId":"368746262","districtCode":"26230","districtName":"부산진구"},"geometry":{"type":"Point","coordinates":[129.0337997,35.1538818]}},{"type":"Feature","properties":{"name":"미소안성형외과","name:en":"Misoan Plastic Surgery","amenity":"hospital","osmType":"node","osmId":"368746268","districtCode":"26110","districtName":"중구"},"geometry":{"type":"Point","coordinates":[129.031162,35.097606]}},{"type":"Feature","properties":{"name":"한성비뇨기과","name:en":"Hanseong Urology","amenity":"hospital","osmType":"node","osmId":"368746276","districtCode":"26320","districtName":"북구"},"geometry":{"type":"Point","coordinates":[129.005143,35.2096639]}},{"type":"Feature","properties":{"name":"구. 수영구보건소","name:en":"used to be Suyeonggu Public Health Center","amenity":"hospital","osmType":"node","osmId":"368746295","districtCode":"26500","districtName":"수영구"},"geometry":{"type":"Point","coordinates":[129.1135231,35.1624582]}},{"type":"Feature","properties":{"name":"연제구 보건소","name:en":"Yeonjegu Public Health Center","amenity":"hospital","osmType":"node","osmId":"368746298","districtCode":"26470","districtName":"연제구"},"geometry":{"type":"Point","coordinates":[129.079049,35.1768326]}},{"type":"Feature","properties":{"name":"수통증의원","name:en":"Sutongjeung Clinic","amenity":"hospital","osmType":"node","osmId":"368746310","districtCode":"26260","districtName":"동래구"},"geometry":{"type":"Point","coordinates":[129.104307,35.209899]}},{"type":"Feature","properties":{"name":"한마음한의원","name:en":"Hanmaeum Oriental Medicine Clinic","amenity":"hospital","osmType":"node","osmId":"368746312","districtCode":"26230","districtName":"부산진구"},"geometry":{"type":"Point","coordinates":[129.024666,35.15258]}},{"type":"Feature","properties":{"name":"효원한의원","name:en":"Hyowon Oriental Medicine Clinic","amenity":"hospital","osmType":"node","osmId":"368746325","districtCode":"26260","districtName":"동래구"},"geometry":{"type":"Point","coordinates":[129.05779,35.197216]}},{"type":"Feature","properties":{"name":"김형권내과의원","name:en":"Gimhyeonggwon Internal Medicine Clinic","amenity":"hospital","osmType":"node","osmId":"368746327","districtCode":"26380","districtName":"사하구"},"geometry":{"type":"Point","coordinates":[128.968046,35.080864]}},{"type":"Feature","properties":{"name":"보제의원","name:en":"Boje Clinic","amenity":"hospital","osmType":"node","osmId":"368746341","districtCode":"26230","districtName":"부산진구"},"geometry":{"type":"Point","coordinates":[129.0614392,35.1609047]}},{"type":"Feature","properties":{"name":"주관한의원","name:en":"Jugwan Oriental Medicine Clinic","amenity":"hospital","osmType":"node","osmId":"368746343","districtCode":"26260","districtName":"동래구"},"geometry":{"type":"Point","coordinates":[129.060874,35.197883]}},{"type":"Feature","properties":{"name":"유진한의원","name:en":"Yujin Oriental Medicine Clinic","amenity":"hospital","osmType":"node","osmId":"368746355","districtCode":"26260","districtName":"동래구"},"geometry":{"type":"Point","coordinates":[129.094851,35.19447]}},{"type":"Feature","properties":{"name":"미소담한의원","name:en":"Misodam Oriental Medicine Clinic","amenity":"hospital","osmType":"node","osmId":"368746357","districtCode":"26500","districtName":"수영구"},"geometry":{"type":"Point","coordinates":[129.113757,35.168434]}},{"type":"Feature","properties":{"name":"조안영의원","name:en":"Joanyeong Clinic","amenity":"hospital","osmType":"node","osmId":"368746379","districtCode":"26530","districtName":"사상구"},"geometry":{"type":"Point","coordinates":[128.992485,35.136405]}},{"type":"Feature","properties":{"name":"영생한의원","name:en":"Yeongsaeng Oriental Medicine Clinic","amenity":"hospital","osmType":"node","osmId":"368746386","districtCode":"26320","districtName":"북구"},"geometry":{"type":"Point","coordinates":[129.0127201,35.2336981]}},{"type":"Feature","properties":{"name":"신세계여성병원","name:en":"Sinsegyeyeoseong Hospital","amenity":"hospital","osmType":"node","osmId":"368746399","districtCode":"26380","districtName":"사하구"},"geometry":{"type":"Point","coordinates":[128.977737,35.079659]}},{"type":"Feature","properties":{"name":"새롬NL신경정신과의원","name:en":"Saerom NL Neuropsychiatric Clinic","amenity":"hospital","osmType":"node","osmId":"368746441","districtCode":"26350","districtName":"해운대구"},"geometry":{"type":"Point","coordinates":[129.160724,35.164685]}},{"type":"Feature","properties":{"name":"동의대학교서면한방병원","name:en":"Dongui University Seomyeon Oriental Medicine Hospital","amenity":"hospital","osmType":"node","osmId":"368746446","districtCode":"26230","districtName":"부산진구"},"geometry":{"type":"Point","coordinates":[129.057396,35.159231]}},{"type":"Feature","properties":{"name":"백세요양병원","name:en":"Baekseyoyang Hospital","amenity":"hospital","osmType":"node","osmId":"368746490","districtCode":"26500","districtName":"수영구"},"geometry":{"type":"Point","coordinates":[129.1091619,35.1614966]}},{"type":"Feature","properties":{"name":"이종덕이비인후과","name:en":"Ijongdeok Ear, Nose, & Throat Clinic","amenity":"hospital","osmType":"node","osmId":"368746529","districtCode":"26230","districtName":"부산진구"},"geometry":{"type":"Point","coordinates":[129.050533,35.169288]}},{"type":"Feature","properties":{"name":"부산그레이스여성병원","name:en":"Busangeureiseuyeoseong Hospital","amenity":"hospital","osmType":"node","osmId":"368746554","districtCode":"26380","districtName":"사하구"},"geometry":{"type":"Point","coordinates":[128.977962,35.101257]}},{"type":"Feature","properties":{"name":"이성훈신경과의원","name:en":"Iseonghunsingyeonggwa Clinic","amenity":"clinic","osmType":"node","osmId":"368746572","districtCode":"26470","districtName":"연제구"},"geometry":{"type":"Point","coordinates":[129.0811211,35.1864292]}},{"type":"Feature","properties":{"name":"동명이비인후과","name:en":"Dongmyeong Ear, Nose, & Throat Clinic","amenity":"hospital","osmType":"node","osmId":"368746573","districtCode":"26260","districtName":"동래구"},"geometry":{"type":"Point","coordinates":[129.071232,35.207266]}},{"type":"Feature","properties":{"name":"심재원한의원","name:en":"Simjaewon Oriental Medicine Clinic","amenity":"hospital","osmType":"node","osmId":"368746582","districtCode":"26470","districtName":"연제구"},"geometry":{"type":"Point","coordinates":[129.078858,35.181741]}},{"type":"Feature","properties":{"name":"여사랑 예인의원","name:en":"Yeosarang Yein Clinic","amenity":"hospital","osmType":"node","osmId":"368746593","districtCode":"26320","districtName":"북구"},"geometry":{"type":"Point","coordinates":[129.0110776,35.2110054]}},{"type":"Feature","properties":{"name":"명작성형외과","name:en":"Myeongjak Plastic Surgery","amenity":"hospital","osmType":"node","osmId":"368746596","districtCode":"26380","districtName":"사하구"},"geometry":{"type":"Point","coordinates":[128.9695148,35.1048216]}},{"type":"Feature","properties":{"name":"다솜의원 연제점","name:en":"Dasomuiwon Yeonjejeom","amenity":"hospital","osmType":"node","osmId":"368746601","districtCode":"26470","districtName":"연제구"},"geometry":{"type":"Point","coordinates":[129.08203,35.175042]}},{"type":"Feature","properties":{"name":"킴스가정의원","name:en":"Kimseugajeong Clinic","amenity":"hospital","osmType":"node","osmId":"368746607","districtCode":"26530","districtName":"사상구"},"geometry":{"type":"Point","coordinates":[128.977813,35.138301]}},{"type":"Feature","properties":{"name":"사랑한의원","name:en":"Sarang Oriental Medicine Clinic","amenity":"hospital","osmType":"node","osmId":"368746634","districtCode":"26350","districtName":"해운대구"},"geometry":{"type":"Point","coordinates":[129.1773939,35.1712232]}},{"type":"Feature","properties":{"name":"부산성소의원","name:en":"Busanseongso Clinic","amenity":"hospital","osmType":"node","osmId":"368746640","districtCode":"26290","districtName":"남구"},"geometry":{"type":"Point","coordinates":[129.0853145,35.1345585]}},{"type":"Feature","properties":{"name":"경원 정형외과","name:en":"Gyeongwon Orthopedics Clinic","amenity":"hospital","osmType":"node","osmId":"368746648","districtCode":"26230","districtName":"부산진구"},"geometry":{"type":"Point","coordinates":[129.058387,35.160304]}},{"type":"Feature","properties":{"name":"상화한의원","name:en":"Sanghwa Oriental Medicine Clinic","amenity":"hospital","osmType":"node","osmId":"368746656","districtCode":"26320","districtName":"북구"},"geometry":{"type":"Point","coordinates":[129.0116653,35.2355106]}},{"type":"Feature","properties":{"name":"다사랑한의원","name:en":"Dasarang Oriental Medicine Clinic","amenity":"hospital","osmType":"node","osmId":"368746670","districtCode":"26530","districtName":"사상구"},"geometry":{"type":"Point","coordinates":[128.983532,35.163866]}},{"type":"Feature","properties":{"name":"함재도한의원","name:en":"Hamjaedo Oriental Medicine Clinic","amenity":"hospital","osmType":"node","osmId":"368746696","districtCode":"26350","districtName":"해운대구"},"geometry":{"type":"Point","coordinates":[129.1664059,35.171581]}},{"type":"Feature","properties":{"name":"대건한의원","name:en":"Daegeon Oriental Medicine Clinic","amenity":"hospital","osmType":"node","osmId":"368746717","districtCode":"26260","districtName":"동래구"},"geometry":{"type":"Point","coordinates":[129.061405,35.19823]}},{"type":"Feature","properties":{"name":"보람신경외과의원","name:en":"Boramsingyeongoegwa Clinic","amenity":"hospital","osmType":"node","osmId":"368746721","districtCode":"26260","districtName":"동래구"},"geometry":{"type":"Point","coordinates":[129.1089203,35.1954718]}},{"type":"Feature","properties":{"name":"길흉부외과","name:en":"Gilhyungbu Surgery","amenity":"hospital","osmType":"node","osmId":"368746728","districtCode":"26350","districtName":"해운대구"},"geometry":{"type":"Point","coordinates":[129.132462,35.167449]}},{"type":"Feature","properties":{"name":"하루항외과의원","name:en":"Haruhangoegwa Clinic","amenity":"hospital","osmType":"node","osmId":"368746732","districtCode":"26470","districtName":"연제구"},"geometry":{"type":"Point","coordinates":[129.107558,35.180778]}},{"type":"Feature","properties":{"name":"미래건강메디컬센터","name:en":"Miraegeongangmedikeol Center","amenity":"hospital","osmType":"node","osmId":"368746738","districtCode":"26230","districtName":"부산진구"},"geometry":{"type":"Point","coordinates":[129.06421,35.163228]}},{"type":"Feature","properties":{"name":"한서의원","name:en":"Hanseo Clinic","amenity":"hospital","osmType":"node","osmId":"368746743","districtCode":"26380","districtName":"사하구"},"geometry":{"type":"Point","coordinates":[128.992605,35.10112]}},{"type":"Feature","properties":{"name":"류내과의원","name:en":"Ryu Internal Medicine Clinic","amenity":"hospital","osmType":"node","osmId":"368746748","districtCode":"26230","districtName":"부산진구"},"geometry":{"type":"Point","coordinates":[129.0216247,35.153039]}},{"type":"Feature","properties":{"name":"박성기소아청소년과의원","name:en":"Bakseonggisoa Youth Gwa Clinic","amenity":"hospital","osmType":"node","osmId":"368746759","districtCode":"26380","districtName":"사하구"},"geometry":{"type":"Point","coordinates":[128.984241,35.098844]}},{"type":"Feature","properties":{"name":"이학철한의원","name:en":"Ihakcheol Oriental Medicine Clinic","amenity":"hospital","osmType":"node","osmId":"368746767","districtCode":"26230","districtName":"부산진구"},"geometry":{"type":"Point","coordinates":[129.039665,35.164163]}},{"type":"Feature","properties":{"name":"사랑본의원","name:en":"Sarangbon Clinic","amenity":"hospital","osmType":"node","osmId":"368746772","districtCode":"26260","districtName":"동래구"},"geometry":{"type":"Point","coordinates":[129.102087,35.204123]}},{"type":"Feature","properties":{"name":"마노메디비뇨기과의원 부산점","name:en":"Manomedi Urology Uiwon Busanjeom","amenity":"hospital","osmType":"node","osmId":"368746784","districtCode":"26470","districtName":"연제구"},"geometry":{"type":"Point","coordinates":[129.082586,35.185494]}},{"type":"Feature","properties":{"name":"호일침한의원","name:en":"Hoilchim Oriental Medicine Clinic","amenity":"hospital","osmType":"node","osmId":"368746790","districtCode":"26470","districtName":"연제구"},"geometry":{"type":"Point","coordinates":[129.081569,35.18498]}},{"type":"Feature","properties":{"name":"경희홍제한의원","name:en":"Gyeonghuihongje Oriental Medicine Clinic","amenity":"hospital","osmType":"node","osmId":"368746814","districtCode":"26230","districtName":"부산진구"},"geometry":{"type":"Point","coordinates":[129.0494826,35.157446]}},{"type":"Feature","properties":{"name":"학장성심메디컬","name:en":"Hakjangseongsimmedikeol","amenity":"hospital","osmType":"node","osmId":"368746827","districtCode":"26530","districtName":"사상구"},"geometry":{"type":"Point","coordinates":[128.983501,35.141275]}},{"type":"Feature","properties":{"name":"한빛프롤로의원","name:en":"Hanbicheurollo Clinic","amenity":"hospital","osmType":"node","osmId":"368746839","districtCode":"26470","districtName":"연제구"},"geometry":{"type":"Point","coordinates":[129.081569,35.185007]}},{"type":"Feature","properties":{"name":"하나의원","name:en":"Hana Clinic","amenity":"hospital","osmType":"node","osmId":"368746844","districtCode":"26410","districtName":"금정구"},"geometry":{"type":"Point","coordinates":[129.092048,35.225434]}},{"type":"Feature","properties":{"name":"참소망연합의원","name:en":"Chamsomangyeonhap Clinic","amenity":"hospital","osmType":"node","osmId":"368746852","districtCode":"26530","districtName":"사상구"},"geometry":{"type":"Point","coordinates":[129.005505,35.150172]}},{"type":"Feature","properties":{"name":"김동균이비인후과","name:en":"Gimdonggyun Ear, Nose, & Throat Clinic","amenity":"hospital","osmType":"node","osmId":"368746857","districtCode":"26350","districtName":"해운대구"},"geometry":{"type":"Point","coordinates":[129.125351,35.193956]}},{"type":"Feature","properties":{"name":"큰으뜸내과","name:en":"Keuneuddeum Internal Medicine Clinic","amenity":"hospital","osmType":"node","osmId":"368746870","districtCode":"26410","districtName":"금정구"},"geometry":{"type":"Point","coordinates":[129.104881,35.214193]}},{"type":"Feature","properties":{"name":"이만희이비인후과","name:en":"Imanhui Ear, Nose, & Throat Clinic","amenity":"hospital","osmType":"node","osmId":"368746878","districtCode":"26410","districtName":"금정구"},"geometry":{"type":"Point","coordinates":[129.103801,35.214699]}},{"type":"Feature","properties":{"name":"우내과","name:en":"U Internal Medicine Clinic","amenity":"hospital","osmType":"node","osmId":"368746883","districtCode":"26350","districtName":"해운대구"},"geometry":{"type":"Point","coordinates":[129.1831833,35.1683602]}},{"type":"Feature","properties":{"name":"김상민이비인후과의원","name:en":"Gimsangminibiinhugwa Clinic","amenity":"hospital","osmType":"node","osmId":"368746889","districtCode":"26350","districtName":"해운대구"},"geometry":{"type":"Point","coordinates":[129.1252397,35.1857512]}},{"type":"Feature","properties":{"name":"속조은내과","name:en":"Sokjoeun Internal Medicine Clinic","amenity":"hospital","osmType":"node","osmId":"368746895","districtCode":"26350","districtName":"해운대구"},"geometry":{"type":"Point","coordinates":[129.119805,35.2035]}},{"type":"Feature","properties":{"name":"사직정형외과","name:en":"Sajik Orthopedics Clinic","amenity":"hospital","osmType":"node","osmId":"368746901","districtCode":"26260","districtName":"동래구"},"geometry":{"type":"Point","coordinates":[129.060854,35.197243]}},{"type":"Feature","properties":{"name":"박종덕피부비뇨기과","name:en":"Bakjongdeokpibu Urology","amenity":"hospital","osmType":"node","osmId":"368746912","districtCode":"26500","districtName":"수영구"},"geometry":{"type":"Point","coordinates":[129.107033,35.1777]}},{"type":"Feature","properties":{"name":"비전외과","name:en":"Bijeon Surgery","amenity":"hospital","osmType":"node","osmId":"368746923","districtCode":"26350","districtName":"해운대구"},"geometry":{"type":"Point","coordinates":[129.173088,35.171011]}},{"type":"Feature","properties":{"name":"필한의원","name:en":"Pil Oriental Medicine Clinic","amenity":"hospital","osmType":"node","osmId":"368746952","districtCode":"26470","districtName":"연제구"},"geometry":{"type":"Point","coordinates":[129.10355,35.187261]}},{"type":"Feature","properties":{"name":"지산간호보건학원","name:en":"Jisanganhobogeon Academy","amenity":"hospital","osmType":"node","osmId":"368746980","districtCode":"26230","districtName":"부산진구"},"geometry":{"type":"Point","coordinates":[129.067867,35.171742]}},{"type":"Feature","properties":{"name":"에프엘성형외과","name:en":"Epeuel Plastic Surgery","amenity":"hospital","osmType":"node","osmId":"368747003","districtCode":"26350","districtName":"해운대구"},"geometry":{"type":"Point","coordinates":[129.168821,35.165878]}},{"type":"Feature","properties":{"name":"파크사이드재활의학병원","name:en":"Park Saideujaehwaluihak Hospital","amenity":"hospital","osmType":"node","osmId":"368747018","districtCode":"26350","districtName":"해운대구"},"geometry":{"type":"Point","coordinates":[129.148616,35.157696]}},{"type":"Feature","properties":{"name":"서울파티마성형외과","name:en":"Seoul Patima Plastic Surgery","amenity":"hospital","osmType":"node","osmId":"368747031","districtCode":"26350","districtName":"해운대구"},"geometry":{"type":"Point","coordinates":[129.160712,35.164658]}},{"type":"Feature","properties":{"name":"초읍 해맑은 한의원","name:en":"Choeup Haemalgeun Oriental Medicine Clinic","amenity":"hospital","osmType":"node","osmId":"368747039","districtCode":"26230","districtName":"부산진구"},"geometry":{"type":"Point","coordinates":[129.051258,35.180406]}},{"type":"Feature","properties":{"name":"장수은백한의원","name:en":"Jangsueunbaek Oriental Medicine Clinic","amenity":"hospital","osmType":"node","osmId":"368747046","districtCode":"26410","districtName":"금정구"},"geometry":{"type":"Point","coordinates":[129.0862127,35.2176772]}},{"type":"Feature","properties":{"name":"약손한의원","name:en":"Yakson Oriental Medicine Clinic","amenity":"hospital","osmType":"node","osmId":"368747055","districtCode":"26350","districtName":"해운대구"},"geometry":{"type":"Point","coordinates":[129.160874,35.227642]}},{"type":"Feature","properties":{"name":"아주푸른연세정신과","name:en":"Ajupureunyeonse Psychiatric Clinic","amenity":"hospital","osmType":"node","osmId":"368747059","districtCode":"26230","districtName":"부산진구"},"geometry":{"type":"Point","coordinates":[129.024261,35.152611]}},{"type":"Feature","properties":{"name":"서울웰 해운대점","name:en":"Seoul Wel Haeundaejeom","amenity":"hospital","osmType":"node","osmId":"368747068","districtCode":"26350","districtName":"해운대구"},"geometry":{"type":"Point","coordinates":[129.14706,35.156359]}},{"type":"Feature","properties":{"name":"치매의전화","name:en":"Chimaeuijeonhwa","amenity":"hospital","osmType":"node","osmId":"368747088","districtCode":"26230","districtName":"부산진구"},"geometry":{"type":"Point","coordinates":[129.055006,35.175569]}},{"type":"Feature","properties":{"name":"신화재활의학과병원","name:en":"Sinhwajaehwaluihakgwa Hospital","amenity":"hospital","osmType":"node","osmId":"368747101","districtCode":"26350","districtName":"해운대구"},"geometry":{"type":"Point","coordinates":[129.159902,35.161709]}},{"type":"Feature","properties":{"name":"이동규정형외과","name:en":"Idonggyu Orthopedics Clinic","amenity":"hospital","osmType":"node","osmId":"368747106","districtCode":"26410","districtName":"금정구"},"geometry":{"type":"Point","coordinates":[129.103445,35.214423]}},{"type":"Feature","properties":{"name":"김재연한의원","name:en":"Gimjaeyeon Oriental Medicine Clinic","amenity":"hospital","osmType":"node","osmId":"368747109","districtCode":"26290","districtName":"남구"},"geometry":{"type":"Point","coordinates":[129.094914,35.135342]}},{"type":"Feature","properties":{"name":"세양병원","name:en":"Seyang Hospital","amenity":"hospital","osmType":"node","osmId":"368747156","districtCode":"26380","districtName":"사하구"},"geometry":{"type":"Point","coordinates":[128.9648413,35.1065616]}},{"type":"Feature","properties":{"name":"부영병원","name:en":"Buyeong Hospital","amenity":"hospital","osmType":"node","osmId":"368747157","districtCode":"26530","districtName":"사상구"},"geometry":{"type":"Point","coordinates":[128.984255,35.140998]}},{"type":"Feature","properties":{"name":"으뜸병원","name:en":"Euddeum Hospital","amenity":"hospital","osmType":"node","osmId":"368747168","districtCode":"26260","districtName":"동래구"},"geometry":{"type":"Point","coordinates":[129.073596,35.205776]}},{"type":"Feature","properties":{"name":"굿모닝병원","name:en":"Good Morning Hospital","amenity":"hospital","osmType":"node","osmId":"368747182","districtCode":"26350","districtName":"해운대구"},"geometry":{"type":"Point","coordinates":[129.15591,35.16199]}},{"type":"Feature","properties":{"name":"다솜의원","name:en":"Dasom Clinic","amenity":"hospital","osmType":"node","osmId":"368747187","districtCode":"26140","districtName":"서구"},"geometry":{"type":"Point","coordinates":[129.0184878,35.0829908]}},{"type":"Feature","properties":{"name":"일심한의원","name:en":"Ilsim Oriental Medicine Clinic","amenity":"hospital","osmType":"node","osmId":"368747194","districtCode":"26380","districtName":"사하구"},"geometry":{"type":"Point","coordinates":[128.96845,35.106698]}},{"type":"Feature","properties":{"name":"휴정형외과병원","name:en":"Hyujeonghyeongoegwa Hospital","amenity":"hospital","osmType":"node","osmId":"368747200","districtCode":"26230","districtName":"부산진구"},"geometry":{"type":"Point","coordinates":[129.0494381,35.1574319]}},{"type":"Feature","properties":{"name":"광산정형외과병원","name:en":"Gwangsanjeonghyeongoegwa Hospital","amenity":"hospital","osmType":"node","osmId":"368747204","districtCode":"26110","districtName":"중구"},"geometry":{"type":"Point","coordinates":[129.0367363,35.1063252]}},{"type":"Feature","properties":{"name":"미소뱃살방 엄궁점","name:en":"Misobaetsalbang Eomgungjeom","amenity":"hospital","osmType":"node","osmId":"368747216","districtCode":"26530","districtName":"사상구"},"geometry":{"type":"Point","coordinates":[128.972473,35.128536]}},{"type":"Feature","properties":{"name":"미인사이드뷰티","name:en":"Miinsaideubyuti","amenity":"hospital","osmType":"node","osmId":"368747231","districtCode":"26380","districtName":"사하구"},"geometry":{"type":"Point","coordinates":[128.980635,35.063454]}},{"type":"Feature","properties":{"name":"이쁘지오","name:en":"Ibbeujio","amenity":"hospital","osmType":"node","osmId":"368747236","districtCode":"26530","districtName":"사상구"},"geometry":{"type":"Point","coordinates":[128.9940999,35.1946502]}},{"type":"Feature","properties":{"name":"연세날씬의원","name:en":"Yeonsenalssin Clinic","amenity":"hospital","osmType":"node","osmId":"368747243","districtCode":"26350","districtName":"해운대구"},"geometry":{"type":"Point","coordinates":[129.162534,35.162278]}},{"type":"Feature","properties":{"name":"신라병원","name:en":"Silla Hospital","amenity":"hospital","osmType":"node","osmId":"368747257","districtCode":"26230","districtName":"부산진구"},"geometry":{"type":"Point","coordinates":[129.035202,35.150715]}},{"type":"Feature","properties":{"name":"해동병원","name:en":"Haedong Hospital","amenity":"hospital","osmType":"node","osmId":"368747271","districtCode":"26200","districtName":"영도구"},"geometry":{"type":"Point","coordinates":[129.0439519,35.0919153]}},{"type":"Feature","properties":{"name":"의료법인제일병원파티마의원","name:en":"Uiryobeopinjeilbyeongwonpatima Clinic","amenity":"hospital","osmType":"node","osmId":"368747278","districtCode":"26140","districtName":"서구"},"geometry":{"type":"Point","coordinates":[129.0180661,35.1156273]}},{"type":"Feature","properties":{"name":"한사랑내과병원","name:en":"Hansarang Internal Medicine Hospital","amenity":"hospital","osmType":"node","osmId":"368747283","districtCode":"26320","districtName":"북구"},"geometry":{"type":"Point","coordinates":[129.009227,35.210558]}},{"type":"Feature","properties":{"name":"하나병원","name:en":"Hana Hospital","amenity":"hospital","osmType":"node","osmId":"368747297","districtCode":"26380","districtName":"사하구"},"geometry":{"type":"Point","coordinates":[128.9769724,35.0742096]}},{"type":"Feature","properties":{"name":"이오병원","name:en":"Io Hospital","amenity":"hospital","osmType":"node","osmId":"368747309","districtCode":"26230","districtName":"부산진구"},"geometry":{"type":"Point","coordinates":[129.0626255,35.1579146]}},{"type":"Feature","properties":{"name":"침례병원","name:en":"Chimnye Hospital","amenity":"hospital","osmType":"node","osmId":"368747313","districtCode":"26170","districtName":"동구"},"geometry":{"type":"Point","coordinates":[129.040677,35.121306]}},{"type":"Feature","properties":{"name":"아름다운강산병원","name:en":"Areumdaungangsan Hospital","amenity":"hospital","osmType":"node","osmId":"368747325","districtCode":"26410","districtName":"금정구"},"geometry":{"type":"Point","coordinates":[129.1099258,35.2161825]}},{"type":"Feature","properties":{"name":"우리들병원","name:en":"Urideul Hospital","amenity":"hospital","osmType":"node","osmId":"368747336","districtCode":"26260","districtName":"동래구"},"geometry":{"type":"Point","coordinates":[129.090344,35.199911]}},{"type":"Feature","properties":{"name":"김안과","name:en":"Gim Eye Clinic","amenity":"hospital","osmType":"node","osmId":"368747344","districtCode":"26320","districtName":"북구"},"geometry":{"type":"Point","coordinates":[129.0058808,35.2099852]}},{"type":"Feature","properties":{"name":"수영한서원","name:en":"Suyeonghanseowon","amenity":"hospital","osmType":"node","osmId":"368747347","districtCode":"26500","districtName":"수영구"},"geometry":{"type":"Point","coordinates":[129.11333,35.160478]}},{"type":"Feature","properties":{"name":"세웅종합병원","name:en":"Seungjonghap Hospital","amenity":"hospital","osmType":"node","osmId":"368747362","districtCode":"26410","districtName":"금정구"},"geometry":{"type":"Point","coordinates":[129.1040975,35.2145074]}},{"type":"Feature","properties":{"name":"남산내과신경과병원","name:en":"Namsan Internal Medicine Singyeonggwa Hospital","amenity":"hospital","osmType":"node","osmId":"368747373","districtCode":"26410","districtName":"금정구"},"geometry":{"type":"Point","coordinates":[129.091174,35.25529]}},{"type":"Feature","properties":{"name":"구평예일병원","name:en":"Gupyeongyeil Hospital","amenity":"hospital","osmType":"node","osmId":"368747396","districtCode":"26380","districtName":"사하구"},"geometry":{"type":"Point","coordinates":[128.993598,35.087166]}},{"type":"Feature","properties":{"name":"지성한의원","name:en":"Jiseong Oriental Medicine Clinic","amenity":"hospital","osmType":"node","osmId":"368747407","districtCode":"26500","districtName":"수영구"},"geometry":{"type":"Point","coordinates":[129.120729,35.168496]}},{"type":"Feature","properties":{"name":"제일여성병원산후조리원","name:en":"Jeil yeoseong byeongwon sanhujoriwon","amenity":"hospital","osmType":"node","osmId":"368747408","districtCode":"26350","districtName":"해운대구"},"geometry":{"type":"Point","coordinates":[129.1730033,35.1706163]}},{"type":"Feature","properties":{"name":"해인한의원","name:en":"Haein Oriental Medicine Clinic","amenity":"hospital","osmType":"node","osmId":"368747424","districtCode":"26380","districtName":"사하구"},"geometry":{"type":"Point","coordinates":[128.9961117,35.1015458]}},{"type":"Feature","properties":{"name":"본디올 성수한의원","name:en":"Bondiol Seongsu Oriental Medicine Clinic","amenity":"hospital","osmType":"node","osmId":"368747425","districtCode":"26470","districtName":"연제구"},"geometry":{"type":"Point","coordinates":[129.099125,35.187337]}},{"type":"Feature","properties":{"name":"삼성안과","name:en":"Samseong Eye Clinic","amenity":"hospital","osmType":"node","osmId":"368747433","districtCode":"26710","districtName":"기장군"},"geometry":{"type":"Point","coordinates":[129.216468,35.2426]}},{"type":"Feature","properties":{"name":"새샘내과의원","name:en":"Saesaem Internal Medicine Clinic","amenity":"hospital","osmType":"node","osmId":"368747437","districtCode":"26410","districtName":"금정구"},"geometry":{"type":"Point","coordinates":[129.10331,35.214983]}},{"type":"Feature","properties":{"name":"(의료법인)영재의료재단큰솔병원 (( Uiryobeopin ) Yeongjaeuiryojaedankeunsol Hospital)","name:en":"( Uiryobeopin ) Yeongjaeuiryojaedankeunsol Hospital","amenity":"hospital","osmType":"node","osmId":"368747463","districtCode":"26530","districtName":"사상구"},"geometry":{"type":"Point","coordinates":[128.982636,35.140507]}},{"type":"Feature","properties":{"name":"청십자병원","name:en":"Cheongsipja Hospital","amenity":"hospital","osmType":"node","osmId":"368747467","districtCode":"26170","districtName":"동구"},"geometry":{"type":"Point","coordinates":[129.0482928,35.1278061]}},{"type":"Feature","properties":{"name":"세린요양병원","name:en":"Serinyoyang Hospital","amenity":"hospital","osmType":"node","osmId":"368747475","districtCode":"26470","districtName":"연제구"},"geometry":{"type":"Point","coordinates":[129.10694,35.187067]}},{"type":"Feature","properties":{"name":"부산노인전문제1병원","name:en":"Busannoinjeonmunje 1 Hospital","amenity":"hospital","osmType":"node","osmId":"368747488","districtCode":"26320","districtName":"북구"},"geometry":{"type":"Point","coordinates":[129.0283175,35.2062353]}},{"type":"Feature","properties":{"name":"아름병원","name:en":"Areum Hospital","amenity":"hospital","osmType":"node","osmId":"368747492","districtCode":"26260","districtName":"동래구"},"geometry":{"type":"Point","coordinates":[129.0788666,35.2134403]}},{"type":"Feature","properties":{"name":"삼신한의원","name:en":"Samsin Oriental Medicine Clinic","amenity":"hospital","osmType":"node","osmId":"368747502","districtCode":"26260","districtName":"동래구"},"geometry":{"type":"Point","coordinates":[129.08194,35.222036]}},{"type":"Feature","properties":{"name":"내추럴 성형외과","name:en":"Naechureol Plastic Surgery","amenity":"hospital","osmType":"node","osmId":"368747507","districtCode":"26260","districtName":"동래구"},"geometry":{"type":"Point","coordinates":[129.086325,35.200749]}},{"type":"Feature","properties":{"name":"구덕병원","name:en":"Gudeok Hospital","amenity":"hospital","osmType":"node","osmId":"368747529","districtCode":"26530","districtName":"사상구"},"geometry":{"type":"Point","coordinates":[128.995999,35.131166]}},{"type":"Feature","properties":{"name":"춘해간호조무학원","name:en":"Chunhaeganhojomu Academy","amenity":"hospital","osmType":"node","osmId":"368747537","districtCode":"26260","districtName":"동래구"},"geometry":{"type":"Point","coordinates":[129.083952,35.200681]}},{"type":"Feature","properties":{"name":"서동한의원","name:en":"Seodong Oriental Medicine Clinic","amenity":"hospital","osmType":"node","osmId":"368747552","districtCode":"26410","districtName":"금정구"},"geometry":{"type":"Point","coordinates":[129.100454,35.215784]}},{"type":"Feature","properties":{"name":"참사랑한의원","name:en":"Chamsarang Oriental Medicine Clinic","amenity":"hospital","osmType":"node","osmId":"368747560","districtCode":"26260","districtName":"동래구"},"geometry":{"type":"Point","coordinates":[129.085617,35.202054]}},{"type":"Feature","properties":{"name":"그랜드자연요양병원","name:en":"Grand Jayeonyoyang Hospital","amenity":"hospital","osmType":"node","osmId":"368747562","districtCode":"26290","districtName":"남구"},"geometry":{"type":"Point","coordinates":[129.0977174,35.1467262]}},{"type":"Feature","properties":{"name":"연산병원","name:en":"Yeonsan Hospital","amenity":"hospital","osmType":"node","osmId":"368747569","districtCode":"26470","districtName":"연제구"},"geometry":{"type":"Point","coordinates":[129.094641,35.178047]}},{"type":"Feature","properties":{"name":"율곡병원","name:en":"Yulgok Hospital","amenity":"hospital","osmType":"node","osmId":"368747571","districtCode":"26470","districtName":"연제구"},"geometry":{"type":"Point","coordinates":[129.079544,35.192129]}},{"type":"Feature","properties":{"name":"새안락병원","name:en":"Saeallak Hospital","amenity":"hospital","osmType":"node","osmId":"368747577","districtCode":"26260","districtName":"동래구"},"geometry":{"type":"Point","coordinates":[129.107451,35.198791]}},{"type":"Feature","properties":{"name":"김재곤통증크리닉","name:en":"Gimjaegontongjeungkeurinik","amenity":"clinic","osmType":"node","osmId":"368747580","districtCode":"26170","districtName":"동구"},"geometry":{"type":"Point","coordinates":[129.059112,35.138365]}},{"type":"Feature","properties":{"name":"지성한의원","name:en":"Jiseong Oriental Medicine Clinic","amenity":"hospital","osmType":"node","osmId":"368747585","districtCode":"26230","districtName":"부산진구"},"geometry":{"type":"Point","coordinates":[129.042813,35.153678]}},{"type":"Feature","properties":{"name":"원송정신병원","name:en":"Wonsongjeongsin Hospital","amenity":"hospital","osmType":"node","osmId":"368747599","districtCode":"26470","districtName":"연제구"},"geometry":{"type":"Point","coordinates":[129.094308,35.177744]}},{"type":"Feature","properties":{"name":"부산정신병원","name:en":"Busan Mental Hospital","amenity":"hospital","osmType":"node","osmId":"368747618","districtCode":"26380","districtName":"사하구"},"geometry":{"type":"Point","coordinates":[128.9624374,35.0770834]}},{"type":"Feature","properties":{"name":"주례자연병원","name:en":"Juryejayeon Hospital","amenity":"hospital","osmType":"node","osmId":"368747621","districtCode":"26530","districtName":"사상구"},"geometry":{"type":"Point","coordinates":[128.999633,35.149301]}},{"type":"Feature","properties":{"name":"팽갑주신경정신병원","name:en":"Paenggapjusingyeongjeongsin Hospital","amenity":"hospital","osmType":"node","osmId":"368747629","districtCode":"26170","districtName":"동구"},"geometry":{"type":"Point","coordinates":[129.043103,35.129994]}},{"type":"Feature","properties":{"name":"박노춘 내과","name:en":"Bangnochun Internal Medicine Clinic","amenity":"hospital","osmType":"node","osmId":"368747642","districtCode":"26500","districtName":"수영구"},"geometry":{"type":"Point","coordinates":[129.111195,35.169693]}},{"type":"Feature","properties":{"name":"대신한의원","name:en":"Daesin Oriental Medicine Clinic","amenity":"hospital","osmType":"node","osmId":"368747649","districtCode":"26140","districtName":"서구"},"geometry":{"type":"Point","coordinates":[129.015478,35.111027]}},{"type":"Feature","properties":{"name":"태안한의원","name:en":"Taean Oriental Medicine Clinic","amenity":"hospital","osmType":"node","osmId":"368747651","districtCode":"26440","districtName":"강서구"},"geometry":{"type":"Point","coordinates":[128.9819151,35.212013]}},{"type":"Feature","properties":{"name":"조병우이비인후과","name:en":"Jobyeongu Ear, Nose, & Throat Clinic","amenity":"hospital","osmType":"node","osmId":"368747663","districtCode":"26500","districtName":"수영구"},"geometry":{"type":"Point","coordinates":[129.111318,35.151365]}},{"type":"Feature","properties":{"name":"대미안","name:en":"Daemian","amenity":"hospital","osmType":"node","osmId":"368747672","districtCode":"26470","districtName":"연제구"},"geometry":{"type":"Point","coordinates":[129.09489,35.173655]}},{"type":"Feature","properties":{"name":"메이저한의원","name:en":"Major Oriental Medicine Clinic","amenity":"hospital","osmType":"node","osmId":"368747682","districtCode":"26350","districtName":"해운대구"},"geometry":{"type":"Point","coordinates":[129.177497,35.168408]}},{"type":"Feature","properties":{"name":"서울메트로병원","name:en":"Seoul Metro Hospital","amenity":"hospital","osmType":"node","osmId":"368747690","districtCode":"26350","districtName":"해운대구"},"geometry":{"type":"Point","coordinates":[129.1261122,35.2047601]}},{"type":"Feature","properties":{"name":"경원한의원","name:en":"Gyeongwon Oriental Medicine Clinic","amenity":"hospital","osmType":"node","osmId":"368747795","districtCode":"26410","districtName":"금정구"},"geometry":{"type":"Point","coordinates":[129.092233,35.265341]}},{"type":"Feature","properties":{"name":"제일병원","name:en":"Jeil Hospital","amenity":"hospital","osmType":"node","osmId":"368747803","districtCode":"26410","districtName":"금정구"},"geometry":{"type":"Point","coordinates":[129.105298,35.214136]}},{"type":"Feature","properties":{"name":"인제요양병원","name:en":"Inje Hospital","amenity":"hospital","osmType":"node","osmId":"368747817","districtCode":"26200","districtName":"영도구"},"geometry":{"type":"Point","coordinates":[129.0393196,35.0920258]}},{"type":"Feature","properties":{"name":"성가병원","name:en":"Seongga Hospital","amenity":"hospital","osmType":"node","osmId":"368747829","districtCode":"26230","districtName":"부산진구"},"geometry":{"type":"Point","coordinates":[129.059102,35.1418]}},{"type":"Feature","properties":{"name":"세일병원","name:en":"Seil Hospital","amenity":"hospital","osmType":"node","osmId":"368747832","districtCode":"26170","districtName":"동구"},"geometry":{"type":"Point","coordinates":[129.036379,35.115457]}},{"type":"Feature","properties":{"name":"해양병원","name:en":"Haeyang Hospital","amenity":"hospital","osmType":"node","osmId":"368747839","districtCode":"26110","districtName":"중구"},"geometry":{"type":"Point","coordinates":[129.0384819,35.107967]}},{"type":"Feature","properties":{"name":"경희병원","name:en":"Gyeonghui Hospital","amenity":"hospital","osmType":"node","osmId":"368747843","districtCode":"26380","districtName":"사하구"},"geometry":{"type":"Point","coordinates":[128.976904,35.073256]}},{"type":"Feature","properties":{"name":"명동병원","name:en":"Myeongdong Hospital","amenity":"hospital","osmType":"node","osmId":"368747851","districtCode":"26260","districtName":"동래구"},"geometry":{"type":"Point","coordinates":[129.081937,35.216871]}},{"type":"Feature","properties":{"name":"동산병원","name:en":"Dongsan Hospital","amenity":"hospital","osmType":"node","osmId":"368747860","districtCode":"26380","districtName":"사하구"},"geometry":{"type":"Point","coordinates":[128.993299,35.100447]}},{"type":"Feature","properties":{"name":"영동병원","name:en":"Yeongdong Hospital","amenity":"hospital","osmType":"node","osmId":"368747866","districtCode":"26530","districtName":"사상구"},"geometry":{"type":"Point","coordinates":[128.986173,35.160815]}},{"type":"Feature","properties":{"name":"문화병원","name:en":"Munhwa Hospital","amenity":"hospital","osmType":"node","osmId":"368747870","districtCode":"26170","districtName":"동구"},"geometry":{"type":"Point","coordinates":[129.059164,35.140645]}},{"type":"Feature","properties":{"name":"새동래병원","name:en":"Saedongnae Hospital","amenity":"hospital","osmType":"node","osmId":"368747884","districtCode":"26410","districtName":"금정구"},"geometry":{"type":"Point","coordinates":[129.085745,35.222363]}},{"type":"Feature","properties":{"name":"부산진구보건소","name:en":"Busanjingu Public Health Center","amenity":"hospital","osmType":"node","osmId":"368747887","districtCode":"26230","districtName":"부산진구"},"geometry":{"type":"Point","coordinates":[129.059838,35.146102]}},{"type":"Feature","properties":{"name":"부산본병원","name:en":"Busanbon Hospital","amenity":"hospital","osmType":"node","osmId":"368747896","districtCode":"26380","districtName":"사하구"},"geometry":{"type":"Point","coordinates":[128.9698458,35.1063072]}},{"type":"Feature","properties":{"name":"새부산병원","name:en":"Saebusan Hospital","amenity":"hospital","osmType":"node","osmId":"368747901","districtCode":"26170","districtName":"동구"},"geometry":{"type":"Point","coordinates":[129.039297,35.118028]}},{"type":"Feature","properties":{"name":"부산탑병원","name:en":"Busantap Hospital","amenity":"hospital","osmType":"node","osmId":"368747905","districtCode":"26230","districtName":"부산진구"},"geometry":{"type":"Point","coordinates":[129.024777,35.153508]}},{"type":"Feature","properties":{"name":"바른길병원","name:en":"Bareungil Hospital","amenity":"hospital","osmType":"node","osmId":"368747908","districtCode":"26350","districtName":"해운대구"},"geometry":{"type":"Point","coordinates":[129.1217372,35.2058939]}},{"type":"Feature","properties":{"name":"엄궁유일병원","name:en":"Eomgungyuil Hospital","amenity":"hospital","osmType":"node","osmId":"368747913","districtCode":"26530","districtName":"사상구"},"geometry":{"type":"Point","coordinates":[128.972513,35.130933]}},{"type":"Feature","properties":{"name":"동래중앙병원","name:en":"Dongnaejungang Hospital","amenity":"hospital","osmType":"node","osmId":"368747919","districtCode":"26470","districtName":"연제구"},"geometry":{"type":"Point","coordinates":[129.082586,35.185521]}},{"type":"Feature","properties":{"name":"남부중앙병원","name:en":"Nambujungang Hospital","amenity":"hospital","osmType":"node","osmId":"368747925","districtCode":"26140","districtName":"서구"},"geometry":{"type":"Point","coordinates":[129.024526,35.092371]}},{"type":"Feature","properties":{"name":"본디올 영초당한의원","name:en":"Bondiol Yeongchodang Oriental Medicine Clinic","amenity":"hospital","osmType":"node","osmId":"368747935","districtCode":"26350","districtName":"해운대구"},"geometry":{"type":"Point","coordinates":[129.131354,35.1999625]}},{"type":"Feature","properties":{"name":"밝은현안과","name:en":"Balgeunhyeon Eye Clinic","amenity":"hospital","osmType":"node","osmId":"368747939","districtCode":"26260","districtName":"동래구"},"geometry":{"type":"Point","coordinates":[129.101952,35.204746]}},{"type":"Feature","properties":{"name":"창운외과","name:en":"Changun Surgery","amenity":"hospital","osmType":"node","osmId":"368747950","districtCode":"26320","districtName":"북구"},"geometry":{"type":"Point","coordinates":[129.0140974,35.2357016]}},{"type":"Feature","properties":{"name":"(사단)해양병원한마음메디칼의원 (( Sadan ) Haeyangbyeongwonhanmaeummedikal Clinic)","name:en":"( Sadan ) Haeyangbyeongwonhanmaeummedikal Clinic","amenity":"hospital","osmType":"node","osmId":"368747960","districtCode":"26530","districtName":"사상구"},"geometry":{"type":"Point","coordinates":[128.989172,35.140147]}},{"type":"Feature","properties":{"name":"시원피부비뇨기과","name:en":"Siwonpibu Urology","amenity":"hospital","osmType":"node","osmId":"368747963","districtCode":"26320","districtName":"북구"},"geometry":{"type":"Point","coordinates":[129.0133392,35.2343072]}},{"type":"Feature","properties":{"name":"(의료법인)제일병원해운대분원늘푸른의원 (( Uiryobeopin ) Jeilbyeongwonhaeundaebunwonneulpureun Clinic)","name:en":"( Uiryobeopin ) Jeilbyeongwonhaeundaebunwonneulpureun Clinic","amenity":"hospital","osmType":"node","osmId":"368747973","districtCode":"26350","districtName":"해운대구"},"geometry":{"type":"Point","coordinates":[129.123876,35.208781]}},{"type":"Feature","properties":{"name":"이내과의원","name:en":"I Internal Medicine Clinic","amenity":"hospital","osmType":"node","osmId":"368747985","districtCode":"26260","districtName":"동래구"},"geometry":{"type":"Point","coordinates":[129.099365,35.192861]}},{"type":"Feature","properties":{"name":"세흥내과의원","name:en":"Seheung Internal Medicine Clinic","amenity":"clinic","osmType":"node","osmId":"368747995","districtCode":"26230","districtName":"부산진구"},"geometry":{"type":"Point","coordinates":[129.0634505,35.1634453]}},{"type":"Feature","properties":{"name":"오케이학문외과의원","name:en":"OK Hangmunoegwa Clinic","amenity":"hospital","osmType":"node","osmId":"368747997","districtCode":"26320","districtName":"북구"},"geometry":{"type":"Point","coordinates":[129.006416,35.2105725]}},{"type":"Feature","properties":{"name":"다솜의원자갈치점","name:en":"Dasomuiwonjagalchijeom","amenity":"hospital","osmType":"node","osmId":"368748015","districtCode":"26140","districtName":"서구"},"geometry":{"type":"Point","coordinates":[129.0255967,35.0958377]}},{"type":"Feature","properties":{"name":"백상붕 의원","name:en":"Baeksangbung Clinic","amenity":"hospital","osmType":"node","osmId":"368748026","districtCode":"26470","districtName":"연제구"},"geometry":{"type":"Point","coordinates":[129.0839752,35.1920067]}},{"type":"Feature","properties":{"name":"7내과의원","name:en":"7 Internal Medicine Clinic","amenity":"hospital","osmType":"node","osmId":"368748031","districtCode":"26470","districtName":"연제구"},"geometry":{"type":"Point","coordinates":[129.081831,35.186573]}},{"type":"Feature","properties":{"name":"센텀척신경외과","name:en":"Senteomcheoksingyeong Surgery","amenity":"hospital","osmType":"node","osmId":"368748041","districtCode":"26350","districtName":"해운대구"},"geometry":{"type":"Point","coordinates":[129.132462,35.167449]}},{"type":"Feature","properties":{"name":"김향주소아청소년과의원","name:en":"Dr. Kim's Pediatric Clinic","amenity":"hospital","osmType":"node","osmId":"368748047","districtCode":"26500","districtName":"수영구"},"geometry":{"type":"Point","coordinates":[129.1053924,35.1735138]}},{"type":"Feature","properties":{"name":"평화소아과","name:en":"Pyeonghwasoagwa","amenity":"hospital","osmType":"node","osmId":"368748057","districtCode":"26110","districtName":"중구"},"geometry":{"type":"Point","coordinates":[129.031578,35.101939]}},{"type":"Feature","properties":{"name":"참한의원","name:en":"Cham Oriental Medicine Clinic","amenity":"hospital","osmType":"node","osmId":"368748060","districtCode":"26470","districtName":"연제구"},"geometry":{"type":"Point","coordinates":[129.0836559,35.1914872]}},{"type":"Feature","properties":{"name":"김용균내과의원","name:en":"Gimyonggyun Internal Medicine Clinic","amenity":"hospital","osmType":"node","osmId":"368748065","districtCode":"26260","districtName":"동래구"},"geometry":{"type":"Point","coordinates":[129.083781,35.200258]}},{"type":"Feature","properties":{"name":"김형동한의원","name:en":"Gimhyeongdong Oriental Medicine Clinic","amenity":"hospital","osmType":"node","osmId":"368748070","districtCode":"26410","districtName":"금정구"},"geometry":{"type":"Point","coordinates":[129.101226,35.215209]}},{"type":"Feature","properties":{"name":"정한의원","name:en":"Jeong Oriental Medicine Clinic","amenity":"hospital","osmType":"node","osmId":"368748074","districtCode":"26380","districtName":"사하구"},"geometry":{"type":"Point","coordinates":[128.983639,35.10259]}},{"type":"Feature","properties":{"name":"대티한의원","name:en":"Daeti Oriental Medicine Clinic","amenity":"hospital","osmType":"node","osmId":"368748080","districtCode":"26380","districtName":"사하구"},"geometry":{"type":"Point","coordinates":[128.9987392,35.1028527]}},{"type":"Feature","properties":{"name":"제일한방병원","name:en":"Jeil Oriental Medicine Hospital","amenity":"hospital","osmType":"node","osmId":"368748101","districtCode":"26410","districtName":"금정구"},"geometry":{"type":"Point","coordinates":[129.105298,35.214136]}},{"type":"Feature","properties":{"name":"삼선한방병원","name:en":"Samseon Oriental Medicine Hospital","amenity":"hospital","osmType":"node","osmId":"368748108","districtCode":"26530","districtName":"사상구"},"geometry":{"type":"Point","coordinates":[129.00156,35.149808]}},{"type":"Feature","properties":{"name":"항운병원","name:en":"Hangun Hospital","amenity":"hospital","osmType":"node","osmId":"368748119","districtCode":"26260","districtName":"동래구"},"geometry":{"type":"Point","coordinates":[129.0963302,35.1974248]}},{"type":"Feature","properties":{"name":"사상중앙한방병원","name:en":"Sasangjungang Oriental Medicine Hospital","amenity":"hospital","osmType":"node","osmId":"368748128","districtCode":"26530","districtName":"사상구"},"geometry":{"type":"Point","coordinates":[128.978136,35.178018]}},{"type":"Feature","properties":{"name":"좋은삼선한방병원","name:en":"Joheunsamseon Oriental Medicine Hospital","amenity":"hospital","osmType":"node","osmId":"368748132","districtCode":"26530","districtName":"사상구"},"geometry":{"type":"Point","coordinates":[129.00156,35.149808]}},{"type":"Feature","properties":{"name":"대한웰니스병원","name:en":"Daehanwelliseu Hospital","amenity":"hospital","osmType":"node","osmId":"368748140","districtCode":"26470","districtName":"연제구"},"geometry":{"type":"Point","coordinates":[129.0859805,35.1889871]}},{"type":"Feature","properties":{"name":"재천한의원","name:en":"Jaecheon Oriental Medicine Clinic","amenity":"hospital","osmType":"node","osmId":"368748152","districtCode":"26350","districtName":"해운대구"},"geometry":{"type":"Point","coordinates":[129.178653,35.169424]}},{"type":"Feature","properties":{"name":"청솔요양병원","name:en":"Cheongsolyoyang Hospital","amenity":"hospital","osmType":"node","osmId":"368748161","districtCode":"26230","districtName":"부산진구"},"geometry":{"type":"Point","coordinates":[129.069785,35.17314]}},{"type":"Feature","properties":{"name":"서린메디칼의원","name:en":"Seorinmedikal Clinic","amenity":"hospital","osmType":"node","osmId":"368748171","districtCode":"26320","districtName":"북구"},"geometry":{"type":"Point","coordinates":[129.0116653,35.2352472]}},{"type":"Feature","properties":{"name":"새부산간호학원","name:en":"Saebusanganho Academy","amenity":"hospital","osmType":"node","osmId":"368748187","districtCode":"26380","districtName":"사하구"},"geometry":{"type":"Point","coordinates":[128.980345,35.0670424]}},{"type":"Feature","properties":{"name":"위앤장내과","amenity":"hospital","osmType":"node","osmId":"368748203","districtCode":"26350","districtName":"해운대구"},"geometry":{"type":"Point","coordinates":[129.1755232,35.1704168]}},{"type":"Feature","properties":{"name":"인제대학교부속부산백병원정보기술센터","name:en":"Inje University Busokbusanbaekbyeongwonjeongbogisul Center","amenity":"hospital","osmType":"node","osmId":"368748209","districtCode":"26230","districtName":"부산진구"},"geometry":{"type":"Point","coordinates":[129.019756,35.145239]}},{"type":"Feature","properties":{"name":"서정민 성형외과","name:en":"Seojeongmin Plastic Surgery","amenity":"hospital","osmType":"node","osmId":"368748219","districtCode":"26140","districtName":"서구"},"geometry":{"type":"Point","coordinates":[129.012801,35.110094]}},{"type":"Feature","properties":{"name":"유병원","name:en":"Yu Hospital","amenity":"hospital","osmType":"node","osmId":"368748228","districtCode":"26530","districtName":"사상구"},"geometry":{"type":"Point","coordinates":[129.000952,35.149443]}},{"type":"Feature","properties":{"name":"남태수 류마티스내과","name:en":"Namtaesu Ryumatiseu Internal Medicine Clinic","amenity":"hospital","osmType":"node","osmId":"368748269","districtCode":"26500","districtName":"수영구"},"geometry":{"type":"Point","coordinates":[129.11486,35.166414]}},{"type":"Feature","properties":{"name":"초민한의원","name:en":"Chomin Oriental Medicine Clinic","amenity":"hospital","osmType":"node","osmId":"368748280","districtCode":"26140","districtName":"서구"},"geometry":{"type":"Point","coordinates":[129.020584,35.110524]}},{"type":"Feature","properties":{"name":"김양규 한의원","name:en":"Gimyanggyu Oriental Medicine Clinic","amenity":"hospital","osmType":"node","osmId":"368748296","districtCode":"26350","districtName":"해운대구"},"geometry":{"type":"Point","coordinates":[129.132877,35.195797]}},{"type":"Feature","properties":{"name":"구민부부한의원","name:en":"Guminbubu Oriental Medicine Clinic","amenity":"hospital","osmType":"node","osmId":"368748298","districtCode":"26320","districtName":"북구"},"geometry":{"type":"Point","coordinates":[129.0051209,35.2072743]}},{"type":"Feature","properties":{"name":"이환우산부인과","name:en":"Ihwanu Obstetrics & Gynecology Clinic","amenity":"hospital","osmType":"node","osmId":"368748307","districtCode":"26110","districtName":"중구"},"geometry":{"type":"Point","coordinates":[129.0286486,35.0980672]}},{"type":"Feature","properties":{"name":"여사랑한의원","name:en":"Yeosarang Oriental Medicine Clinic","amenity":"hospital","osmType":"node","osmId":"368748309","districtCode":"26170","districtName":"동구"},"geometry":{"type":"Point","coordinates":[129.059753,35.140784]}},{"type":"Feature","properties":{"name":"휴진단방사선과","name:en":"Hyu Radiology","amenity":"hospital","osmType":"node","osmId":"368748322","districtCode":"26230","districtName":"부산진구"},"geometry":{"type":"Point","coordinates":[129.050631,35.157262]}},{"type":"Feature","properties":{"name":"인창의료재단","name:en":"Inchanguiryojaedan","amenity":"hospital","osmType":"node","osmId":"368748343","districtCode":"26410","districtName":"금정구"},"geometry":{"type":"Point","coordinates":[129.085755,35.222291]}},{"type":"Feature","properties":{"name":"바르는 보톡스","name:en":"Bareuneun Botokseu","amenity":"hospital","osmType":"node","osmId":"368748352","districtCode":"26110","districtName":"중구"},"geometry":{"type":"Point","coordinates":[129.034997,35.100747]}},{"type":"Feature","properties":{"name":"김태환정형외과의원","name:en":"Gimtaehwanjeonghyeongoegwa Clinic","amenity":"hospital","osmType":"node","osmId":"368748355","districtCode":"26260","districtName":"동래구"},"geometry":{"type":"Point","coordinates":[129.083488,35.202992]}},{"type":"Feature","properties":{"name":"동래성모안과원","name:en":"Dongnaeseongmo Eye Won","amenity":"hospital","osmType":"node","osmId":"368845655","districtCode":"26260","districtName":"동래구"},"geometry":{"type":"Point","coordinates":[129.060652,35.197705]}},{"type":"Feature","properties":{"amenity":"pharmacy","osmType":"node","osmId":"1764013203","districtCode":"26320","districtName":"북구"},"geometry":{"type":"Point","coordinates":[129.0163468,35.2630599]}},{"type":"Feature","properties":{"amenity":"hospital","osmType":"node","osmId":"1764024360","districtCode":"26320","districtName":"북구"},"geometry":{"type":"Point","coordinates":[129.0163013,35.2630894]}},{"type":"Feature","properties":{"name":"북구보건소","name:en":"Bukgu Public Health Center","amenity":"hospital","osmType":"node","osmId":"1770185393","districtCode":"26320","districtName":"북구"},"geometry":{"type":"Point","coordinates":[129.0147305,35.2392477]}},{"type":"Feature","properties":{"amenity":"pharmacy","osmType":"node","osmId":"1789948803","districtCode":"26500","districtName":"수영구"},"geometry":{"type":"Point","coordinates":[129.1139812,35.1639812]}},{"type":"Feature","properties":{"name":"성분도치과","amenity":"hospital","osmType":"node","osmId":"2362916218","districtCode":"26500","districtName":"수영구"},"geometry":{"type":"Point","coordinates":[129.1108561,35.1508148]}},{"type":"Feature","properties":{"name":"센텀이루다 요양병원","amenity":"clinic","osmType":"node","osmId":"4208764040","districtCode":"26350","districtName":"해운대구"},"geometry":{"type":"Point","coordinates":[129.1324512,35.1659278]}},{"type":"Feature","properties":{"name":"갤러리안과의원 (Gallery Eye Clinic)","name:en":"Gallery Eye Clinic","amenity":"hospital","osmType":"node","osmId":"4459823789","districtCode":"26410","districtName":"금정구"},"geometry":{"type":"Point","coordinates":[129.085848,35.2314424]}},{"type":"Feature","properties":{"amenity":"pharmacy","osmType":"node","osmId":"4539681029","districtCode":"26290","districtName":"남구"},"geometry":{"type":"Point","coordinates":[129.0729307,35.1365418]}},{"type":"Feature","properties":{"name":"나눔과행복병원","amenity":"hospital","osmType":"node","osmId":"4574621593","districtCode":"26350","districtName":"해운대구"},"geometry":{"type":"Point","coordinates":[129.1688563,35.1657485]}},{"type":"Feature","properties":{"name":"범어연합치과","amenity":"hospital","osmType":"node","osmId":"4631042223","districtCode":"26410","districtName":"금정구"},"geometry":{"type":"Point","coordinates":[129.0929389,35.2720134]}},{"type":"Feature","properties":{"name":"자매정신요양원","amenity":"hospital","osmType":"node","osmId":"4631153368","districtCode":"26380","districtName":"사하구"},"geometry":{"type":"Point","coordinates":[128.9983409,35.1033593]}},{"type":"Feature","properties":{"name":"한빛약국","amenity":"pharmacy","osmType":"node","osmId":"4631153373","districtCode":"26380","districtName":"사하구"},"geometry":{"type":"Point","coordinates":[128.9992238,35.102531]}},{"type":"Feature","properties":{"name":"손동훈정형외과","amenity":"hospital","osmType":"node","osmId":"4633750133","districtCode":"26410","districtName":"금정구"},"geometry":{"type":"Point","coordinates":[129.0923808,35.2718293]}},{"type":"Feature","properties":{"name":"위드이비인후과/안과","amenity":"hospital","osmType":"node","osmId":"4633750773","districtCode":"26410","districtName":"금정구"},"geometry":{"type":"Point","coordinates":[129.0923876,35.2719475]}},{"type":"Feature","properties":{"name":"정성모한의원","amenity":"hospital","osmType":"node","osmId":"4633751419","districtCode":"26410","districtName":"금정구"},"geometry":{"type":"Point","coordinates":[129.0923862,35.2719147]}},{"type":"Feature","properties":{"name":"푸른내과","amenity":"hospital","osmType":"node","osmId":"4633756224","districtCode":"26410","districtName":"금정구"},"geometry":{"type":"Point","coordinates":[129.0924144,35.2711643]}},{"type":"Feature","properties":{"name":"구포 부민병원","amenity":"hospital","osmType":"node","osmId":"4634153428","districtCode":"26320","districtName":"북구"},"geometry":{"type":"Point","coordinates":[128.9906515,35.1982332]}},{"type":"Feature","properties":{"name":"함내과의원","amenity":"hospital","osmType":"node","osmId":"4636821564","districtCode":"26350","districtName":"해운대구"},"geometry":{"type":"Point","coordinates":[129.1253545,35.1853162]}},{"type":"Feature","properties":{"name":"참조은의원","amenity":"hospital","osmType":"node","osmId":"4641637796","districtCode":"26320","districtName":"북구"},"geometry":{"type":"Point","coordinates":[129.0335746,35.2038373]}},{"type":"Feature","properties":{"name":"고운맘의원","amenity":"hospital","osmType":"node","osmId":"4641637803","districtCode":"26320","districtName":"북구"},"geometry":{"type":"Point","coordinates":[129.0336393,35.204056]}},{"type":"Feature","properties":{"name":"동래 봉생병원","amenity":"hospital","osmType":"node","osmId":"4646915098","districtCode":"26260","districtName":"동래구"},"geometry":{"type":"Point","coordinates":[129.095961,35.1967511]}},{"type":"Feature","properties":{"name":"미래병원","amenity":"hospital","osmType":"node","osmId":"4646915099","districtCode":"26260","districtName":"동래구"},"geometry":{"type":"Point","coordinates":[129.0974157,35.1977547]}},{"type":"Feature","properties":{"name":"좋은애인병원","amenity":"hospital","osmType":"node","osmId":"4646915100","districtCode":"26260","districtName":"동래구"},"geometry":{"type":"Point","coordinates":[129.0956295,35.1965469]}},{"type":"Feature","properties":{"name":"원병원","amenity":"hospital","osmType":"node","osmId":"4648166187","districtCode":"26380","districtName":"사하구"},"geometry":{"type":"Point","coordinates":[128.9708139,35.0559059]}},{"type":"Feature","properties":{"name":"수 동물병원","amenity":"hospital","osmType":"node","osmId":"4673962535","districtCode":"26410","districtName":"금정구"},"geometry":{"type":"Point","coordinates":[129.0866002,35.2384817]}},{"type":"Feature","properties":{"name":"이석희 내과","amenity":"hospital","osmType":"node","osmId":"4673962540","districtCode":"26410","districtName":"금정구"},"geometry":{"type":"Point","coordinates":[129.0863378,35.2383483]}},{"type":"Feature","properties":{"name":"백보한의원","amenity":"hospital","osmType":"node","osmId":"4673962546","districtCode":"26410","districtName":"금정구"},"geometry":{"type":"Point","coordinates":[129.0863291,35.2378722]}},{"type":"Feature","properties":{"name":"장전동물병원","amenity":"hospital","osmType":"node","osmId":"4673962547","districtCode":"26410","districtName":"금정구"},"geometry":{"type":"Point","coordinates":[129.0863641,35.2377912]}},{"type":"Feature","properties":{"name":"내성한의원","amenity":"hospital","osmType":"node","osmId":"4673996256","districtCode":"26410","districtName":"금정구"},"geometry":{"type":"Point","coordinates":[129.085891,35.2375062]}},{"type":"Feature","properties":{"name":"주안치과의원","amenity":"hospital","osmType":"node","osmId":"4673996262","districtCode":"26410","districtName":"금정구"},"geometry":{"type":"Point","coordinates":[129.0866307,35.2378877]}},{"type":"Feature","properties":{"name":"신현성 내과의원","amenity":"hospital","osmType":"node","osmId":"4673996269","districtCode":"26410","districtName":"금정구"},"geometry":{"type":"Point","coordinates":[129.0869899,35.2379109]}},{"type":"Feature","properties":{"name":"동경한의원","amenity":"hospital","osmType":"node","osmId":"4673996282","districtCode":"26410","districtName":"금정구"},"geometry":{"type":"Point","coordinates":[129.0876765,35.2378111]}},{"type":"Feature","properties":{"name":"김철수 이비인후과","amenity":"hospital","osmType":"node","osmId":"4673996287","districtCode":"26410","districtName":"금정구"},"geometry":{"type":"Point","coordinates":[129.0876659,35.2376969]}},{"type":"Feature","properties":{"name":"최내과의원","amenity":"hospital","osmType":"node","osmId":"4673997593","districtCode":"26410","districtName":"금정구"},"geometry":{"type":"Point","coordinates":[129.0865979,35.2365908]}},{"type":"Feature","properties":{"name":"세종약국","amenity":"pharmacy","osmType":"node","osmId":"4677812391","districtCode":"26260","districtName":"동래구"},"geometry":{"type":"Point","coordinates":[129.1062167,35.2039325]}},{"type":"Feature","properties":{"name":"박영내과의원","amenity":"hospital","osmType":"node","osmId":"4719622328","districtCode":"26350","districtName":"해운대구"},"geometry":{"type":"Point","coordinates":[129.1308271,35.1970386]}},{"type":"Feature","properties":{"name":"행복한 약국","name:en":"Haengbokhan","amenity":"pharmacy","osmType":"node","osmId":"4737448089","districtCode":"26230","districtName":"부산진구"},"geometry":{"type":"Point","coordinates":[129.0496084,35.1634334]}},{"type":"Feature","properties":{"name":"라파요양원","amenity":"hospital","osmType":"node","osmId":"4837729127","districtCode":"26380","districtName":"사하구"},"geometry":{"type":"Point","coordinates":[128.9711259,35.0578066]}},{"type":"Feature","properties":{"name":"멸공","amenity":"pharmacy","osmType":"node","osmId":"4850540622","districtCode":"26470","districtName":"연제구"},"geometry":{"type":"Point","coordinates":[129.0829684,35.1936244]}},{"type":"Feature","properties":{"name:en":"Purun Hospital","amenity":"hospital","osmType":"node","osmId":"4881006823","districtCode":"26410","districtName":"금정구"},"geometry":{"type":"Point","coordinates":[129.0881245,35.2603438]}},{"type":"Feature","properties":{"name":"화생약국","amenity":"pharmacy","osmType":"node","osmId":"4929217428","districtCode":"26200","districtName":"영도구"},"geometry":{"type":"Point","coordinates":[129.0397741,35.0861474]}},{"type":"Feature","properties":{"name:en":"Himchan Hospital Busan","amenity":"hospital","osmType":"node","osmId":"5000804121","districtCode":"26260","districtName":"동래구"},"geometry":{"type":"Point","coordinates":[129.0876332,35.2013067]}},{"type":"Feature","properties":{"name":"여동승내과의원","amenity":"hospital","osmType":"node","osmId":"5535361972","districtCode":"26470","districtName":"연제구"},"geometry":{"type":"Point","coordinates":[129.085975,35.1749331]}},{"type":"Feature","properties":{"name":"등대약국","name:en":"Dūngdae Pharmacy","amenity":"pharmacy","osmType":"node","osmId":"5591899822","districtCode":"26140","districtName":"서구"},"geometry":{"type":"Point","coordinates":[129.0247699,35.0845342]}},{"type":"Feature","properties":{"name":"무송도","name:en":"New Songdo Pharmacy","amenity":"pharmacy","osmType":"node","osmId":"5591899823","districtCode":"26140","districtName":"서구"},"geometry":{"type":"Point","coordinates":[129.0161059,35.076142]}},{"type":"Feature","properties":{"amenity":"pharmacy","osmType":"node","osmId":"5600320621","districtCode":"26110","districtName":"중구"},"geometry":{"type":"Point","coordinates":[129.028893,35.0993189]}},{"type":"Feature","properties":{"name":"스마트 약국","amenity":"pharmacy","osmType":"node","osmId":"6223125693","districtCode":"26710","districtName":"기장군"},"geometry":{"type":"Point","coordinates":[129.1890964,35.3248644]}},{"type":"Feature","properties":{"name:en":"Jeil Daedong pharmacy","amenity":"pharmacy","osmType":"node","osmId":"6259092485","districtCode":"26110","districtName":"중구"},"geometry":{"type":"Point","coordinates":[129.0318284,35.0982382]}},{"type":"Feature","properties":{"name":"연산약국","amenity":"pharmacy","osmType":"node","osmId":"6570429010","districtCode":"26470","districtName":"연제구"},"geometry":{"type":"Point","coordinates":[129.0830912,35.1874311]}},{"type":"Feature","properties":{"name":"일신기독병원","name:en":"ILSHIN CHRISTIAN HOSPITAL","amenity":"hospital","osmType":"node","osmId":"6615528886","districtCode":"26170","districtName":"동구"},"geometry":{"type":"Point","coordinates":[129.0545785,35.1354796]}},{"type":"Feature","properties":{"name":"미소약국","amenity":"pharmacy","osmType":"node","osmId":"7922886485","districtCode":"26110","districtName":"중구"},"geometry":{"type":"Point","coordinates":[129.0343215,35.112406]}},{"type":"Feature","properties":{"name":"부산의료원","amenity":"hospital","osmType":"node","osmId":"8051643785","districtCode":"26470","districtName":"연제구"},"geometry":{"type":"Point","coordinates":[129.0592581,35.1873072]}},{"type":"Feature","properties":{"name":"부민약국","amenity":"pharmacy","osmType":"node","osmId":"8110759617","districtCode":"26230","districtName":"부산진구"},"geometry":{"type":"Point","coordinates":[129.057296,35.1558074]}},{"type":"Feature","properties":{"name":"문 내과&소아과","amenity":"hospital","osmType":"node","osmId":"8173522142","districtCode":"26350","districtName":"해운대구"},"geometry":{"type":"Point","coordinates":[129.1303942,35.1945838]}},{"type":"Feature","properties":{"name":"금남한의원","amenity":"hospital","osmType":"node","osmId":"8178385130","districtCode":"26320","districtName":"북구"},"geometry":{"type":"Point","coordinates":[129.0054461,35.1994529]}},{"type":"Feature","properties":{"name":"정관보건소","amenity":"hospital","osmType":"node","osmId":"8364187390","districtCode":"26710","districtName":"기장군"},"geometry":{"type":"Point","coordinates":[129.1801872,35.3256171]}},{"type":"Feature","properties":{"name":"지성근약국","amenity":"pharmacy","osmType":"node","osmId":"8364881941","districtCode":"26350","districtName":"해운대구"},"geometry":{"type":"Point","coordinates":[129.1298764,35.1960971]}},{"type":"Feature","properties":{"name":"사직부산아동병원","amenity":"hospital","osmType":"node","osmId":"8380063096","districtCode":"26260","districtName":"동래구"},"geometry":{"type":"Point","coordinates":[129.0651955,35.2008829]}},{"type":"Feature","properties":{"name":"질병관리청 경남권역센터","amenity":"hospital","osmType":"node","osmId":"8625838386","districtCode":"26470","districtName":"연제구"},"geometry":{"type":"Point","coordinates":[129.080951,35.1848419]}},{"type":"Feature","properties":{"name":"온누리마취통증의학과의원","amenity":"clinic","osmType":"node","osmId":"8889107029","districtCode":"26290","districtName":"남구"},"geometry":{"type":"Point","coordinates":[129.1120634,35.1191009]}},{"type":"Feature","properties":{"name":"조안과의원","amenity":"clinic","osmType":"node","osmId":"8889107030","districtCode":"26290","districtName":"남구"},"geometry":{"type":"Point","coordinates":[129.1121484,35.1192837]}},{"type":"Feature","properties":{"name":"메디컬 안과의원","amenity":"clinic","osmType":"node","osmId":"8889107032","districtCode":"26290","districtName":"남구"},"geometry":{"type":"Point","coordinates":[129.1119125,35.1198172]}},{"type":"Feature","properties":{"name":"시민약국","amenity":"pharmacy","osmType":"node","osmId":"8889107033","districtCode":"26290","districtName":"남구"},"geometry":{"type":"Point","coordinates":[129.111785,35.1198073]}},{"type":"Feature","properties":{"name":"하나로약국","amenity":"pharmacy","osmType":"node","osmId":"8889107034","districtCode":"26290","districtName":"남구"},"geometry":{"type":"Point","coordinates":[129.1119281,35.1203331]}},{"type":"Feature","properties":{"name":"오렌지약국","amenity":"pharmacy","osmType":"node","osmId":"9175691410","districtCode":"26320","districtName":"북구"},"geometry":{"type":"Point","coordinates":[129.0136842,35.2528305]}},{"type":"Feature","properties":{"name":"우리약국","amenity":"pharmacy","osmType":"node","osmId":"9267564997","districtCode":"26230","districtName":"부산진구"},"geometry":{"type":"Point","coordinates":[129.0594957,35.1466466]}},{"type":"Feature","properties":{"name":"행복약국","amenity":"pharmacy","osmType":"node","osmId":"9267564998","districtCode":"26230","districtName":"부산진구"},"geometry":{"type":"Point","coordinates":[129.0598238,35.1469847]}},{"type":"Feature","properties":{"name":"해인약국","amenity":"pharmacy","osmType":"node","osmId":"9267564999","districtCode":"26230","districtName":"부산진구"},"geometry":{"type":"Point","coordinates":[129.0611056,35.1477977]}},{"type":"Feature","properties":{"name":"보담약국","amenity":"pharmacy","osmType":"node","osmId":"9267565000","districtCode":"26230","districtName":"부산진구"},"geometry":{"type":"Point","coordinates":[129.05982,35.1460149]}},{"type":"Feature","properties":{"name":"범천약국","amenity":"pharmacy","osmType":"node","osmId":"9267565001","districtCode":"26230","districtName":"부산진구"},"geometry":{"type":"Point","coordinates":[129.0603338,35.1448058]}},{"type":"Feature","properties":{"name":"범내골약국","amenity":"pharmacy","osmType":"node","osmId":"9267588919","districtCode":"26230","districtName":"부산진구"},"geometry":{"type":"Point","coordinates":[129.0589256,35.1467285]}},{"type":"Feature","properties":{"name":"센텀필약국","amenity":"pharmacy","osmType":"node","osmId":"9277863035","districtCode":"26350","districtName":"해운대구"},"geometry":{"type":"Point","coordinates":[129.1267468,35.1761547]}},{"type":"Feature","properties":{"name":"메디칼약국","amenity":"pharmacy","osmType":"node","osmId":"9859456964","districtCode":"26710","districtName":"기장군"},"geometry":{"type":"Point","coordinates":[129.2170221,35.2449423]}},{"type":"Feature","properties":{"name":"세민약국","amenity":"pharmacy","osmType":"node","osmId":"10292531625","districtCode":"26320","districtName":"북구"},"geometry":{"type":"Point","coordinates":[129.0005344,35.2037209]}},{"type":"Feature","properties":{"name":"약손금손","amenity":"clinic","osmType":"node","osmId":"10690532108","districtCode":"26260","districtName":"동래구"},"geometry":{"type":"Point","coordinates":[129.0652966,35.1975541]}},{"type":"Feature","properties":{"name":"수아에스테틱","amenity":"clinic","osmType":"node","osmId":"10690533515","districtCode":"26260","districtName":"동래구"},"geometry":{"type":"Point","coordinates":[129.0776739,35.2050576]}},{"type":"Feature","properties":{"name":"부산광역시의료원 노인전문제2병원","amenity":"hospital","operator":"부산광역시","osmType":"node","osmId":"10772822714","districtCode":"26470","districtName":"연제구"},"geometry":{"type":"Point","coordinates":[129.0601628,35.1874598]}},{"type":"Feature","properties":{"name":"오성병원","amenity":"hospital","operator":"개인","osmType":"node","osmId":"10772880110","districtCode":"26230","districtName":"부산진구"},"geometry":{"type":"Point","coordinates":[129.0703581,35.1713931]}},{"type":"Feature","properties":{"name":"양정이화약국","amenity":"pharmacy","operator":"개","osmType":"node","osmId":"10772880116","districtCode":"26230","districtName":"부산진구"},"geometry":{"type":"Point","coordinates":[129.0704147,35.1716027]}},{"type":"Feature","properties":{"name":"우리약국","amenity":"pharmacy","operator":"개인","osmType":"node","osmId":"10772880117","districtCode":"26140","districtName":"서구"},"geometry":{"type":"Point","coordinates":[129.01938,35.0996983]}},{"type":"Feature","properties":{"name":"부산대학교병원 응급실","amenity":"hospital","operator":"대한민국","osmType":"node","osmId":"10772880126","districtCode":"26140","districtName":"서구"},"geometry":{"type":"Point","coordinates":[129.0187715,35.100057]}},{"type":"Feature","properties":{"name":"부산대학교병원 권역외상센터응급실","amenity":"hospital","operator":"대한민국","osmType":"node","osmId":"10772880127","districtCode":"26140","districtName":"서구"},"geometry":{"type":"Point","coordinates":[129.0178424,35.1005905]}},{"type":"Feature","properties":{"name":"뉴페이스의원","amenity":"clinic","osmType":"node","osmId":"10942229305","districtCode":"26230","districtName":"부산진구"},"geometry":{"type":"Point","coordinates":[129.0621041,35.1552718]}},{"type":"Feature","properties":{"name":"바노바기의원 부산점","name:en":"Banobagi Clinic","amenity":"clinic","osmType":"node","osmId":"10943135705","districtCode":"26230","districtName":"부산진구"},"geometry":{"type":"Point","coordinates":[129.0581504,35.1574464]}},{"type":"Feature","properties":{"name":"미소약국","amenity":"pharmacy","osmType":"node","osmId":"11538531431","districtCode":"26320","districtName":"북구"},"geometry":{"type":"Point","coordinates":[129.0370375,35.2096695]}},{"type":"Feature","properties":{"name":"대영약국","amenity":"pharmacy","osmType":"node","osmId":"12020267831","districtCode":"26710","districtName":"기장군"},"geometry":{"type":"Point","coordinates":[129.2164323,35.2433368]}},{"type":"Feature","properties":{"name":"시장약국","amenity":"pharmacy","osmType":"node","osmId":"12020277917","districtCode":"26710","districtName":"기장군"},"geometry":{"type":"Point","coordinates":[129.2157292,35.2429582]}},{"type":"Feature","properties":{"name":"진약국","amenity":"pharmacy","osmType":"node","osmId":"12020295921","districtCode":"26710","districtName":"기장군"},"geometry":{"type":"Point","coordinates":[129.214844,35.2450333]}},{"type":"Feature","properties":{"name":"청남한의원","amenity":"hospital","operator":"한의사","osmType":"node","osmId":"12151186001","districtCode":"26530","districtName":"사상구"},"geometry":{"type":"Point","coordinates":[128.9779417,35.1383203]}},{"type":"Feature","properties":{"name":"밝은미소약국","amenity":"pharmacy","osmType":"node","osmId":"12393069011","districtCode":"26320","districtName":"북구"},"geometry":{"type":"Point","coordinates":[129.008993,35.2235185]}},{"type":"Feature","properties":{"name":"수정약국","amenity":"pharmacy","osmType":"node","osmId":"12393069012","districtCode":"26320","districtName":"북구"},"geometry":{"type":"Point","coordinates":[129.0089125,35.223329]}},{"type":"Feature","properties":{"name":"일신내과의원","name:en":"ILSHIN INT. MEDICINE CLINIC","amenity":"clinic","osmType":"node","osmId":"12593061016","districtCode":"26200","districtName":"영도구"},"geometry":{"type":"Point","coordinates":[129.0430844,35.0844992]}},{"type":"Feature","properties":{"name":"아름다운약국","amenity":"pharmacy","osmType":"node","osmId":"12686444311","districtCode":"26470","districtName":"연제구"},"geometry":{"type":"Point","coordinates":[129.0889472,35.1740377]}},{"type":"Feature","properties":{"name":"연산삼보약국","amenity":"pharmacy","osmType":"node","osmId":"12686934283","districtCode":"26470","districtName":"연제구"},"geometry":{"type":"Point","coordinates":[129.0868484,35.1744415]}},{"type":"Feature","properties":{"name":"명신약국","amenity":"pharmacy","osmType":"node","osmId":"12686934297","districtCode":"26200","districtName":"영도구"},"geometry":{"type":"Point","coordinates":[129.0720114,35.075792]}},{"type":"Feature","properties":{"name":"다사랑약국","amenity":"pharmacy","osmType":"node","osmId":"12741134036","districtCode":"26320","districtName":"북구"},"geometry":{"type":"Point","coordinates":[129.0182528,35.2628123]}},{"type":"Feature","properties":{"name":"무성약국","amenity":"pharmacy","osmType":"node","osmId":"12963469815","districtCode":"26710","districtName":"기장군"},"geometry":{"type":"Point","coordinates":[129.2222879,35.2603167]}},{"type":"Feature","properties":{"name":"무지개약국","amenity":"pharmacy","osmType":"node","osmId":"12963631708","districtCode":"26710","districtName":"기장군"},"geometry":{"type":"Point","coordinates":[129.2255901,35.2657617]}},{"type":"Feature","properties":{"name":"하나약국","amenity":"pharmacy","osmType":"node","osmId":"12963636429","districtCode":"26350","districtName":"해운대구"},"geometry":{"type":"Point","coordinates":[129.1750839,35.177713]}},{"type":"Feature","properties":{"name":"장산약국","amenity":"pharmacy","osmType":"node","osmId":"12963636430","districtCode":"26350","districtName":"해운대구"},"geometry":{"type":"Point","coordinates":[129.1750284,35.1777309]}},{"type":"Feature","properties":{"name":"수정약국","amenity":"pharmacy","osmType":"node","osmId":"12963636431","districtCode":"26350","districtName":"해운대구"},"geometry":{"type":"Point","coordinates":[129.1749297,35.1776708]}},{"type":"Feature","properties":{"name":"해운대신대학약국","amenity":"pharmacy","osmType":"node","osmId":"12963678830","districtCode":"26350","districtName":"해운대구"},"geometry":{"type":"Point","coordinates":[129.1811039,35.1737341]}},{"type":"Feature","properties":{"name":"동양약국","amenity":"pharmacy","osmType":"node","osmId":"12963678831","districtCode":"26350","districtName":"해운대구"},"geometry":{"type":"Point","coordinates":[129.1817811,35.1741011]}},{"type":"Feature","properties":{"name":"백일약국","amenity":"pharmacy","osmType":"node","osmId":"12963678832","districtCode":"26350","districtName":"해운대구"},"geometry":{"type":"Point","coordinates":[129.1818845,35.1741856]}},{"type":"Feature","properties":{"name":"메디팜","amenity":"pharmacy","osmType":"node","osmId":"12963678833","districtCode":"26350","districtName":"해운대구"},"geometry":{"type":"Point","coordinates":[129.1819567,35.1742758]}},{"type":"Feature","properties":{"name":"토마토약국","amenity":"pharmacy","osmType":"node","osmId":"12963678834","districtCode":"26350","districtName":"해운대구"},"geometry":{"type":"Point","coordinates":[129.1819763,35.1743491]}},{"type":"Feature","properties":{"name":"부산태흥당한방병원","amenity":"hospital","osmType":"node","osmId":"13271514452","districtCode":"26170","districtName":"동구"},"geometry":{"type":"Point","coordinates":[129.0645903,35.1374113]}},{"type":"Feature","properties":{"name:en":"Haeundae Pharmacy","amenity":"pharmacy","osmType":"node","osmId":"13455868307","districtCode":"26350","districtName":"해운대구"},"geometry":{"type":"Point","coordinates":[129.1630881,35.1623983]}},{"type":"Feature","properties":{"name":"광덕안정한의원 부산남포동점","amenity":"hospital","osmType":"node","osmId":"13489284595","districtCode":"26110","districtName":"중구"},"geometry":{"type":"Point","coordinates":[129.0254771,35.0982836]}},{"type":"Feature","properties":{"name":"초량한의원","name:en":"Choryang Korean Medicine Clinic","amenity":"clinic","osmType":"node","osmId":"14048076580","districtCode":"26170","districtName":"동구"},"geometry":{"type":"Point","coordinates":[129.0390072,35.1186573]}},{"type":"Feature","properties":{"name":"부일약국","amenity":"pharmacy","osmType":"node","osmId":"14141692148","districtCode":"26170","districtName":"동구"},"geometry":{"type":"Point","coordinates":[129.040727,35.1174328]}},{"type":"Feature","properties":{"name":"미보약국","amenity":"pharmacy","osmType":"node","osmId":"14143484493","districtCode":"26170","districtName":"동구"},"geometry":{"type":"Point","coordinates":[129.0399692,35.1162908]}},{"type":"Feature","properties":{"name":"우리약국","amenity":"pharmacy","osmType":"node","osmId":"14148057807","districtCode":"26170","districtName":"동구"},"geometry":{"type":"Point","coordinates":[129.0439979,35.121988]}}]}