{"type":"FeatureCollection","features":[{"type":"Feature","properties":{"name":"세흥의원;부전역","name:en":"Seheung Clinic","amenity":"clinic","highway":"bus_stop","osmType":"node","osmId":"368748279","districtCode":"26230","districtName":"부산진구"},"geometry":{"type":"Point","coordinates":[129.0634746,35.1633817]}},{"type":"Feature","properties":{"highway":"bus_stop","osmType":"node","osmId":"368900590","districtCode":"26320","districtName":"북구"},"geometry":{"type":"Point","coordinates":[129.0067633,35.1948333]}},{"type":"Feature","properties":{"name":"MBC방송국","highway":"bus_stop","osmType":"node","osmId":"368906759","districtCode":"26500","districtName":"수영구"},"geometry":{"type":"Point","coordinates":[129.125454,35.159203]}},{"type":"Feature","properties":{"name":"해운대온천사거리","name:en":"Haeundae Hot Spring Crossroad","highway":"bus_stop","osmType":"node","osmId":"414663530","districtCode":"26350","districtName":"해운대구"},"geometry":{"type":"Point","coordinates":[129.16384,35.16129]}},{"type":"Feature","properties":{"name":"암남동주민센터","highway":"bus_stop","osmType":"node","osmId":"436876258","districtCode":"26140","districtName":"서구"},"geometry":{"type":"Point","coordinates":[129.0215418,35.0796725]}},{"type":"Feature","properties":{"name":"금성동주민센터","highway":"bus_stop","osmType":"node","osmId":"1708234053","districtCode":"26410","districtName":"금정구"},"geometry":{"type":"Point","coordinates":[129.0565299,35.2501766]}},{"type":"Feature","properties":{"name":"마을회관","highway":"bus_stop","osmType":"node","osmId":"1708234794","districtCode":"26410","districtName":"금정구"},"geometry":{"type":"Point","coordinates":[129.0545573,35.2511798]}},{"type":"Feature","properties":{"name":"금곡주차장","highway":"bus_stop","osmType":"node","osmId":"1764012942","districtCode":"26320","districtName":"북구"},"geometry":{"type":"Point","coordinates":[129.0180078,35.2678766]}},{"type":"Feature","properties":{"highway":"bus_stop","osmType":"node","osmId":"1764397931","districtCode":"26320","districtName":"북구"},"geometry":{"type":"Point","coordinates":[129.0330556,35.2155201]}},{"type":"Feature","properties":{"name":"금곡주공1단지","highway":"bus_stop","osmType":"node","osmId":"1770164477","districtCode":"26320","districtName":"북구"},"geometry":{"type":"Point","coordinates":[129.0195631,35.2669868]}},{"type":"Feature","properties":{"name":"부산은행","highway":"bus_stop","osmType":"node","osmId":"1770164478","districtCode":"26320","districtName":"북구"},"geometry":{"type":"Point","coordinates":[129.0175093,35.266291]}},{"type":"Feature","properties":{"name":"유림아파트","highway":"bus_stop","osmType":"node","osmId":"1770164479","districtCode":"26320","districtName":"북구"},"geometry":{"type":"Point","coordinates":[129.016838,35.262059]}},{"type":"Feature","properties":{"name":"금곡주공3단지","highway":"bus_stop","osmType":"node","osmId":"1770164480","districtCode":"26320","districtName":"북구"},"geometry":{"type":"Point","coordinates":[129.0207199,35.265242]}},{"type":"Feature","properties":{"name":"새마을금고","highway":"bus_stop","osmType":"node","osmId":"1770164481","districtCode":"26320","districtName":"북구"},"geometry":{"type":"Point","coordinates":[129.0167181,35.2647799]}},{"type":"Feature","properties":{"name":"새마을금고","highway":"bus_stop","osmType":"node","osmId":"1770164482","districtCode":"26320","districtName":"북구"},"geometry":{"type":"Point","coordinates":[129.0167803,35.2642254]}},{"type":"Feature","properties":{"name":"금곡화목아파트","highway":"bus_stop","osmType":"node","osmId":"1770164483","districtCode":"26320","districtName":"북구"},"geometry":{"type":"Point","coordinates":[129.0192586,35.2633473]}},{"type":"Feature","properties":{"name":"유림아파트","highway":"bus_stop","osmType":"node","osmId":"1770164484","districtCode":"26320","districtName":"북구"},"geometry":{"type":"Point","coordinates":[129.0171506,35.2619222]}},{"type":"Feature","properties":{"name":"금곡화목아파트","highway":"bus_stop","osmType":"node","osmId":"1770164485","districtCode":"26320","districtName":"북구"},"geometry":{"type":"Point","coordinates":[129.0188961,35.2631812]}},{"type":"Feature","properties":{"name":"부산은행","highway":"bus_stop","osmType":"node","osmId":"1770164487","districtCode":"26320","districtName":"북구"},"geometry":{"type":"Point","coordinates":[129.0173016,35.2662242]}},{"type":"Feature","properties":{"name":"금곡주공1단지","highway":"bus_stop","osmType":"node","osmId":"1770164488","districtCode":"26320","districtName":"북구"},"geometry":{"type":"Point","coordinates":[129.0188171,35.2671672]}},{"type":"Feature","properties":{"name":"유림2차아파트","highway":"bus_stop","osmType":"node","osmId":"1770164489","districtCode":"26320","districtName":"북구"},"geometry":{"type":"Point","coordinates":[129.0164176,35.2629469]}},{"type":"Feature","properties":{"name":"유림2차아파트","highway":"bus_stop","osmType":"node","osmId":"1770164490","districtCode":"26320","districtName":"북구"},"geometry":{"type":"Point","coordinates":[129.016594,35.2627144]}},{"type":"Feature","properties":{"name":"금곡주공3단지","highway":"bus_stop","osmType":"node","osmId":"1770164491","districtCode":"26320","districtName":"북구"},"geometry":{"type":"Point","coordinates":[129.020536,35.2652156]}},{"type":"Feature","properties":{"highway":"bus_stop","osmType":"node","osmId":"1770172647","districtCode":"26320","districtName":"북구"},"geometry":{"type":"Point","coordinates":[129.0141995,35.2569547]}},{"type":"Feature","properties":{"name":"금곡중학교","highway":"bus_stop","osmType":"node","osmId":"1770172648","districtCode":"26320","districtName":"북구"},"geometry":{"type":"Point","coordinates":[129.0162413,35.260338]}},{"type":"Feature","properties":{"name":"금곡주공7단지","highway":"bus_stop","osmType":"node","osmId":"1770172649","districtCode":"26320","districtName":"북구"},"geometry":{"type":"Point","coordinates":[129.0142558,35.2570554]}},{"type":"Feature","properties":{"name":"금곡중학교","highway":"bus_stop","osmType":"node","osmId":"1770172650","districtCode":"26320","districtName":"북구"},"geometry":{"type":"Point","coordinates":[129.016421,35.2604826]}},{"type":"Feature","properties":{"highway":"bus_stop","osmType":"node","osmId":"1770172651","districtCode":"26320","districtName":"북구"},"geometry":{"type":"Point","coordinates":[129.0139473,35.2569043]}},{"type":"Feature","properties":{"name":"금곡주공9단지","highway":"bus_stop","osmType":"node","osmId":"1770172652","districtCode":"26320","districtName":"북구"},"geometry":{"type":"Point","coordinates":[129.0136814,35.2549653]}},{"type":"Feature","properties":{"name":"주공8단지","highway":"bus_stop","osmType":"node","osmId":"1770172653","districtCode":"26320","districtName":"북구"},"geometry":{"type":"Point","coordinates":[129.0148083,35.2584243]}},{"type":"Feature","properties":{"name":"금곡종합사회복지관","highway":"bus_stop","osmType":"node","osmId":"1770172654","districtCode":"26320","districtName":"북구"},"geometry":{"type":"Point","coordinates":[129.015085,35.2585729]}},{"type":"Feature","properties":{"name":"주공8단지","highway":"bus_stop","osmType":"node","osmId":"1770172655","districtCode":"26320","districtName":"북구"},"geometry":{"type":"Point","coordinates":[129.0149021,35.2582336]}},{"type":"Feature","properties":{"name":"금곡주공9단지","highway":"bus_stop","osmType":"node","osmId":"1770172656","districtCode":"26320","districtName":"북구"},"geometry":{"type":"Point","coordinates":[129.0138615,35.2550776]}},{"type":"Feature","properties":{"name":"금곡주공4단지","highway":"bus_stop","osmType":"node","osmId":"1770172657","districtCode":"26320","districtName":"북구"},"geometry":{"type":"Point","coordinates":[129.0139983,35.253367]}},{"type":"Feature","properties":{"name":"금곡종합사회복지관","highway":"bus_stop","osmType":"node","osmId":"1770172658","districtCode":"26320","districtName":"북구"},"geometry":{"type":"Point","coordinates":[129.0148355,35.2584984]}},{"type":"Feature","properties":{"name":"금곡중학교","highway":"bus_stop","osmType":"node","osmId":"1770172659","districtCode":"26320","districtName":"북구"},"geometry":{"type":"Point","coordinates":[129.0164124,35.2603976]}},{"type":"Feature","properties":{"name":"주공4단지","highway":"bus_stop","osmType":"node","osmId":"1770172660","districtCode":"26320","districtName":"북구"},"geometry":{"type":"Point","coordinates":[129.0139822,35.2534459]}},{"type":"Feature","properties":{"name":"금곡중학교","highway":"bus_stop","osmType":"node","osmId":"1770172661","districtCode":"26320","districtName":"북구"},"geometry":{"type":"Point","coordinates":[129.016246,35.2604195]}},{"type":"Feature","properties":{"name":"주공4단지","highway":"bus_stop","osmType":"node","osmId":"1770172662","districtCode":"26320","districtName":"북구"},"geometry":{"type":"Point","coordinates":[129.0138025,35.2533791]}},{"type":"Feature","properties":{"name":"주공9단지","highway":"bus_stop","osmType":"node","osmId":"1770172663","districtCode":"26320","districtName":"북구"},"geometry":{"type":"Point","coordinates":[129.0136872,35.2550557]}},{"type":"Feature","properties":{"name":"주공9단지","highway":"bus_stop","osmType":"node","osmId":"1770172664","districtCode":"26320","districtName":"북구"},"geometry":{"type":"Point","coordinates":[129.0138615,35.2549791]}},{"type":"Feature","properties":{"name":"금곡주공4단지","highway":"bus_stop","osmType":"node","osmId":"1770172665","districtCode":"26320","districtName":"북구"},"geometry":{"type":"Point","coordinates":[129.013824,35.2532224]}},{"type":"Feature","properties":{"name":"금곡주공7단지","highway":"bus_stop","osmType":"node","osmId":"1770172666","districtCode":"26320","districtName":"북구"},"geometry":{"type":"Point","coordinates":[129.0138937,35.2568079]}},{"type":"Feature","properties":{"name":"금곡동사무소","highway":"bus_stop","osmType":"node","osmId":"1770175611","districtCode":"26320","districtName":"북구"},"geometry":{"type":"Point","coordinates":[129.0127162,35.2500136]}},{"type":"Feature","properties":{"name":"금곡주공5단지","highway":"bus_stop","osmType":"node","osmId":"1770175613","districtCode":"26320","districtName":"북구"},"geometry":{"type":"Point","coordinates":[129.0142424,35.2518885]}},{"type":"Feature","properties":{"name":"주공5단지","highway":"bus_stop","osmType":"node","osmId":"1770175614","districtCode":"26320","districtName":"북구"},"geometry":{"type":"Point","coordinates":[129.0137884,35.2494616]}},{"type":"Feature","properties":{"name":"금곡주공5단지","highway":"bus_stop","osmType":"node","osmId":"1770175615","districtCode":"26320","districtName":"북구"},"geometry":{"type":"Point","coordinates":[129.0135369,35.2516301]}},{"type":"Feature","properties":{"name":"주공5단지","highway":"bus_stop","osmType":"node","osmId":"1770175617","districtCode":"26320","districtName":"북구"},"geometry":{"type":"Point","coordinates":[129.0137877,35.2493696]}},{"type":"Feature","properties":{"name":"금곡동주민센터","highway":"bus_stop","osmType":"node","osmId":"1770175620","districtCode":"26320","districtName":"북구"},"geometry":{"type":"Point","coordinates":[129.0126813,35.2500946]}},{"type":"Feature","properties":{"name":"금곡동주민센터","highway":"bus_stop","osmType":"node","osmId":"1770175621","districtCode":"26320","districtName":"북구"},"geometry":{"type":"Point","coordinates":[129.0126062,35.250421]}},{"type":"Feature","properties":{"name":"금곡동사무소","highway":"bus_stop","osmType":"node","osmId":"1770175624","districtCode":"26320","districtName":"북구"},"geometry":{"type":"Point","coordinates":[129.0127538,35.2504626]}},{"type":"Feature","properties":{"name":"주공6단지","highway":"bus_stop","osmType":"node","osmId":"1770175625","districtCode":"26320","districtName":"북구"},"geometry":{"type":"Point","coordinates":[129.0145026,35.2496565]}},{"type":"Feature","properties":{"name":"유림1차아파트","highway":"bus_stop","osmType":"node","osmId":"1770175626","districtCode":"26320","districtName":"북구"},"geometry":{"type":"Point","coordinates":[129.0144006,35.2511482]}},{"type":"Feature","properties":{"name":"금곡하나로마트","highway":"bus_stop","osmType":"node","osmId":"1770175627","districtCode":"26320","districtName":"북구"},"geometry":{"type":"Point","coordinates":[129.0121435,35.2500277]}},{"type":"Feature","properties":{"name":"유림1차아파트","highway":"bus_stop","osmType":"node","osmId":"1770175628","districtCode":"26320","districtName":"북구"},"geometry":{"type":"Point","coordinates":[129.0141753,35.2512358]}},{"type":"Feature","properties":{"name":"주공6단지","highway":"bus_stop","osmType":"node","osmId":"1770175629","districtCode":"26320","districtName":"북구"},"geometry":{"type":"Point","coordinates":[129.0147144,35.2496587]}},{"type":"Feature","properties":{"name":"율리역","highway":"bus_stop","osmType":"node","osmId":"1770179924","districtCode":"26320","districtName":"북구"},"geometry":{"type":"Point","coordinates":[129.013046,35.2469732]}},{"type":"Feature","properties":{"name":"율리역","highway":"bus_stop","osmType":"node","osmId":"1770179925","districtCode":"26320","districtName":"북구"},"geometry":{"type":"Point","coordinates":[129.0127242,35.2469995]}},{"type":"Feature","properties":{"name":"율리역","highway":"bus_stop","osmType":"node","osmId":"1770179926","districtCode":"26320","districtName":"북구"},"geometry":{"type":"Point","coordinates":[129.0127241,35.2471484]}},{"type":"Feature","properties":{"name":"율리역","highway":"bus_stop","osmType":"node","osmId":"1770179927","districtCode":"26320","districtName":"북구"},"geometry":{"type":"Point","coordinates":[129.0130487,35.2470476]}},{"type":"Feature","properties":{"name":"율리역","highway":"bus_stop","osmType":"node","osmId":"1770179928","districtCode":"26320","districtName":"북구"},"geometry":{"type":"Point","coordinates":[129.0127161,35.2470958]}},{"type":"Feature","properties":{"name":"율리역","highway":"bus_stop","osmType":"node","osmId":"1770179929","districtCode":"26320","districtName":"북구"},"geometry":{"type":"Point","coordinates":[129.0130461,35.2468834]}},{"type":"Feature","properties":{"name":"북구보건소","highway":"bus_stop","osmType":"node","osmId":"1770185389","districtCode":"26320","districtName":"북구"},"geometry":{"type":"Point","coordinates":[129.0150953,35.2390104]}},{"type":"Feature","properties":{"name":"북구보건소","highway":"bus_stop","osmType":"node","osmId":"1770185390","districtCode":"26320","districtName":"북구"},"geometry":{"type":"Point","coordinates":[129.0142455,35.239319]}},{"type":"Feature","properties":{"name":"벽산아파트","highway":"bus_stop","osmType":"node","osmId":"1770185391","districtCode":"26320","districtName":"북구"},"geometry":{"type":"Point","coordinates":[129.0129335,35.2444103]}},{"type":"Feature","properties":{"name":"벽산아파트","highway":"bus_stop","osmType":"node","osmId":"1770185392","districtCode":"26320","districtName":"북구"},"geometry":{"type":"Point","coordinates":[129.0132097,35.24443]}},{"type":"Feature","properties":{"name":"북구보건소","highway":"bus_stop","osmType":"node","osmId":"1770185394","districtCode":"26320","districtName":"북구"},"geometry":{"type":"Point","coordinates":[129.0139987,35.2404887]}},{"type":"Feature","properties":{"name":"북구보건소","highway":"bus_stop","osmType":"node","osmId":"1770185395","districtCode":"26320","districtName":"북구"},"geometry":{"type":"Point","coordinates":[129.014001,35.2405636]}},{"type":"Feature","properties":{"name":"벽산아파트","highway":"bus_stop","osmType":"node","osmId":"1770185396","districtCode":"26320","districtName":"북구"},"geometry":{"type":"Point","coordinates":[129.012912,35.2444541]}},{"type":"Feature","properties":{"name":"벽산아파트","highway":"bus_stop","osmType":"node","osmId":"1770185397","districtCode":"26320","districtName":"북구"},"geometry":{"type":"Point","coordinates":[129.0131883,35.2444914]}},{"type":"Feature","properties":{"name":"벽산아파트","highway":"bus_stop","osmType":"node","osmId":"1770185398","districtCode":"26320","districtName":"북구"},"geometry":{"type":"Point","coordinates":[129.01295,35.2443529]}},{"type":"Feature","properties":{"name":"북구보건소","highway":"bus_stop","osmType":"node","osmId":"1770185399","districtCode":"26320","districtName":"북구"},"geometry":{"type":"Point","coordinates":[129.0142343,35.2392383]}},{"type":"Feature","properties":{"name":"벽산아파트","highway":"bus_stop","osmType":"node","osmId":"1770185400","districtCode":"26320","districtName":"북구"},"geometry":{"type":"Point","coordinates":[129.0132151,35.2443709]}},{"type":"Feature","properties":{"name":"북구보건소","highway":"bus_stop","osmType":"node","osmId":"1770187819","districtCode":"26320","districtName":"북구"},"geometry":{"type":"Point","coordinates":[129.0142396,35.2391703]}},{"type":"Feature","properties":{"name":"유림아파트","highway":"bus_stop","osmType":"node","osmId":"1770191324","districtCode":"26320","districtName":"북구"},"geometry":{"type":"Point","coordinates":[129.0148727,35.2636674]}},{"type":"Feature","properties":{"name":"유림아파트","highway":"bus_stop","osmType":"node","osmId":"1770191326","districtCode":"26320","districtName":"북구"},"geometry":{"type":"Point","coordinates":[129.0152026,35.2635491]}},{"type":"Feature","properties":{"name":"화정마을","highway":"bus_stop","osmType":"node","osmId":"1770191348","districtCode":"26320","districtName":"북구"},"geometry":{"type":"Point","coordinates":[129.0111337,35.2522324]}},{"type":"Feature","properties":{"name":"동원역","highway":"bus_stop","osmType":"node","osmId":"1770191365","districtCode":"26320","districtName":"북구"},"geometry":{"type":"Point","coordinates":[129.0122549,35.2572284]}},{"type":"Feature","properties":{"name":"동원역","highway":"bus_stop","osmType":"node","osmId":"1770191368","districtCode":"26320","districtName":"북구"},"geometry":{"type":"Point","coordinates":[129.0128396,35.2587857]}},{"type":"Feature","properties":{"name":"화정마을","highway":"bus_stop","osmType":"node","osmId":"1770191376","districtCode":"26320","districtName":"북구"},"geometry":{"type":"Point","coordinates":[129.0113188,35.251503]}},{"type":"Feature","properties":{"name":"금곡역","highway":"bus_stop","osmType":"node","osmId":"1770191377","districtCode":"26320","districtName":"북구"},"geometry":{"type":"Point","coordinates":[129.0175951,35.2685313]}},{"type":"Feature","properties":{"name":"금곡역","highway":"bus_stop","osmType":"node","osmId":"1770191378","districtCode":"26320","districtName":"북구"},"geometry":{"type":"Point","coordinates":[129.0176609,35.2679236]}},{"type":"Feature","properties":{"highway":"bus_stop","osmType":"node","osmId":"1774391183","districtCode":"26500","districtName":"수영구"},"geometry":{"type":"Point","coordinates":[129.1153973,35.168978]}},{"type":"Feature","properties":{"name":"광안어린이집","highway":"bus_stop","osmType":"node","osmId":"1776216885","districtCode":"26500","districtName":"수영구"},"geometry":{"type":"Point","coordinates":[129.1075284,35.1607601]}},{"type":"Feature","properties":{"name":"상아아파트","highway":"bus_stop","osmType":"node","osmId":"1789950066","districtCode":"26500","districtName":"수영구"},"geometry":{"type":"Point","coordinates":[129.109611,35.1643681]}},{"type":"Feature","properties":{"name":"수영초등학교","highway":"bus_stop","osmType":"node","osmId":"1789950067","districtCode":"26500","districtName":"수영구"},"geometry":{"type":"Point","coordinates":[129.1138605,35.1654679]}},{"type":"Feature","properties":{"name":"비치그린아파트","highway":"bus_stop","osmType":"node","osmId":"1789950068","districtCode":"26500","districtName":"수영구"},"geometry":{"type":"Point","coordinates":[129.1085833,35.162709]}},{"type":"Feature","properties":{"name":"어린이놀이터","highway":"bus_stop","osmType":"node","osmId":"1789950070","districtCode":"26500","districtName":"수영구"},"geometry":{"type":"Point","coordinates":[129.1130461,35.1642077]}},{"type":"Feature","properties":{"name":"광원아파트","highway":"bus_stop","osmType":"node","osmId":"1791233277","districtCode":"26500","districtName":"수영구"},"geometry":{"type":"Point","coordinates":[129.1077687,35.1620129]}},{"type":"Feature","properties":{"name":"수영중학교","highway":"bus_stop","osmType":"node","osmId":"1791233282","districtCode":"26500","districtName":"수영구"},"geometry":{"type":"Point","coordinates":[129.1097356,35.1567409]}},{"type":"Feature","properties":{"name":"보수아파트","highway":"bus_stop","osmType":"node","osmId":"2164878026","districtCode":"26110","districtName":"중구"},"geometry":{"type":"Point","coordinates":[129.0261119,35.1073755]}},{"type":"Feature","properties":{"highway":"bus_stop","osmType":"node","osmId":"2164878031","districtCode":"26110","districtName":"중구"},"geometry":{"type":"Point","coordinates":[129.0261602,35.1078429]}},{"type":"Feature","properties":{"name":"서구청(충무동)","highway":"bus_stop","osmType":"node","osmId":"2164878249","districtCode":"26110","districtName":"중구"},"geometry":{"type":"Point","coordinates":[129.0252323,35.0981459]}},{"type":"Feature","properties":{"highway":"bus_stop","osmType":"node","osmId":"2510248787","districtCode":"26200","districtName":"영도구"},"geometry":{"type":"Point","coordinates":[129.0767326,35.0811599]}},{"type":"Feature","properties":{"highway":"bus_stop","osmType":"node","osmId":"2510252761","districtCode":"26200","districtName":"영도구"},"geometry":{"type":"Point","coordinates":[129.0751427,35.0857237]}},{"type":"Feature","properties":{"name":"(주)국보","highway":"bus_stop","osmType":"node","osmId":"2510315694","districtCode":"26200","districtName":"영도구"},"geometry":{"type":"Point","coordinates":[129.0711578,35.0897282]}},{"type":"Feature","properties":{"name":"(주)거청","highway":"bus_stop","osmType":"node","osmId":"2510384732","districtCode":"26200","districtName":"영도구"},"geometry":{"type":"Point","coordinates":[129.0675286,35.0941708]}},{"type":"Feature","properties":{"highway":"bus_stop","osmType":"node","osmId":"2510912616","districtCode":"26200","districtName":"영도구"},"geometry":{"type":"Point","coordinates":[129.0638517,35.0960722]}},{"type":"Feature","properties":{"highway":"bus_stop","osmType":"node","osmId":"2511342898","districtCode":"26200","districtName":"영도구"},"geometry":{"type":"Point","coordinates":[129.0609099,35.0973103]}},{"type":"Feature","properties":{"highway":"bus_stop","osmType":"node","osmId":"2511343023","districtCode":"26200","districtName":"영도구"},"geometry":{"type":"Point","coordinates":[129.0581935,35.0990715]}},{"type":"Feature","properties":{"name":"KBS방송국","highway":"bus_stop","osmType":"node","osmId":"3398226973","districtCode":"26500","districtName":"수영구"},"geometry":{"type":"Point","coordinates":[129.1098693,35.1441036]}},{"type":"Feature","properties":{"name":"KBS방송국","highway":"bus_stop","osmType":"node","osmId":"3398226974","districtCode":"26500","districtName":"수영구"},"geometry":{"type":"Point","coordinates":[129.1100178,35.1442992]}},{"type":"Feature","properties":{"name":"수영구청","highway":"bus_stop","osmType":"node","osmId":"3398226975","districtCode":"26500","districtName":"수영구"},"geometry":{"type":"Point","coordinates":[129.1117563,35.1465883]}},{"type":"Feature","properties":{"name":"수영구청","highway":"bus_stop","osmType":"node","osmId":"3398226976","districtCode":"26500","districtName":"수영구"},"geometry":{"type":"Point","coordinates":[129.1116906,35.1465018]}},{"type":"Feature","properties":{"name":"광일맨션","highway":"bus_stop","osmType":"node","osmId":"3398226977","districtCode":"26500","districtName":"수영구"},"geometry":{"type":"Point","coordinates":[129.1150161,35.1508803]}},{"type":"Feature","properties":{"name":"서호병원","highway":"bus_stop","osmType":"node","osmId":"3398226979","districtCode":"26500","districtName":"수영구"},"geometry":{"type":"Point","coordinates":[129.1161887,35.1524242]}},{"type":"Feature","properties":{"name":"광안리해수욕장","highway":"bus_stop","osmType":"node","osmId":"3398226980","districtCode":"26500","districtName":"수영구"},"geometry":{"type":"Point","coordinates":[129.1176385,35.154333]}},{"type":"Feature","properties":{"name":"광안리해수욕장","highway":"bus_stop","osmType":"node","osmId":"3398226981","districtCode":"26500","districtName":"수영구"},"geometry":{"type":"Point","coordinates":[129.1189837,35.1560895]}},{"type":"Feature","properties":{"name":"광안농협앞","highway":"bus_stop","osmType":"node","osmId":"3398226982","districtCode":"26500","districtName":"수영구"},"geometry":{"type":"Point","coordinates":[129.1200571,35.1574847]}},{"type":"Feature","properties":{"name":"동방시장","highway":"bus_stop","osmType":"node","osmId":"3398226983","districtCode":"26500","districtName":"수영구"},"geometry":{"type":"Point","coordinates":[129.1218433,35.1588143]}},{"type":"Feature","properties":{"name":"민락동골목시장","highway":"bus_stop","osmType":"node","osmId":"3398226984","districtCode":"26500","districtName":"수영구"},"geometry":{"type":"Point","coordinates":[129.1230922,35.1588009]}},{"type":"Feature","properties":{"name":"민락동골목시장","highway":"bus_stop","osmType":"node","osmId":"3398226985","districtCode":"26500","districtName":"수영구"},"geometry":{"type":"Point","coordinates":[129.1236898,35.1588757]}},{"type":"Feature","properties":{"name":"MBC방송국","highway":"bus_stop","osmType":"node","osmId":"3398226986","districtCode":"26500","districtName":"수영구"},"geometry":{"type":"Point","coordinates":[129.1258928,35.1595037]}},{"type":"Feature","properties":{"name":"기점","highway":"bus_stop","osmType":"node","osmId":"3398226987","districtCode":"26500","districtName":"수영구"},"geometry":{"type":"Point","coordinates":[129.1257561,35.1585695]}},{"type":"Feature","properties":{"name":"기점","highway":"bus_stop","osmType":"node","osmId":"3398226988","districtCode":"26500","districtName":"수영구"},"geometry":{"type":"Point","coordinates":[129.1259009,35.1587801]}},{"type":"Feature","properties":{"highway":"bus_stop","osmType":"node","osmId":"3602636312","districtCode":"26710","districtName":"기장군"},"geometry":{"type":"Point","coordinates":[129.1654517,35.3342349]}},{"type":"Feature","properties":{"highway":"bus_stop","osmType":"node","osmId":"3602636404","districtCode":"26710","districtName":"기장군"},"geometry":{"type":"Point","coordinates":[129.1655278,35.3346127]}},{"type":"Feature","properties":{"name":"용궁사국립수산과학원","name:en":"Yunggungsa National Institute of Fisheries Science","highway":"bus_stop","operator":"bus 9","osmType":"node","osmId":"3778878390","districtCode":"26710","districtName":"기장군"},"geometry":{"type":"Point","coordinates":[129.2198535,35.1940568]}},{"type":"Feature","properties":{"name":"신도시시장","highway":"bus_stop","osmType":"node","osmId":"3785217650","districtCode":"26350","districtName":"해운대구"},"geometry":{"type":"Point","coordinates":[129.1808692,35.1750043]}},{"type":"Feature","properties":{"name":"송정1단지주공","highway":"bus_stop","osmType":"node","osmId":"3785217651","districtCode":"26350","districtName":"해운대구"},"geometry":{"type":"Point","coordinates":[129.1998058,35.181756]}},{"type":"Feature","properties":{"name":"전망대","name:en":"Observation Platform","highway":"bus_stop","network":"태종대 다누비","operator":"부산시설공단","osmType":"node","osmId":"3785255118","districtCode":"26200","districtName":"영도구"},"geometry":{"type":"Point","coordinates":[129.0876392,35.0505259]}},{"type":"Feature","properties":{"name":"구명사","name:en":"Gumyeongsa Temple","highway":"bus_stop","network":"태종대 다누비","operator":"부산시설공단","osmType":"node","osmId":"3785255121","districtCode":"26200","districtName":"영도구"},"geometry":{"type":"Point","coordinates":[129.0836915,35.0554548]}},{"type":"Feature","properties":{"name":"하리","highway":"bus_stop","osmType":"node","osmId":"3785255126","districtCode":"26200","districtName":"영도구"},"geometry":{"type":"Point","coordinates":[129.0809315,35.0680065]}},{"type":"Feature","properties":{"name":"해양대삼거리.동삼동패총전시관","highway":"bus_stop","osmType":"node","osmId":"3785255127","districtCode":"26200","districtName":"영도구"},"geometry":{"type":"Point","coordinates":[129.07834,35.0712946]}},{"type":"Feature","properties":{"name":"해양대삼거리.동삼동패총전시관","highway":"bus_stop","osmType":"node","osmId":"3785255128","districtCode":"26200","districtName":"영도구"},"geometry":{"type":"Point","coordinates":[129.0784818,35.0713815]}},{"type":"Feature","properties":{"name":"동삼시장","highway":"bus_stop","osmType":"node","osmId":"3785255129","districtCode":"26200","districtName":"영도구"},"geometry":{"type":"Point","coordinates":[129.070233,35.0794352]}},{"type":"Feature","properties":{"name":"영도구청","highway":"bus_stop","osmType":"node","osmId":"3785255130","districtCode":"26200","districtName":"영도구"},"geometry":{"type":"Point","coordinates":[129.0679498,35.0895531]}},{"type":"Feature","properties":{"highway":"bus_stop","osmType":"node","osmId":"3785255131","districtCode":"26200","districtName":"영도구"},"geometry":{"type":"Point","coordinates":[129.0652799,35.0929451]}},{"type":"Feature","properties":{"name":"청학성당","highway":"bus_stop","osmType":"node","osmId":"3785255132","districtCode":"26200","districtName":"영도구"},"geometry":{"type":"Point","coordinates":[129.0625644,35.0959615]}},{"type":"Feature","properties":{"name":"한진중공업","highway":"bus_stop","osmType":"node","osmId":"3785255133","districtCode":"26200","districtName":"영도구"},"geometry":{"type":"Point","coordinates":[129.0538535,35.0958942]}},{"type":"Feature","properties":{"highway":"bus_stop","osmType":"node","osmId":"3785255134","districtCode":"26140","districtName":"서구"},"geometry":{"type":"Point","coordinates":[129.0234776,35.0964511]}},{"type":"Feature","properties":{"name":"충무동교차로","highway":"bus_stop","osmType":"node","osmId":"3785255135","districtCode":"26140","districtName":"서구"},"geometry":{"type":"Point","coordinates":[129.0236181,35.0966176]}},{"type":"Feature","properties":{"highway":"bus_stop","osmType":"node","osmId":"3785255136","districtCode":"26200","districtName":"영도구"},"geometry":{"type":"Point","coordinates":[129.0598383,35.097261]}},{"type":"Feature","properties":{"highway":"bus_stop","osmType":"node","osmId":"3785255137","districtCode":"26200","districtName":"영도구"},"geometry":{"type":"Point","coordinates":[129.0556177,35.0975326]}},{"type":"Feature","properties":{"name":"영도등대","name:en":"Yeongdo Lighthouse","highway":"bus_stop","network":"태종대 다누비","operator":"부산시설공단","osmType":"node","osmId":"3785271673","districtCode":"26200","districtName":"영도구"},"geometry":{"type":"Point","coordinates":[129.0899661,35.0514345]}},{"type":"Feature","properties":{"name":"하리","highway":"bus_stop","osmType":"node","osmId":"3785272167","districtCode":"26200","districtName":"영도구"},"geometry":{"type":"Point","coordinates":[129.0804013,35.0687476]}},{"type":"Feature","properties":{"name":"에일린의뜰2단지아파트","highway":"bus_stop","osmType":"node","osmId":"3785272168","districtCode":"26200","districtName":"영도구"},"geometry":{"type":"Point","coordinates":[129.075357,35.0726206]}},{"type":"Feature","properties":{"name":"동삼국민은행앞교차로","highway":"bus_stop","osmType":"node","osmId":"3785272169","districtCode":"26200","districtName":"영도구"},"geometry":{"type":"Point","coordinates":[129.0721132,35.0761401]}},{"type":"Feature","properties":{"name":"일동미라주아파트","highway":"bus_stop","osmType":"node","osmId":"3785272170","districtCode":"26200","districtName":"영도구"},"geometry":{"type":"Point","coordinates":[129.0708004,35.0815294]}},{"type":"Feature","properties":{"name":"동삼삼거리","highway":"bus_stop","osmType":"node","osmId":"3785272171","districtCode":"26200","districtName":"영도구"},"geometry":{"type":"Point","coordinates":[129.072538,35.0843924]}},{"type":"Feature","properties":{"highway":"bus_stop","osmType":"node","osmId":"3785272172","districtCode":"26200","districtName":"영도구"},"geometry":{"type":"Point","coordinates":[129.0725292,35.0860314]}},{"type":"Feature","properties":{"name":"미광마린타워","highway":"bus_stop","osmType":"node","osmId":"3785272173","districtCode":"26200","districtName":"영도구"},"geometry":{"type":"Point","coordinates":[129.0430262,35.0936025]}},{"type":"Feature","properties":{"highway":"bus_stop","osmType":"node","osmId":"3785272174","districtCode":"26200","districtName":"영도구"},"geometry":{"type":"Point","coordinates":[129.0457591,35.0937062]}},{"type":"Feature","properties":{"name":"청학주유소","highway":"bus_stop","osmType":"node","osmId":"3785272175","districtCode":"26200","districtName":"영도구"},"geometry":{"type":"Point","coordinates":[129.0648362,35.094048]}},{"type":"Feature","properties":{"highway":"bus_stop","osmType":"node","osmId":"3785272176","districtCode":"26200","districtName":"영도구"},"geometry":{"type":"Point","coordinates":[129.0466622,35.0941493]}},{"type":"Feature","properties":{"name":"한진중공업","highway":"bus_stop","osmType":"node","osmId":"3785272177","districtCode":"26200","districtName":"영도구"},"geometry":{"type":"Point","coordinates":[129.0520623,35.0954334]}},{"type":"Feature","properties":{"name":"한진중공업","highway":"bus_stop","osmType":"node","osmId":"3785272178","districtCode":"26200","districtName":"영도구"},"geometry":{"type":"Point","coordinates":[129.0532337,35.0958409]}},{"type":"Feature","properties":{"name":"청학동부산은행","highway":"bus_stop","osmType":"node","osmId":"3785272179","districtCode":"26200","districtName":"영도구"},"geometry":{"type":"Point","coordinates":[129.0616989,35.0963712]}},{"type":"Feature","properties":{"highway":"bus_stop","osmType":"node","osmId":"3785424974","districtCode":"26380","districtName":"사하구"},"geometry":{"type":"Point","coordinates":[128.9462792,35.1078531]}},{"type":"Feature","properties":{"name":"온천장역","highway":"bus_stop","osmType":"node","osmId":"3792053127","districtCode":"26260","districtName":"동래구"},"geometry":{"type":"Point","coordinates":[129.0861819,35.2206226]}},{"type":"Feature","properties":{"name":"SK허브스카이","highway":"bus_stop","osmType":"node","osmId":"3792053128","districtCode":"26260","districtName":"동래구"},"geometry":{"type":"Point","coordinates":[129.0848963,35.2210969]}},{"type":"Feature","properties":{"name":"온천시장(목욕타운)","highway":"bus_stop","osmType":"node","osmId":"3792053129","districtCode":"26410","districtName":"금정구"},"geometry":{"type":"Point","coordinates":[129.0835473,35.223229]}},{"type":"Feature","properties":{"name":"만수마트","highway":"bus_stop","osmType":"node","osmId":"3792053130","districtCode":"26410","districtName":"금정구"},"geometry":{"type":"Point","coordinates":[129.081532,35.2245982]}},{"type":"Feature","properties":{"highway":"bus_stop","osmType":"node","osmId":"3792053131","districtCode":"26410","districtName":"금정구"},"geometry":{"type":"Point","coordinates":[129.0777759,35.2273921]}},{"type":"Feature","properties":{"name":"광명사","highway":"bus_stop","osmType":"node","osmId":"3792053133","districtCode":"26410","districtName":"금정구"},"geometry":{"type":"Point","coordinates":[129.076679,35.2299057]}},{"type":"Feature","properties":{"highway":"bus_stop","osmType":"node","osmId":"3792053135","districtCode":"26410","districtName":"금정구"},"geometry":{"type":"Point","coordinates":[129.0748032,35.2313887]}},{"type":"Feature","properties":{"name:en":"Bus 90","highway":"bus_stop","osmType":"node","osmId":"3792053160","districtCode":"26410","districtName":"금정구"},"geometry":{"type":"Point","coordinates":[129.0904981,35.2750429]}},{"type":"Feature","properties":{"name":"하단역환승센터","highway":"bus_stop","osmType":"node","osmId":"3792084052","districtCode":"26380","districtName":"사하구"},"geometry":{"type":"Point","coordinates":[128.9661953,35.1062685]}},{"type":"Feature","properties":{"highway":"bus_stop","osmType":"node","osmId":"3817279364","districtCode":"26140","districtName":"서구"},"geometry":{"type":"Point","coordinates":[129.0196575,35.0993219]}},{"type":"Feature","properties":{"name":"감정초등학교.감천문화마을 (구감 방면)","name:en":"Gamcheon Cultural Village","highway":"bus_stop","osmType":"node","osmId":"3859163057","districtCode":"26380","districtName":"사하구"},"geometry":{"type":"Point","coordinates":[129.0101505,35.0972086]}},{"type":"Feature","properties":{"name":"감정초등학교.감천문화마을 (한샘슈퍼 방면)","name:en":"Gamcheon Cultural Village","highway":"bus_stop","osmType":"node","osmId":"3859163058","districtCode":"26380","districtName":"사하구"},"geometry":{"type":"Point","coordinates":[129.0106455,35.0973041]}},{"type":"Feature","properties":{"name:en":"Airport bus stop","highway":"bus_stop","osmType":"node","osmId":"4419905789","districtCode":"26230","districtName":"부산진구"},"geometry":{"type":"Point","coordinates":[129.0557329,35.1577596]}},{"type":"Feature","properties":{"name":"용궁사국립수산과학원","name:en":"Yonggungsa National Institute of Fisheries Science","highway":"bus_stop","osmType":"node","osmId":"4426304308","districtCode":"26710","districtName":"기장군"},"geometry":{"type":"Point","coordinates":[129.2211085,35.1946481]}},{"type":"Feature","properties":{"name":"해운대도시철도역","highway":"bus_stop","osmType":"node","osmId":"4426486315","districtCode":"26350","districtName":"해운대구"},"geometry":{"type":"Point","coordinates":[129.1584025,35.1632812]}},{"type":"Feature","properties":{"highway":"bus_stop","osmType":"node","osmId":"4463349093","districtCode":"26200","districtName":"영도구"},"geometry":{"type":"Point","coordinates":[129.0765558,35.0818464]}},{"type":"Feature","properties":{"highway":"bus_stop","osmType":"node","osmId":"4463398290","districtCode":"26200","districtName":"영도구"},"geometry":{"type":"Point","coordinates":[129.0760828,35.0817053]}},{"type":"Feature","properties":{"name":"서면한전","highway":"bus_stop","osmType":"node","osmId":"4467217490","districtCode":"26230","districtName":"부산진구"},"geometry":{"type":"Point","coordinates":[129.0591463,35.1531383]}},{"type":"Feature","properties":{"name":"롯데호텔백화점(서면역)","name:en":"Lotte Hotel","highway":"bus_stop","osmType":"node","osmId":"4467223689","districtCode":"26230","districtName":"부산진구"},"geometry":{"type":"Point","coordinates":[129.0563664,35.1574263]}},{"type":"Feature","properties":{"name":"보수초등학교","name:en":"Bosu elementary school","highway":"bus_stop","osmType":"node","osmId":"4467282290","districtCode":"26110","districtName":"중구"},"geometry":{"type":"Point","coordinates":[129.0241963,35.1054167]}},{"type":"Feature","properties":{"highway":"bus_stop","osmType":"node","osmId":"4467282392","districtCode":"26110","districtName":"중구"},"geometry":{"type":"Point","coordinates":[129.0239478,35.1055057]}},{"type":"Feature","properties":{"name":"에덴금호아파트","highway":"bus_stop","osmType":"node","osmId":"4467986279","districtCode":"26200","districtName":"영도구"},"geometry":{"type":"Point","coordinates":[129.0760998,35.0716372]}},{"type":"Feature","properties":{"name":"동삼혁신지구입구.동삼교회","highway":"bus_stop","osmType":"node","osmId":"4467986280","districtCode":"26200","districtName":"영도구"},"geometry":{"type":"Point","coordinates":[129.0744361,35.0737599]}},{"type":"Feature","properties":{"name":"동삼국민은행앞교차로","highway":"bus_stop","osmType":"node","osmId":"4467986281","districtCode":"26200","districtName":"영도구"},"geometry":{"type":"Point","coordinates":[129.0724568,35.0758336]}},{"type":"Feature","properties":{"name":"동삼시장","highway":"bus_stop","osmType":"node","osmId":"4467986283","districtCode":"26200","districtName":"영도구"},"geometry":{"type":"Point","coordinates":[129.0704643,35.0785404]}},{"type":"Feature","properties":{"name":"일동미라주아파트","highway":"bus_stop","osmType":"node","osmId":"4467986284","districtCode":"26200","districtName":"영도구"},"geometry":{"type":"Point","coordinates":[129.0707505,35.0818905]}},{"type":"Feature","properties":{"highway":"bus_stop","osmType":"node","osmId":"4467986285","districtCode":"26200","districtName":"영도구"},"geometry":{"type":"Point","coordinates":[129.0722528,35.0849932]}},{"type":"Feature","properties":{"highway":"bus_stop","osmType":"node","osmId":"4467986287","districtCode":"26200","districtName":"영도구"},"geometry":{"type":"Point","coordinates":[129.071335,35.0871528]}},{"type":"Feature","properties":{"highway":"bus_stop","osmType":"node","osmId":"4469501991","districtCode":"26530","districtName":"사상구"},"geometry":{"type":"Point","coordinates":[128.9840449,35.1632935]}},{"type":"Feature","properties":{"highway":"bus_stop","osmType":"node","osmId":"4469887191","districtCode":"26380","districtName":"사하구"},"geometry":{"type":"Point","coordinates":[128.9766529,35.0948395]}},{"type":"Feature","properties":{"name":"백산기념관.영화체험박물관","name:en":"Baeksan Memorial","highway":"bus_stop","osmType":"node","osmId":"4470925790","districtCode":"26110","districtName":"중구"},"geometry":{"type":"Point","coordinates":[129.0341502,35.1027421]}},{"type":"Feature","properties":{"highway":"bus_stop","osmType":"node","osmId":"4470959448","districtCode":"26110","districtName":"중구"},"geometry":{"type":"Point","coordinates":[129.0339114,35.1077369]}},{"type":"Feature","properties":{"highway":"bus_stop","osmType":"node","osmId":"4473495830","districtCode":"26110","districtName":"중구"},"geometry":{"type":"Point","coordinates":[129.030591,35.1030159]}},{"type":"Feature","properties":{"highway":"bus_stop","osmType":"node","osmId":"4473495836","districtCode":"26110","districtName":"중구"},"geometry":{"type":"Point","coordinates":[129.0293035,35.0971205]}},{"type":"Feature","properties":{"highway":"bus_stop","osmType":"node","osmId":"4473495838","districtCode":"26440","districtName":"강서구"},"geometry":{"type":"Point","coordinates":[128.9535333,35.1810694]}},{"type":"Feature","properties":{"highway":"bus_stop","osmType":"node","osmId":"4473495839","districtCode":"26110","districtName":"중구"},"geometry":{"type":"Point","coordinates":[129.0304446,35.1049009]}},{"type":"Feature","properties":{"name":"제일은행앞","highway":"bus_stop","osmType":"node","osmId":"4473495843","districtCode":"26110","districtName":"중구"},"geometry":{"type":"Point","coordinates":[129.0347711,35.1029287]}},{"type":"Feature","properties":{"highway":"bus_stop","osmType":"node","osmId":"4473495844","districtCode":"26140","districtName":"서구"},"geometry":{"type":"Point","coordinates":[129.0213031,35.1125983]}},{"type":"Feature","properties":{"highway":"bus_stop","osmType":"node","osmId":"4473495850","districtCode":"26140","districtName":"서구"},"geometry":{"type":"Point","coordinates":[129.0215276,35.1076838]}},{"type":"Feature","properties":{"highway":"bus_stop","osmType":"node","osmId":"4473495852","districtCode":"26200","districtName":"영도구"},"geometry":{"type":"Point","coordinates":[129.0466393,35.0936979]}},{"type":"Feature","properties":{"highway":"bus_stop","osmType":"node","osmId":"4473495853","districtCode":"26140","districtName":"서구"},"geometry":{"type":"Point","coordinates":[129.0168252,35.1041958]}},{"type":"Feature","properties":{"highway":"bus_stop","osmType":"node","osmId":"4473495854","districtCode":"26110","districtName":"중구"},"geometry":{"type":"Point","coordinates":[129.0250122,35.1016522]}},{"type":"Feature","properties":{"highway":"bus_stop","osmType":"node","osmId":"4473495855","districtCode":"26140","districtName":"서구"},"geometry":{"type":"Point","coordinates":[129.0141073,35.1149347]}},{"type":"Feature","properties":{"highway":"bus_stop","osmType":"node","osmId":"4473495859","districtCode":"26140","districtName":"서구"},"geometry":{"type":"Point","coordinates":[129.0159166,35.1000425]}},{"type":"Feature","properties":{"highway":"bus_stop","osmType":"node","osmId":"4473495864","districtCode":"26110","districtName":"중구"},"geometry":{"type":"Point","coordinates":[129.0383483,35.1050762]}},{"type":"Feature","properties":{"highway":"bus_stop","osmType":"node","osmId":"4473495868","districtCode":"26140","districtName":"서구"},"geometry":{"type":"Point","coordinates":[129.0208688,35.097987]}},{"type":"Feature","properties":{"name:en":"8, 186, 61, 1005, 138-1, 161","highway":"bus_stop","osmType":"node","osmId":"4475031198","districtCode":"26530","districtName":"사상구"},"geometry":{"type":"Point","coordinates":[128.986331,35.1625294]}},{"type":"Feature","properties":{"name":"영도경찰서","highway":"bus_stop","osmType":"node","osmId":"4478858490","districtCode":"26200","districtName":"영도구"},"geometry":{"type":"Point","coordinates":[129.037892,35.092964]}},{"type":"Feature","properties":{"name":"부산성모병원","name:en":"20, 22, 24, 27, 39, 131","highway":"bus_stop","osmType":"node","osmId":"4533657301","districtCode":"26290","districtName":"남구"},"geometry":{"type":"Point","coordinates":[129.1110831,35.1120551]}},{"type":"Feature","properties":{"name:en":"22, 24, 27","highway":"bus_stop","osmType":"node","osmId":"4533657302","districtCode":"26290","districtName":"남구"},"geometry":{"type":"Point","coordinates":[129.1110815,35.1154843]}},{"type":"Feature","properties":{"name":"남부운전면허시험장","highway":"bus_stop","operator":"부산광역시","osmType":"node","osmId":"4533657303","districtCode":"26290","districtName":"남구"},"geometry":{"type":"Point","coordinates":[129.1078146,35.1279715]}},{"type":"Feature","properties":{"name:en":"27, 131","highway":"bus_stop","osmType":"node","osmId":"4533702595","districtCode":"26290","districtName":"남구"},"geometry":{"type":"Point","coordinates":[129.1158026,35.1029797]}},{"type":"Feature","properties":{"name:en":"2-1","highway":"bus_stop","osmType":"node","osmId":"4533702792","districtCode":"26290","districtName":"남구"},"geometry":{"type":"Point","coordinates":[129.1271142,35.1172448]}},{"type":"Feature","properties":{"name":"오륙도스카이워크","name:en":"Oryukdo Skywalk","highway":"bus_stop","osmType":"node","osmId":"4533702794","districtCode":"26290","districtName":"남구"},"geometry":{"type":"Point","coordinates":[129.1216948,35.1015425]}},{"type":"Feature","properties":{"name":"이기대입구","name:en":"20, 22, 24, 27, 39, 131","highway":"bus_stop","osmType":"node","osmId":"4533702797","districtCode":"26290","districtName":"남구"},"geometry":{"type":"Point","coordinates":[129.1125209,35.1232074]}},{"type":"Feature","properties":{"name":"백운포고개","name:en":"20, 22, 24, 27, 39, 131","highway":"bus_stop","osmType":"node","osmId":"4533703395","districtCode":"26290","districtName":"남구"},"geometry":{"type":"Point","coordinates":[129.112109,35.1086565]}},{"type":"Feature","properties":{"name":"도로교통공단","highway":"bus_stop","osmType":"node","osmId":"4533703397","districtCode":"26290","districtName":"남구"},"geometry":{"type":"Point","coordinates":[129.103013,35.1310146]}},{"type":"Feature","properties":{"name":"경성대학교 입구","name:en":"10, 2-1","highway":"bus_stop","osmType":"node","osmId":"4533703399","districtCode":"26290","districtName":"남구"},"geometry":{"type":"Point","coordinates":[129.1006807,35.1363326]}},{"type":"Feature","properties":{"name":"용문중학교(남부운전면허시험장 방향)","name:en":"20, 22, 24, 27, 39, 131","highway":"bus_stop","osmType":"node","osmId":"4533704290","districtCode":"26290","districtName":"남구"},"geometry":{"type":"Point","coordinates":[129.1103642,35.1262355]}},{"type":"Feature","properties":{"name":"22, 27","highway":"bus_stop","osmType":"node","osmId":"4533742493","districtCode":"26290","districtName":"남구"},"geometry":{"type":"Point","coordinates":[129.1119414,35.1190817]}},{"type":"Feature","properties":{"name":"경성대부경대역","name:en":"Kyungsung Univ.-Pukyong Nat. Univ.","highway":"bus_stop","osmType":"node","osmId":"4537630259","districtCode":"26290","districtName":"남구"},"geometry":{"type":"Point","coordinates":[129.1021222,35.138481]}},{"type":"Feature","properties":{"highway":"bus_stop","osmType":"node","osmId":"4537709308","districtCode":"26500","districtName":"수영구"},"geometry":{"type":"Point","coordinates":[129.1104021,35.1366786]}},{"type":"Feature","properties":{"highway":"bus_stop","osmType":"node","osmId":"4537814120","districtCode":"26290","districtName":"남구"},"geometry":{"type":"Point","coordinates":[129.088191,35.1350225]}},{"type":"Feature","properties":{"highway":"bus_stop","osmType":"node","osmId":"4537827562","districtCode":"26290","districtName":"남구"},"geometry":{"type":"Point","coordinates":[129.0756841,35.1349837]}},{"type":"Feature","properties":{"highway":"bus_stop","osmType":"node","osmId":"4537829805","districtCode":"26290","districtName":"남구"},"geometry":{"type":"Point","coordinates":[129.0876961,35.1348121]}},{"type":"Feature","properties":{"name":"대연고개","highway":"bus_stop","osmType":"node","osmId":"4537834239","districtCode":"26290","districtName":"남구"},"geometry":{"type":"Point","coordinates":[129.0804398,35.1341969]}},{"type":"Feature","properties":{"name":"문현교차로/문현동부산은행","highway":"bus_stop","osmType":"node","osmId":"4537841777","districtCode":"26290","districtName":"남구"},"geometry":{"type":"Point","coordinates":[129.0702743,35.1371619]}},{"type":"Feature","properties":{"name":"자성대","highway":"bus_stop","osmType":"node","osmId":"4537865660","districtCode":"26170","districtName":"동구"},"geometry":{"type":"Point","coordinates":[129.0624161,35.1372667]}},{"type":"Feature","properties":{"name":"못골시장 Motgol market","highway":"bus_stop","osmType":"node","osmId":"4539663590","districtCode":"26290","districtName":"남구"},"geometry":{"type":"Point","coordinates":[129.088947,35.1350389]}},{"type":"Feature","properties":{"highway":"bus_stop","osmType":"node","osmId":"4539685607","districtCode":"26170","districtName":"동구"},"geometry":{"type":"Point","coordinates":[129.0503709,35.1305159]}},{"type":"Feature","properties":{"name":"부산진역","name:en":"Busanjin Station","highway":"bus_stop","osmType":"node","osmId":"4539689046","districtCode":"26170","districtName":"동구"},"geometry":{"type":"Point","coordinates":[129.0490273,35.1289601]}},{"type":"Feature","properties":{"name":"YMCA","name:en":"YMCA","highway":"bus_stop","network":"부산광역시 시내버스","osmType":"node","osmId":"4539695495","districtCode":"26170","districtName":"동구"},"geometry":{"type":"Point","coordinates":[129.0450838,35.1251117]}},{"type":"Feature","properties":{"name":"태원자갈마당","name:en":"Taewon Pebble Beach","highway":"bus_stop","network":"태종대 다누비","operator":"부산시설공단","osmType":"node","osmId":"4541322812","districtCode":"26200","districtName":"영도구"},"geometry":{"type":"Point","coordinates":[129.0813431,35.0571448]}},{"type":"Feature","properties":{"name":"태종사","name:en":"Taejongsa Temple","highway":"bus_stop","network":"태종대 다누비","operator":"부산시설공단","osmType":"node","osmId":"4541368130","districtCode":"26200","districtName":"영도구"},"geometry":{"type":"Point","coordinates":[129.0903098,35.0549457]}},{"type":"Feature","properties":{"highway":"bus_stop","osmType":"node","osmId":"4541392447","districtCode":"26200","districtName":"영도구"},"geometry":{"type":"Point","coordinates":[129.0811175,35.0648025]}},{"type":"Feature","properties":{"name":"지장암","highway":"bus_stop","osmType":"node","osmId":"4541533093","districtCode":"26410","districtName":"금정구"},"geometry":{"type":"Point","coordinates":[129.078647,35.2813723]}},{"type":"Feature","properties":{"name":"90","highway":"bus_stop","osmType":"node","osmId":"4541533972","districtCode":"26410","districtName":"금정구"},"geometry":{"type":"Point","coordinates":[129.0864766,35.2815268]}},{"type":"Feature","properties":{"name":"오륙도스카이워크","name:en":"Oryukdo Skywalk","highway":"bus_stop","osmType":"node","osmId":"4570530393","districtCode":"26290","districtName":"남구"},"geometry":{"type":"Point","coordinates":[129.1217286,35.1013326]}},{"type":"Feature","properties":{"name":"롯데캐슬카이저 남문","highway":"bus_stop","osmType":"node","osmId":"4637467413","districtCode":"26320","districtName":"북구"},"geometry":{"type":"Point","coordinates":[129.0089528,35.2189756]}},{"type":"Feature","properties":{"name":"롯데캐슬카이저 남문","highway":"bus_stop","osmType":"node","osmId":"4637467414","districtCode":"26320","districtName":"북구"},"geometry":{"type":"Point","coordinates":[129.0088408,35.2184739]}},{"type":"Feature","properties":{"name":"수정역","highway":"bus_stop","osmType":"node","osmId":"4637467415","districtCode":"26320","districtName":"북구"},"geometry":{"type":"Point","coordinates":[129.008859,35.2220109]}},{"type":"Feature","properties":{"name":"수정역","highway":"bus_stop","osmType":"node","osmId":"4637467416","districtCode":"26320","districtName":"북구"},"geometry":{"type":"Point","coordinates":[129.0087437,35.2226683]}},{"type":"Feature","properties":{"name":"화명중학교","highway":"bus_stop","osmType":"node","osmId":"4637467417","districtCode":"26320","districtName":"북구"},"geometry":{"type":"Point","coordinates":[129.0101147,35.2251937]}},{"type":"Feature","properties":{"name":"화명중학교","highway":"bus_stop","osmType":"node","osmId":"4637467418","districtCode":"26320","districtName":"북구"},"geometry":{"type":"Point","coordinates":[129.0098153,35.225194]}},{"type":"Feature","properties":{"highway":"bus_stop","osmType":"node","osmId":"4637529578","districtCode":"26140","districtName":"서구"},"geometry":{"type":"Point","coordinates":[129.0257719,35.1132167]}},{"type":"Feature","properties":{"highway":"bus_stop","osmType":"node","osmId":"4637530634","districtCode":"26140","districtName":"서구"},"geometry":{"type":"Point","coordinates":[129.0261078,35.1130362]}},{"type":"Feature","properties":{"highway":"bus_stop","osmType":"node","osmId":"4637530746","districtCode":"26140","districtName":"서구"},"geometry":{"type":"Point","coordinates":[129.0192501,35.1147672]}},{"type":"Feature","properties":{"highway":"bus_stop","osmType":"node","osmId":"4637553957","districtCode":"26140","districtName":"서구"},"geometry":{"type":"Point","coordinates":[129.019128,35.1144674]}},{"type":"Feature","properties":{"name":"2번 참사랑어린이집","highway":"bus_stop","osmType":"node","osmId":"4656437840","districtCode":"26530","districtName":"사상구"},"geometry":{"type":"Point","coordinates":[129.0038382,35.155257]}},{"type":"Feature","properties":{"name":"부산외국어대학교캠퍼스","highway":"bus_stop","network":"부산광역시 마을버스 운송사업조합","operator":"태성여객","osmType":"node","osmId":"4656440833","districtCode":"26410","districtName":"금정구"},"geometry":{"type":"Point","coordinates":[129.0803,35.2671804]}},{"type":"Feature","properties":{"name":"부산외국어대학교캠퍼스","highway":"bus_stop","network":"부산광역시 마을버스 운송사업조합","operator":"태성여객","osmType":"node","osmId":"4656440834","districtCode":"26410","districtName":"금정구"},"geometry":{"type":"Point","coordinates":[129.0805852,35.2675993]}},{"type":"Feature","properties":{"highway":"bus_stop","osmType":"node","osmId":"4658697935","districtCode":"26530","districtName":"사상구"},"geometry":{"type":"Point","coordinates":[129.000719,35.185009]}},{"type":"Feature","properties":{"name":"부산외국어대학교정문","highway":"bus_stop","network":"부산광역시 마을버스 운송사업조합","operator":"태성여객","osmType":"node","osmId":"4663182283","districtCode":"26410","districtName":"금정구"},"geometry":{"type":"Point","coordinates":[129.084657,35.2665745]}},{"type":"Feature","properties":{"name":"부산외국어대학교정문","highway":"bus_stop","network":"부산광역시 마을버스 운송사업조합","operator":"태성여객","osmType":"node","osmId":"4663182284","districtCode":"26410","districtName":"금정구"},"geometry":{"type":"Point","coordinates":[129.0852034,35.2656349]}},{"type":"Feature","properties":{"highway":"bus_stop","osmType":"node","osmId":"4665557501","districtCode":"26440","districtName":"강서구"},"geometry":{"type":"Point","coordinates":[128.9690368,35.2202199]}},{"type":"Feature","properties":{"name":"만덕그린코아","highway":"bus_stop","osmType":"node","osmId":"4674319093","districtCode":"26320","districtName":"북구"},"geometry":{"type":"Point","coordinates":[129.0302422,35.2107037]}},{"type":"Feature","properties":{"name":"만덕그린코아","highway":"bus_stop","osmType":"node","osmId":"4674358089","districtCode":"26320","districtName":"북구"},"geometry":{"type":"Point","coordinates":[129.0303546,35.2106325]}},{"type":"Feature","properties":{"name":"만덕2동주민센터","highway":"bus_stop","osmType":"node","osmId":"4680300322","districtCode":"26320","districtName":"북구"},"geometry":{"type":"Point","coordinates":[129.0377209,35.2100819]}},{"type":"Feature","properties":{"name":"만덕2동주민센터","highway":"bus_stop","osmType":"node","osmId":"4680300323","districtCode":"26320","districtName":"북구"},"geometry":{"type":"Point","coordinates":[129.0379712,35.2103295]}},{"type":"Feature","properties":{"name":"만덕2동주민센터(마을버스정류장)","highway":"bus_stop","osmType":"node","osmId":"4680300324","districtCode":"26320","districtName":"북구"},"geometry":{"type":"Point","coordinates":[129.0378,35.2102972]}},{"type":"Feature","properties":{"name":"만덕삼성아파트(만덕역)","highway":"bus_stop","osmType":"node","osmId":"4680300328","districtCode":"26320","districtName":"북구"},"geometry":{"type":"Point","coordinates":[129.0369546,35.2118345]}},{"type":"Feature","properties":{"name":"만덕삼성아파트(만덕역)","highway":"bus_stop","osmType":"node","osmId":"4680300329","districtCode":"26320","districtName":"북구"},"geometry":{"type":"Point","coordinates":[129.0369888,35.2119632]}},{"type":"Feature","properties":{"name":"만덕역","highway":"bus_stop","osmType":"node","osmId":"4680300331","districtCode":"26320","districtName":"북구"},"geometry":{"type":"Point","coordinates":[129.0362957,35.2126028]}},{"type":"Feature","properties":{"name":"만덕교차로","highway":"bus_stop","osmType":"node","osmId":"4680358780","districtCode":"26320","districtName":"북구"},"geometry":{"type":"Point","coordinates":[129.0380764,35.2126474]}},{"type":"Feature","properties":{"name":"마을버스 9","highway":"bus_stop","osmType":"node","osmId":"4686337375","districtCode":"26290","districtName":"남구"},"geometry":{"type":"Point","coordinates":[129.1152541,35.1189838]}},{"type":"Feature","properties":{"name":"부산은행/용호사거리","highway":"bus_stop","osmType":"node","osmId":"4686337697","districtCode":"26290","districtName":"남구"},"geometry":{"type":"Point","coordinates":[129.1122384,35.1209157]}},{"type":"Feature","properties":{"name":"용호사거리","highway":"bus_stop","osmType":"node","osmId":"4686337701","districtCode":"26290","districtName":"남구"},"geometry":{"type":"Point","coordinates":[129.1118508,35.1193259]}},{"type":"Feature","properties":{"name":"부산외국어대학교","highway":"bus_stop","osmType":"node","osmId":"4686742003","districtCode":"26410","districtName":"금정구"},"geometry":{"type":"Point","coordinates":[129.0852153,35.2656193]}},{"type":"Feature","properties":{"name":"남산고교","highway":"bus_stop","osmType":"node","osmId":"4686742031","districtCode":"26410","districtName":"금정구"},"geometry":{"type":"Point","coordinates":[129.084341,35.2672083]}},{"type":"Feature","properties":{"name":"남산고교","highway":"bus_stop","osmType":"node","osmId":"4686742032","districtCode":"26410","districtName":"금정구"},"geometry":{"type":"Point","coordinates":[129.0842507,35.2668191]}},{"type":"Feature","properties":{"name":"부산외국어대학교정문","highway":"bus_stop","network":"부산광역시 마을버스 운송사업조합","operator":"태성여객","osmType":"node","osmId":"4686742033","districtCode":"26410","districtName":"금정구"},"geometry":{"type":"Point","coordinates":[129.0845814,35.2663962]}},{"type":"Feature","properties":{"name":"가야1치안센터","highway":"bus_stop","osmType":"node","osmId":"4701604634","districtCode":"26230","districtName":"부산진구"},"geometry":{"type":"Point","coordinates":[129.036744,35.1549661]}},{"type":"Feature","properties":{"name":"가야1치안센터","name:en":"Gaya 1 Community Policing Center","highway":"bus_stop","osmType":"node","osmId":"4701604635","districtCode":"26230","districtName":"부산진구"},"geometry":{"type":"Point","coordinates":[129.0367812,35.1546015]}},{"type":"Feature","properties":{"name":"가야1치안센터","highway":"bus_stop","osmType":"node","osmId":"4701604636","districtCode":"26230","districtName":"부산진구"},"geometry":{"type":"Point","coordinates":[129.0368745,35.1539168]}},{"type":"Feature","properties":{"name":"가야1치안센터","highway":"bus_stop","osmType":"node","osmId":"4701604637","districtCode":"26230","districtName":"부산진구"},"geometry":{"type":"Point","coordinates":[129.0372312,35.1542621]}},{"type":"Feature","properties":{"name":"가야시장","highway":"bus_stop","osmType":"node","osmId":"4701604639","districtCode":"26230","districtName":"부산진구"},"geometry":{"type":"Point","coordinates":[129.0444422,35.155943]}},{"type":"Feature","properties":{"name":"가야시장","highway":"bus_stop","osmType":"node","osmId":"4701604640","districtCode":"26230","districtName":"부산진구"},"geometry":{"type":"Point","coordinates":[129.043522,35.1561534]}},{"type":"Feature","properties":{"name":"부암역","highway":"bus_stop","osmType":"node","osmId":"4701604641","districtCode":"26230","districtName":"부산진구"},"geometry":{"type":"Point","coordinates":[129.0484693,35.156725]}},{"type":"Feature","properties":{"name":"부암역","highway":"bus_stop","osmType":"node","osmId":"4701604642","districtCode":"26230","districtName":"부산진구"},"geometry":{"type":"Point","coordinates":[129.0490125,35.1573056]}},{"type":"Feature","properties":{"name":"6번, 169-1번, 46번","highway":"bus_stop","osmType":"node","osmId":"4712828314","districtCode":"26320","districtName":"북구"},"geometry":{"type":"Point","coordinates":[129.0027174,35.1972139]}},{"type":"Feature","properties":{"name":"19번","highway":"bus_stop","osmType":"node","osmId":"4712828315","districtCode":"26320","districtName":"북구"},"geometry":{"type":"Point","coordinates":[129.0026954,35.1969889]}},{"type":"Feature","properties":{"name":"46번","highway":"bus_stop","osmType":"node","osmId":"4712828316","districtCode":"26320","districtName":"북구"},"geometry":{"type":"Point","coordinates":[129.0031087,35.1976644]}},{"type":"Feature","properties":{"name":"동래시외버스정류소","highway":"bus_stop","osmType":"node","osmId":"4715095698","districtCode":"26260","districtName":"동래구"},"geometry":{"type":"Point","coordinates":[129.0765842,35.2057174]}},{"type":"Feature","properties":{"name":"회동동","highway":"bus_stop","osmType":"node","osmId":"4715112747","districtCode":"26410","districtName":"금정구"},"geometry":{"type":"Point","coordinates":[129.124037,35.2303498]}},{"type":"Feature","properties":{"name":"남산고등학교","highway":"bus_stop","network":"부산광역시 마을버스 운송사업조합","operator":"태성여객","osmType":"node","osmId":"4740026709","districtCode":"26410","districtName":"금정구"},"geometry":{"type":"Point","coordinates":[129.0853951,35.2670685]}},{"type":"Feature","properties":{"name":"남산고등학교","highway":"bus_stop","network":"부산광역시 마을버스 운송사업조합","operator":"태성여객","osmType":"node","osmId":"4740026710","districtCode":"26410","districtName":"금정구"},"geometry":{"type":"Point","coordinates":[129.0854861,35.2669748]}},{"type":"Feature","properties":{"name":"탐앤탐스부산외대점","highway":"bus_stop","network":"부산광역시 마을버스 운송사업조합","operator":"태성여객","osmType":"node","osmId":"4740026711","districtCode":"26410","districtName":"금정구"},"geometry":{"type":"Point","coordinates":[129.0881693,35.26706]}},{"type":"Feature","properties":{"name":"탐앤탐스부산외대점","highway":"bus_stop","network":"부산광역시 마을버스 운송사업조합","operator":"태성여객","osmType":"node","osmId":"4740026712","districtCode":"26410","districtName":"금정구"},"geometry":{"type":"Point","coordinates":[129.0884665,35.266964]}},{"type":"Feature","properties":{"name":"천일아파트","highway":"bus_stop","network":"부산광역시 마을버스 운송사업조합","operator":"태성여객","osmType":"node","osmId":"4740026714","districtCode":"26410","districtName":"금정구"},"geometry":{"type":"Point","coordinates":[129.0899888,35.2668824]}},{"type":"Feature","properties":{"name":"성원아파트","highway":"bus_stop","network":"부산광역시 마을버스 운송사업조합","operator":"부산광역시 마을버스 운송사업조합","osmType":"node","osmId":"4740026715","districtCode":"26410","districtName":"금정구"},"geometry":{"type":"Point","coordinates":[129.0915913,35.2668218]}},{"type":"Feature","properties":{"name":"남산역","highway":"bus_stop","network":"부산광역시 마을버스 운송사업조합","operator":"태성여객","osmType":"node","osmId":"4740026717","districtCode":"26410","districtName":"금정구"},"geometry":{"type":"Point","coordinates":[129.0922845,35.2650304]}},{"type":"Feature","properties":{"name":"남산교회","highway":"bus_stop","network":"부산광역시 마을버스 운송사업조합","operator":"태성여객","osmType":"node","osmId":"4740026718","districtCode":"26410","districtName":"금정구"},"geometry":{"type":"Point","coordinates":[129.0899559,35.2650953]}},{"type":"Feature","properties":{"name":"전원빌라","highway":"bus_stop","network":"부산광역시 마을버스 운송사업조합","operator":"태성여객","osmType":"node","osmId":"4740026719","districtCode":"26410","districtName":"금정구"},"geometry":{"type":"Point","coordinates":[129.0888716,35.2655855]}},{"type":"Feature","properties":{"name":"부산외국어대학교정문","highway":"bus_stop","network":"부산광역시 마을버스 운송사업조합","operator":"태성여객","osmType":"node","osmId":"4740026720","districtCode":"26410","districtName":"금정구"},"geometry":{"type":"Point","coordinates":[129.085322,35.2657421]}},{"type":"Feature","properties":{"name":"부산과학고등학교","highway":"bus_stop","network":"부산광역시 마을버스 운송사업조합","operator":"태성여객","osmType":"node","osmId":"4740026821","districtCode":"26410","districtName":"금정구"},"geometry":{"type":"Point","coordinates":[129.0852311,35.2646593]}},{"type":"Feature","properties":{"name":"남산성당","highway":"bus_stop","osmType":"node","osmId":"4740026822","districtCode":"26410","districtName":"금정구"},"geometry":{"type":"Point","coordinates":[129.0852357,35.2646843]}},{"type":"Feature","properties":{"name":"남산성당","highway":"bus_stop","osmType":"node","osmId":"4740026823","districtCode":"26410","districtName":"금정구"},"geometry":{"type":"Point","coordinates":[129.0850498,35.2645252]}},{"type":"Feature","properties":{"name":"부산과학고등학교","highway":"bus_stop","network":"부산광역시 마을버스 운송사업조합","operator":"태성여객","osmType":"node","osmId":"4740026824","districtCode":"26410","districtName":"금정구"},"geometry":{"type":"Point","coordinates":[129.0850424,35.2644828]}},{"type":"Feature","properties":{"name":"선경3차아파트312동앞","name:en":"Seongyeong samcha aparteu sambaeksipidong ap","highway":"bus_stop","network":"부산광역시 마을버스 운송사업조합","operator":"태성여객","osmType":"node","osmId":"4740026825","districtCode":"26410","districtName":"금정구"},"geometry":{"type":"Point","coordinates":[129.0844002,35.2625812]}},{"type":"Feature","properties":{"name":"선경3차아파트312동앞","name:en":"Seongyeong samcha aparteu sambaeksipidong ap","highway":"bus_stop","network":"부산광역시 마을버스 운송사업조합","operator":"태성여객","osmType":"node","osmId":"4740026826","districtCode":"26410","districtName":"금정구"},"geometry":{"type":"Point","coordinates":[129.0846352,35.2627537]}},{"type":"Feature","properties":{"name":"선경3차후문·약수터","highway":"bus_stop","network":"부산광역시 마을버스 운송사업조합","operator":"태성여객","osmType":"node","osmId":"4740026827","districtCode":"26410","districtName":"금정구"},"geometry":{"type":"Point","coordinates":[129.0844687,35.2607697]}},{"type":"Feature","properties":{"name":"선경3차후문·약수터","highway":"bus_stop","network":"부산광역시 마을버스 운송사업조합","operator":"태성여객","osmType":"node","osmId":"4740026828","districtCode":"26410","districtName":"금정구"},"geometry":{"type":"Point","coordinates":[129.0842996,35.260921]}},{"type":"Feature","properties":{"name":"선경3차입구","highway":"bus_stop","network":"부산광역시 마을버스 운송사업조합","operator":"태성여객","osmType":"node","osmId":"4740026829","districtCode":"26410","districtName":"금정구"},"geometry":{"type":"Point","coordinates":[129.0840405,35.2590573]}},{"type":"Feature","properties":{"name":"선경3차입구","highway":"bus_stop","network":"부산광역시 마을버스 운송사업조합","operator":"태성여객","osmType":"node","osmId":"4740026830","districtCode":"26410","districtName":"금정구"},"geometry":{"type":"Point","coordinates":[129.0841455,35.2586783]}},{"type":"Feature","properties":{"name":"선경3차정문","highway":"bus_stop","network":"부산광역시 마을버스 운송사업조합","operator":"태성여객","osmType":"node","osmId":"4740026831","districtCode":"26410","districtName":"금정구"},"geometry":{"type":"Point","coordinates":[129.0850804,35.2585576]}},{"type":"Feature","properties":{"name":"구서2치안센터","highway":"bus_stop","network":"부산광역시 마을버스 운송사업조합","operator":"태성여객","osmType":"node","osmId":"4740026832","districtCode":"26410","districtName":"금정구"},"geometry":{"type":"Point","coordinates":[129.0859863,35.258137]}},{"type":"Feature","properties":{"name":"신동아아파트","highway":"bus_stop","network":"부산광역시 마을버스 운송사업조합","operator":"태성여객","osmType":"node","osmId":"4740026833","districtCode":"26410","districtName":"금정구"},"geometry":{"type":"Point","coordinates":[129.0876695,35.2577753]}},{"type":"Feature","properties":{"name":"신경1차·우성아파트","highway":"bus_stop","network":"부산광역시 마을버스 운송사업조합","operator":"태성여객","osmType":"node","osmId":"4740026834","districtCode":"26410","districtName":"금정구"},"geometry":{"type":"Point","coordinates":[129.0876955,35.2559142]}},{"type":"Feature","properties":{"name":"신동아아파트","highway":"bus_stop","osmType":"node","osmId":"4740026835","districtCode":"26410","districtName":"금정구"},"geometry":{"type":"Point","coordinates":[129.0876961,35.2559849]}},{"type":"Feature","properties":{"name":"롯데캐슬정문","highway":"bus_stop","network":"부산광역시 마을버스 운송사업조합","operator":"태성여객","osmType":"node","osmId":"4740026836","districtCode":"26410","districtName":"금정구"},"geometry":{"type":"Point","coordinates":[129.0876774,35.2528635]}},{"type":"Feature","properties":{"name":"롯데캐슬정문","highway":"bus_stop","osmType":"node","osmId":"4740026837","districtCode":"26410","districtName":"금정구"},"geometry":{"type":"Point","coordinates":[129.0876758,35.2527869]}},{"type":"Feature","properties":{"name":"롯데캐슬입구","highway":"bus_stop","network":"부산광역시 마을버스 운송사업조합","operator":"태성여객","osmType":"node","osmId":"4740026839","districtCode":"26410","districtName":"금정구"},"geometry":{"type":"Point","coordinates":[129.0876427,35.2509428]}},{"type":"Feature","properties":{"name":"롯데캐슬입구","highway":"bus_stop","osmType":"node","osmId":"4740026840","districtCode":"26410","districtName":"금정구"},"geometry":{"type":"Point","coordinates":[129.0876425,35.2509233]}},{"type":"Feature","properties":{"name":"롯데캐슬입구","highway":"bus_stop","network":"부산광역시 마을버스 운송사업조합","operator":"태성여객","osmType":"node","osmId":"4740026849","districtCode":"26410","districtName":"금정구"},"geometry":{"type":"Point","coordinates":[129.0878761,35.2506358]}},{"type":"Feature","properties":{"name":"롯데캐슬입구","highway":"bus_stop","osmType":"node","osmId":"4740026850","districtCode":"26410","districtName":"금정구"},"geometry":{"type":"Point","coordinates":[129.0878744,35.2506862]}},{"type":"Feature","properties":{"name":"이마트","name:en":"E-Mart","highway":"bus_stop","network":"부산광역시 마을버스 운송사업조합","operator":"태성여객","osmType":"node","osmId":"4740026851","districtCode":"26410","districtName":"금정구"},"geometry":{"type":"Point","coordinates":[129.0903578,35.2491558]}},{"type":"Feature","properties":{"name":"이마트","name:en":"E-Mart","highway":"bus_stop","network":"부산광역시 마을버스 운송사업조합","operator":"태성여객","osmType":"node","osmId":"4740026852","districtCode":"26410","districtName":"금정구"},"geometry":{"type":"Point","coordinates":[129.0903746,35.2488354]}},{"type":"Feature","properties":{"name":"구서역","highway":"bus_stop","network":"부산광역시 마을버스 운송사업조합","operator":"태성여객","osmType":"node","osmId":"4740026853","districtCode":"26410","districtName":"금정구"},"geometry":{"type":"Point","coordinates":[129.0915018,35.2468259]}},{"type":"Feature","properties":{"name":"구서역3번출구","highway":"bus_stop","network":"부산광역시 마을버스 운송사업조합","operator":"태성여객","osmType":"node","osmId":"4740026854","districtCode":"26410","districtName":"금정구"},"geometry":{"type":"Point","coordinates":[129.0911349,35.2479272]}},{"type":"Feature","properties":{"name":"태광인력개발원","highway":"bus_stop","network":"부산광역시 마을버스 운송사업조합","operator":"부산광역시 마을버스 운송사업조합","osmType":"node","osmId":"4740026855","districtCode":"26410","districtName":"금정구"},"geometry":{"type":"Point","coordinates":[129.0846797,35.2531934]}},{"type":"Feature","properties":{"name":"우성아파트3동앞","highway":"bus_stop","network":"부산광역시 마을버스 운송사업조합","operator":"태성여객","osmType":"node","osmId":"4740026856","districtCode":"26410","districtName":"금정구"},"geometry":{"type":"Point","coordinates":[129.0849264,35.2545588]}},{"type":"Feature","properties":{"name":"우성아파트10동앞","highway":"bus_stop","network":"부산광역시 마을버스 운송사업조합","operator":"태성여객","osmType":"node","osmId":"4740026857","districtCode":"26410","districtName":"금정구"},"geometry":{"type":"Point","coordinates":[129.0847026,35.2558952]}},{"type":"Feature","properties":{"name":"우성아파트12동앞","highway":"bus_stop","network":"부산광역시 마을버스 운송사업조합","operator":"태성여객","osmType":"node","osmId":"4740026858","districtCode":"26410","districtName":"금정구"},"geometry":{"type":"Point","coordinates":[129.084608,35.2569369]}},{"type":"Feature","properties":{"name":"롯데캐슬정문","highway":"bus_stop","network":"부산광역시 마을버스 운송사업조합","operator":"태성여객","osmType":"node","osmId":"4740113239","districtCode":"26410","districtName":"금정구"},"geometry":{"type":"Point","coordinates":[129.0878344,35.2525641]}},{"type":"Feature","properties":{"name":"롯데캐슬정문","highway":"bus_stop","osmType":"node","osmId":"4740113240","districtCode":"26410","districtName":"금정구"},"geometry":{"type":"Point","coordinates":[129.0878362,35.2528343]}},{"type":"Feature","properties":{"name":"구서역","highway":"bus_stop","network":"부산광역시 마을버스 운송사업조합","operator":"태성여객","osmType":"node","osmId":"4756874697","districtCode":"26410","districtName":"금정구"},"geometry":{"type":"Point","coordinates":[129.0917436,35.2465691]}},{"type":"Feature","properties":{"name":"금정구청","highway":"bus_stop","network":"부산광역시 마을버스 운송사업조합","operator":"태성여객","osmType":"node","osmId":"4756874698","districtCode":"26410","districtName":"금정구"},"geometry":{"type":"Point","coordinates":[129.0928565,35.2423552]}},{"type":"Feature","properties":{"name":"금정구청","highway":"bus_stop","network":"부산광역시 마을버스 운송사업조합","operator":"태성여객","osmType":"node","osmId":"4756874699","districtCode":"26410","districtName":"금정구"},"geometry":{"type":"Point","coordinates":[129.0931775,35.2424139]}},{"type":"Feature","properties":{"name":"GS슈퍼","highway":"bus_stop","network":"부산광역시 마을버스 운송사업조합","operator":"태성여객","osmType":"node","osmId":"4756874700","districtCode":"26410","districtName":"금정구"},"geometry":{"type":"Point","coordinates":[129.094067,35.2432277]}},{"type":"Feature","properties":{"name":"동래여자중·고등학교","highway":"bus_stop","network":"부산광역시 마을버스 운송사업조합","operator":"부산광역시 마을버스 운송사업조합","osmType":"node","osmId":"4756874701","districtCode":"26410","districtName":"금정구"},"geometry":{"type":"Point","coordinates":[129.0957629,35.2463851]}},{"type":"Feature","properties":{"name":"금정문화회관","highway":"bus_stop","network":"부산광역시 마을버스 운송사업조합","operator":"태성여객","osmType":"node","osmId":"4756874702","districtCode":"26410","districtName":"금정구"},"geometry":{"type":"Point","coordinates":[129.094659,35.2456694]}},{"type":"Feature","properties":{"name":"동래초등학교","highway":"bus_stop","network":"부산광역시 마을버스 운송사업조합","operator":"부산광역시 마을버스 운송사업조합","osmType":"node","osmId":"4756874703","districtCode":"26410","districtName":"금정구"},"geometry":{"type":"Point","coordinates":[129.0971063,35.2475635]}},{"type":"Feature","properties":{"name":"동래초등학교","highway":"bus_stop","network":"부산광역시 마을버스 운송사업조합","operator":"부산광역시 마을버스 운송사업조합","osmType":"node","osmId":"4756874704","districtCode":"26410","districtName":"금정구"},"geometry":{"type":"Point","coordinates":[129.0969218,35.2475625]}},{"type":"Feature","properties":{"name":"태평양아파트","highway":"bus_stop","network":"부산광역시 마을버스 운송사업조합","operator":"부산광역시 마을버스 운송사업조합","osmType":"node","osmId":"4756874705","districtCode":"26410","districtName":"금정구"},"geometry":{"type":"Point","coordinates":[129.0976403,35.2485087]}},{"type":"Feature","properties":{"name":"태평양아파트","highway":"bus_stop","network":"부산광역시 마을버스 운송사업조합","operator":"부산광역시 마을버스 운송사업조합","osmType":"node","osmId":"4756874706","districtCode":"26410","districtName":"금정구"},"geometry":{"type":"Point","coordinates":[129.0975499,35.2486439]}},{"type":"Feature","properties":{"name":"금단마을","highway":"bus_stop","network":"부산광역시 마을버스 운송사업조합","operator":"태성여객","osmType":"node","osmId":"4756874707","districtCode":"26410","districtName":"금정구"},"geometry":{"type":"Point","coordinates":[129.0999878,35.2523416]}},{"type":"Feature","properties":{"name":"브니엘고등학교","highway":"bus_stop","network":"부산광역시 마을버스 운송사업조합","operator":"태성여객","osmType":"node","osmId":"4756874708","districtCode":"26410","districtName":"금정구"},"geometry":{"type":"Point","coordinates":[129.102491,35.2574733]}},{"type":"Feature","properties":{"name":"매표소","name:en":"Ticket Office","highway":"bus_stop","network":"태종대 다누비","operator":"부산시설공단","wheelchair":"yes","osmType":"node","osmId":"4831928223","districtCode":"26200","districtName":"영도구"},"geometry":{"type":"Point","coordinates":[129.0803136,35.0595938]}},{"type":"Feature","properties":{"highway":"bus_stop","osmType":"node","osmId":"4939455722","districtCode":"26110","districtName":"중구"},"geometry":{"type":"Point","coordinates":[129.0330314,35.1075024]}},{"type":"Feature","properties":{"highway":"bus_stop","osmType":"node","osmId":"4941965321","districtCode":"26110","districtName":"중구"},"geometry":{"type":"Point","coordinates":[129.0300494,35.111042]}},{"type":"Feature","properties":{"name":"해운대해수욕장","name:en":"Huandae Beach","highway":"bus_stop","osmType":"node","osmId":"4943685023","districtCode":"26350","districtName":"해운대구"},"geometry":{"type":"Point","coordinates":[129.1590295,35.1591818]}},{"type":"Feature","properties":{"highway":"bus_stop","osmType":"node","osmId":"4944910726","districtCode":"26110","districtName":"중구"},"geometry":{"type":"Point","coordinates":[129.0345417,35.112251]}},{"type":"Feature","properties":{"name":"벡스코 시립미술관 정류장;벡스코 시립미술관","name:en":"BEXCO","highway":"bus_stop","osmType":"node","osmId":"4956437421","districtCode":"26350","districtName":"해운대구"},"geometry":{"type":"Point","coordinates":[129.1370909,35.1704539]}},{"type":"Feature","properties":{"name":"상록아파트","highway":"bus_stop","network":"39","osmType":"node","osmId":"4982104270","districtCode":"26350","districtName":"해운대구"},"geometry":{"type":"Point","coordinates":[129.1812905,35.1657917]}},{"type":"Feature","properties":{"name":"SK view아파트","highway":"bus_stop","osmType":"node","osmId":"4982104271","districtCode":"26350","districtName":"해운대구"},"geometry":{"type":"Point","coordinates":[129.181489,35.1657182]}},{"type":"Feature","properties":{"name":"상록아파트","highway":"bus_stop","osmType":"node","osmId":"4982104272","districtCode":"26350","districtName":"해운대구"},"geometry":{"type":"Point","coordinates":[129.1797048,35.1650914]}},{"type":"Feature","properties":{"name":"신곡중/영남아파트","highway":"bus_stop","osmType":"node","osmId":"4982125009","districtCode":"26350","districtName":"해운대구"},"geometry":{"type":"Point","coordinates":[129.1827724,35.1687201]}},{"type":"Feature","properties":{"name":"영남아파트","highway":"bus_stop","osmType":"node","osmId":"4982125010","districtCode":"26350","districtName":"해운대구"},"geometry":{"type":"Point","coordinates":[129.1828611,35.1680381]}},{"type":"Feature","properties":{"name":"해운대보건소","highway":"bus_stop","osmType":"node","osmId":"4982142400","districtCode":"26350","districtName":"해운대구"},"geometry":{"type":"Point","coordinates":[129.1794689,35.1637733]}},{"type":"Feature","properties":{"name":"동백초등학교해운대보건소","highway":"bus_stop","osmType":"node","osmId":"4982142401","districtCode":"26350","districtName":"해운대구"},"geometry":{"type":"Point","coordinates":[129.1799441,35.1638691]}},{"type":"Feature","properties":{"name":"교리초등학교","highway":"bus_stop","osmType":"node","osmId":"4982247110","districtCode":"26710","districtName":"기장군"},"geometry":{"type":"Point","coordinates":[129.2161361,35.2542748]}},{"type":"Feature","properties":{"name":"교리초등학교","highway":"bus_stop","osmType":"node","osmId":"4982247111","districtCode":"26710","districtName":"기장군"},"geometry":{"type":"Point","coordinates":[129.216153,35.2541473]}},{"type":"Feature","properties":{"name":"교리","highway":"bus_stop","osmType":"node","osmId":"4982247114","districtCode":"26710","districtName":"기장군"},"geometry":{"type":"Point","coordinates":[129.2158273,35.2529183]}},{"type":"Feature","properties":{"name":"교리","highway":"bus_stop","osmType":"node","osmId":"4982247115","districtCode":"26710","districtName":"기장군"},"geometry":{"type":"Point","coordinates":[129.2157176,35.2526037]}},{"type":"Feature","properties":{"name":"기장도서관","highway":"bus_stop","osmType":"node","osmId":"4982252115","districtCode":"26710","districtName":"기장군"},"geometry":{"type":"Point","coordinates":[129.2168268,35.2499421]}},{"type":"Feature","properties":{"name":"기장도서관","highway":"bus_stop","osmType":"node","osmId":"4982252116","districtCode":"26710","districtName":"기장군"},"geometry":{"type":"Point","coordinates":[129.2168562,35.2500275]}},{"type":"Feature","properties":{"name":"한신아파트정문","highway":"bus_stop","osmType":"node","osmId":"4983980825","districtCode":"26710","districtName":"기장군"},"geometry":{"type":"Point","coordinates":[129.2168043,35.2478709]}},{"type":"Feature","properties":{"name":"한신아파트정문","highway":"bus_stop","osmType":"node","osmId":"4983980826","districtCode":"26710","districtName":"기장군"},"geometry":{"type":"Point","coordinates":[129.2168928,35.2480269]}},{"type":"Feature","properties":{"name":"기장지구대","highway":"bus_stop","osmType":"node","osmId":"4983980827","districtCode":"26710","districtName":"기장군"},"geometry":{"type":"Point","coordinates":[129.2167428,35.2462461]}},{"type":"Feature","properties":{"name":"기장지구대","highway":"bus_stop","osmType":"node","osmId":"4983980828","districtCode":"26710","districtName":"기장군"},"geometry":{"type":"Point","coordinates":[129.2168018,35.2462176]}},{"type":"Feature","properties":{"name":"기장시장","highway":"bus_stop","osmType":"node","osmId":"4983980829","districtCode":"26710","districtName":"기장군"},"geometry":{"type":"Point","coordinates":[129.2159475,35.2451676]}},{"type":"Feature","properties":{"name":"기장시장","highway":"bus_stop","osmType":"node","osmId":"4983980830","districtCode":"26710","districtName":"기장군"},"geometry":{"type":"Point","coordinates":[129.2159652,35.2450578]}},{"type":"Feature","properties":{"name":"기장초등학교","highway":"bus_stop","osmType":"node","osmId":"4983980831","districtCode":"26710","districtName":"기장군"},"geometry":{"type":"Point","coordinates":[129.2136626,35.2439372]}},{"type":"Feature","properties":{"name":"기장초등학교","highway":"bus_stop","osmType":"node","osmId":"4983980832","districtCode":"26710","districtName":"기장군"},"geometry":{"type":"Point","coordinates":[129.21351,35.2438517]}},{"type":"Feature","properties":{"name":"기장전화국","highway":"bus_stop","osmType":"node","osmId":"4983980833","districtCode":"26710","districtName":"기장군"},"geometry":{"type":"Point","coordinates":[129.2135894,35.2417956]}},{"type":"Feature","properties":{"name":"기장전화국","highway":"bus_stop","osmType":"node","osmId":"4983980834","districtCode":"26710","districtName":"기장군"},"geometry":{"type":"Point","coordinates":[129.2133942,35.241945]}},{"type":"Feature","properties":{"name":"아름공원","highway":"bus_stop","osmType":"node","osmId":"4983983222","districtCode":"26710","districtName":"기장군"},"geometry":{"type":"Point","coordinates":[129.2147342,35.2412576]}},{"type":"Feature","properties":{"name":"아름공원","highway":"bus_stop","osmType":"node","osmId":"4983983223","districtCode":"26710","districtName":"기장군"},"geometry":{"type":"Point","coordinates":[129.2150392,35.2411647]}},{"type":"Feature","properties":{"name":"기장성당","highway":"bus_stop","osmType":"node","osmId":"4983983224","districtCode":"26710","districtName":"기장군"},"geometry":{"type":"Point","coordinates":[129.2180883,35.2410518]}},{"type":"Feature","properties":{"name":"기장성당","highway":"bus_stop","osmType":"node","osmId":"4983983225","districtCode":"26710","districtName":"기장군"},"geometry":{"type":"Point","coordinates":[129.2178159,35.2411348]}},{"type":"Feature","properties":{"name":"죽성사거리","highway":"bus_stop","osmType":"node","osmId":"4983985615","districtCode":"26710","districtName":"기장군"},"geometry":{"type":"Point","coordinates":[129.2203084,35.2397138]}},{"type":"Feature","properties":{"name":"죽성사거리","highway":"bus_stop","osmType":"node","osmId":"4983985616","districtCode":"26710","districtName":"기장군"},"geometry":{"type":"Point","coordinates":[129.220135,35.2398555]}},{"type":"Feature","properties":{"name":"청강사거리","highway":"bus_stop","osmType":"node","osmId":"4983985617","districtCode":"26710","districtName":"기장군"},"geometry":{"type":"Point","coordinates":[129.2187972,35.2373464]}},{"type":"Feature","properties":{"name":"청강사거리","highway":"bus_stop","osmType":"node","osmId":"4983985618","districtCode":"26710","districtName":"기장군"},"geometry":{"type":"Point","coordinates":[129.2185125,35.2368782]}},{"type":"Feature","properties":{"name":"기장2주공","highway":"bus_stop","osmType":"node","osmId":"4983985619","districtCode":"26710","districtName":"기장군"},"geometry":{"type":"Point","coordinates":[129.2169851,35.2348401]}},{"type":"Feature","properties":{"name":"기장2주공","highway":"bus_stop","osmType":"node","osmId":"4983985620","districtCode":"26710","districtName":"기장군"},"geometry":{"type":"Point","coordinates":[129.2171656,35.2347331]}},{"type":"Feature","properties":{"name":"무곡","highway":"bus_stop","osmType":"node","osmId":"4983986121","districtCode":"26710","districtName":"기장군"},"geometry":{"type":"Point","coordinates":[129.2148287,35.2273723]}},{"type":"Feature","properties":{"name":"무곡","highway":"bus_stop","osmType":"node","osmId":"4983986122","districtCode":"26710","districtName":"기장군"},"geometry":{"type":"Point","coordinates":[129.2153996,35.2278961]}},{"type":"Feature","properties":{"name":"청강리공영차고지(입구)","highway":"bus_stop","osmType":"node","osmId":"4983986521","districtCode":"26710","districtName":"기장군"},"geometry":{"type":"Point","coordinates":[129.2135233,35.2244266]}},{"type":"Feature","properties":{"name":"청강리공영차고지(입구)","highway":"bus_stop","osmType":"node","osmId":"4983986522","districtCode":"26710","districtName":"기장군"},"geometry":{"type":"Point","coordinates":[129.2131891,35.2238238]}},{"type":"Feature","properties":{"name":"청강리공영차고지(입구)","highway":"bus_stop","osmType":"node","osmId":"4983986523","districtCode":"26710","districtName":"기장군"},"geometry":{"type":"Point","coordinates":[129.2138821,35.2245372]}},{"type":"Feature","properties":{"name":"청강리공영차고지","highway":"bus_stop","osmType":"node","osmId":"4983989896","districtCode":"26710","districtName":"기장군"},"geometry":{"type":"Point","coordinates":[129.2118265,35.224358]}},{"type":"Feature","properties":{"name":"청강리공영차고지","highway":"bus_stop","osmType":"node","osmId":"4983989897","districtCode":"26710","districtName":"기장군"},"geometry":{"type":"Point","coordinates":[129.2119419,35.2244303]}},{"type":"Feature","properties":{"name":"연화교차로","highway":"bus_stop","osmType":"node","osmId":"4983991683","districtCode":"26710","districtName":"기장군"},"geometry":{"type":"Point","coordinates":[129.2108787,35.2175774]}},{"type":"Feature","properties":{"name":"연화교차로","highway":"bus_stop","osmType":"node","osmId":"4983991684","districtCode":"26710","districtName":"기장군"},"geometry":{"type":"Point","coordinates":[129.2111868,35.2175069]}},{"type":"Feature","properties":{"name":"오신","highway":"bus_stop","osmType":"node","osmId":"4983991685","districtCode":"26710","districtName":"기장군"},"geometry":{"type":"Point","coordinates":[129.2086838,35.2082316]}},{"type":"Feature","properties":{"name":"오신","highway":"bus_stop","osmType":"node","osmId":"4983991686","districtCode":"26710","districtName":"기장군"},"geometry":{"type":"Point","coordinates":[129.208839,35.2078758]}},{"type":"Feature","properties":{"name":"내리초등학교","highway":"bus_stop","osmType":"node","osmId":"4983991687","districtCode":"26710","districtName":"기장군"},"geometry":{"type":"Point","coordinates":[129.2061709,35.2051268]}},{"type":"Feature","properties":{"name":"내리초등학교","highway":"bus_stop","osmType":"node","osmId":"4983991688","districtCode":"26710","districtName":"기장군"},"geometry":{"type":"Point","coordinates":[129.2065221,35.2040845]}},{"type":"Feature","properties":{"name":"내리","highway":"bus_stop","osmType":"node","osmId":"4983993206","districtCode":"26710","districtName":"기장군"},"geometry":{"type":"Point","coordinates":[129.2063557,35.2012346]}},{"type":"Feature","properties":{"name":"내리","highway":"bus_stop","osmType":"node","osmId":"4983993207","districtCode":"26710","districtName":"기장군"},"geometry":{"type":"Point","coordinates":[129.2066761,35.2013303]}},{"type":"Feature","properties":{"name":"당사입구","highway":"bus_stop","osmType":"node","osmId":"4983993208","districtCode":"26710","districtName":"기장군"},"geometry":{"type":"Point","coordinates":[129.2058904,35.1977904]}},{"type":"Feature","properties":{"name":"당사입구","highway":"bus_stop","osmType":"node","osmId":"4983993209","districtCode":"26350","districtName":"해운대구"},"geometry":{"type":"Point","coordinates":[129.205912,35.1969797]}},{"type":"Feature","properties":{"name":"브라보주유소","highway":"bus_stop","osmType":"node","osmId":"4984061326","districtCode":"26350","districtName":"해운대구"},"geometry":{"type":"Point","coordinates":[129.20544,35.1948759]}},{"type":"Feature","properties":{"name":"브라보주유소","highway":"bus_stop","osmType":"node","osmId":"4984061327","districtCode":"26350","districtName":"해운대구"},"geometry":{"type":"Point","coordinates":[129.205249,35.1949112]}},{"type":"Feature","properties":{"name":"송정2휴먼시아","highway":"bus_stop","osmType":"node","osmId":"4984061328","districtCode":"26350","districtName":"해운대구"},"geometry":{"type":"Point","coordinates":[129.2043555,35.191225]}},{"type":"Feature","properties":{"name":"송정2휴먼시아","highway":"bus_stop","osmType":"node","osmId":"4984061329","districtCode":"26350","districtName":"해운대구"},"geometry":{"type":"Point","coordinates":[129.2045896,35.1913157]}},{"type":"Feature","properties":{"name":"동해선송정역","highway":"bus_stop","osmType":"node","osmId":"4984061330","districtCode":"26350","districtName":"해운대구"},"geometry":{"type":"Point","coordinates":[129.2027533,35.1877401]}},{"type":"Feature","properties":{"name":"동해선송정역","highway":"bus_stop","osmType":"node","osmId":"4984061331","districtCode":"26350","districtName":"해운대구"},"geometry":{"type":"Point","coordinates":[129.2029813,35.1877502]}},{"type":"Feature","properties":{"name":"송정해수욕장입구·삼양주유소","name:en":"Samyang Gas Station","highway":"bus_stop","osmType":"node","osmId":"4984061332","districtCode":"26350","districtName":"해운대구"},"geometry":{"type":"Point","coordinates":[129.2010895,35.1841191]}},{"type":"Feature","properties":{"name":"송정해수욕장입구(종점)/해동차고지","highway":"bus_stop","osmType":"node","osmId":"4984061333","districtCode":"26350","districtName":"해운대구"},"geometry":{"type":"Point","coordinates":[129.2016133,35.1846731]}},{"type":"Feature","properties":{"name":"송정해수욕장입구","highway":"bus_stop","osmType":"node","osmId":"4984061334","districtCode":"26350","districtName":"해운대구"},"geometry":{"type":"Point","coordinates":[129.2006644,35.1830312]}},{"type":"Feature","properties":{"name":"송정1단지주공","highway":"bus_stop","osmType":"node","osmId":"4984069675","districtCode":"26350","districtName":"해운대구"},"geometry":{"type":"Point","coordinates":[129.2000897,35.1825001]}},{"type":"Feature","properties":{"name":"부흥고교/신도시시장","highway":"bus_stop","osmType":"node","osmId":"4984069676","districtCode":"26350","districtName":"해운대구"},"geometry":{"type":"Point","coordinates":[129.1807581,35.1751287]}},{"type":"Feature","properties":{"name":"부흥고 해운대백병원","highway":"bus_stop","osmType":"node","osmId":"4984069677","districtCode":"26350","districtName":"해운대구"},"geometry":{"type":"Point","coordinates":[129.1804312,35.1741209]}},{"type":"Feature","properties":{"name":"부흥고 해운대백병원","highway":"bus_stop","osmType":"node","osmId":"4984069678","districtCode":"26350","districtName":"해운대구"},"geometry":{"type":"Point","coordinates":[129.1814679,35.1730292]}},{"type":"Feature","properties":{"name":"벽산아파트","highway":"bus_stop","osmType":"node","osmId":"4984069679","districtCode":"26350","districtName":"해운대구"},"geometry":{"type":"Point","coordinates":[129.1827802,35.1706738]}},{"type":"Feature","properties":{"name":"신곡초교/한라아파트","highway":"bus_stop","osmType":"node","osmId":"4984069680","districtCode":"26350","districtName":"해운대구"},"geometry":{"type":"Point","coordinates":[129.1825934,35.1707005]}},{"type":"Feature","properties":{"name":"동백중학교","highway":"bus_stop","osmType":"node","osmId":"4984075581","districtCode":"26350","districtName":"해운대구"},"geometry":{"type":"Point","coordinates":[129.1760106,35.1624489]}},{"type":"Feature","properties":{"name":"동백중학교","highway":"bus_stop","osmType":"node","osmId":"4984075582","districtCode":"26350","districtName":"해운대구"},"geometry":{"type":"Point","coordinates":[129.1774288,35.1625287]}},{"type":"Feature","properties":{"name":"미포 문탠로드입구","highway":"bus_stop","osmType":"node","osmId":"4984075583","districtCode":"26350","districtName":"해운대구"},"geometry":{"type":"Point","coordinates":[129.1726932,35.1617111]}},{"type":"Feature","properties":{"name":"미포 문탠로드입구","highway":"bus_stop","osmType":"node","osmId":"4984075584","districtCode":"26350","districtName":"해운대구"},"geometry":{"type":"Point","coordinates":[129.1725062,35.1614618]}},{"type":"Feature","properties":{"name":"중1동","highway":"bus_stop","osmType":"node","osmId":"4984087000","districtCode":"26350","districtName":"해운대구"},"geometry":{"type":"Point","coordinates":[129.1674988,35.1621731]}},{"type":"Feature","properties":{"name":"송도탕/중1동","highway":"bus_stop","osmType":"node","osmId":"4984087001","districtCode":"26350","districtName":"해운대구"},"geometry":{"type":"Point","coordinates":[129.167389,35.16207]}},{"type":"Feature","properties":{"name":"해운대구청","highway":"bus_stop","osmType":"node","osmId":"4984090590","districtCode":"26350","districtName":"해운대구"},"geometry":{"type":"Point","coordinates":[129.1643874,35.1632233]}},{"type":"Feature","properties":{"name":"스펀지","name:en":"Haeundae Intercity Bus Terminal","highway":"bus_stop","osmType":"node","osmId":"4984092764","districtCode":"26350","districtName":"해운대구"},"geometry":{"type":"Point","coordinates":[129.1614846,35.1651443]}},{"type":"Feature","properties":{"name":"해운대시장","highway":"bus_stop","osmType":"node","osmId":"4984092765","districtCode":"26350","districtName":"해운대구"},"geometry":{"type":"Point","coordinates":[129.1632084,35.162326]}},{"type":"Feature","properties":{"name":"해운대예식장/해운대온천사거리","highway":"bus_stop","osmType":"node","osmId":"4984092766","districtCode":"26350","districtName":"해운대구"},"geometry":{"type":"Point","coordinates":[129.1645251,35.1616859]}},{"type":"Feature","properties":{"name":"해운대도시철도역","highway":"bus_stop","osmType":"node","osmId":"4984094557","districtCode":"26350","districtName":"해운대구"},"geometry":{"type":"Point","coordinates":[129.1587629,35.1636265]}},{"type":"Feature","properties":{"name":"스펀지","highway":"bus_stop","osmType":"node","osmId":"4986599091","districtCode":"26350","districtName":"해운대구"},"geometry":{"type":"Point","coordinates":[129.1599552,35.1641356]}},{"type":"Feature","properties":{"name":"운촌","highway":"bus_stop","osmType":"node","osmId":"4986798626","districtCode":"26350","districtName":"해운대구"},"geometry":{"type":"Point","coordinates":[129.1512929,35.1601716]}},{"type":"Feature","properties":{"name":"운촌","highway":"bus_stop","osmType":"node","osmId":"4986798627","districtCode":"26350","districtName":"해운대구"},"geometry":{"type":"Point","coordinates":[129.1510402,35.160006]}},{"type":"Feature","properties":{"name":"동백역","highway":"bus_stop","osmType":"node","osmId":"4986798628","districtCode":"26350","districtName":"해운대구"},"geometry":{"type":"Point","coordinates":[129.1473293,35.1617725]}},{"type":"Feature","properties":{"name":"부산문화여고","highway":"bus_stop","osmType":"node","osmId":"4986798629","districtCode":"26350","districtName":"해운대구"},"geometry":{"type":"Point","coordinates":[129.1448973,35.1631479]}},{"type":"Feature","properties":{"name":"부산문화여고","highway":"bus_stop","osmType":"node","osmId":"4986798630","districtCode":"26350","districtName":"해운대구"},"geometry":{"type":"Point","coordinates":[129.1449347,35.1628398]}},{"type":"Feature","properties":{"name":"올림픽교차로","highway":"bus_stop","osmType":"node","osmId":"4986798631","districtCode":"26350","districtName":"해운대구"},"geometry":{"type":"Point","coordinates":[129.1404094,35.1676921]}},{"type":"Feature","properties":{"name":"올림픽교차로","highway":"bus_stop","osmType":"node","osmId":"4986798632","districtCode":"26350","districtName":"해운대구"},"geometry":{"type":"Point","coordinates":[129.1399144,35.1678562]}},{"type":"Feature","properties":{"name":"벡스코 시립미술관","highway":"bus_stop","osmType":"node","osmId":"4986798634","districtCode":"26350","districtName":"해운대구"},"geometry":{"type":"Point","coordinates":[129.1379974,35.1693787]}},{"type":"Feature","properties":{"name":"센텀시티역 벡스코","highway":"bus_stop","osmType":"node","osmId":"4986798635","districtCode":"26350","districtName":"해운대구"},"geometry":{"type":"Point","coordinates":[129.1328041,35.1697178]}},{"type":"Feature","properties":{"name":"센텀시티역,벡스코","highway":"bus_stop","osmType":"node","osmId":"4986798636","districtCode":"26350","districtName":"해운대구"},"geometry":{"type":"Point","coordinates":[129.1334403,35.1696047]}},{"type":"Feature","properties":{"name":"신세계 센텀시티","name:en":"Shinsegae Centom City","highway":"bus_stop","osmType":"node","osmId":"4986798637","districtCode":"26350","districtName":"해운대구"},"geometry":{"type":"Point","coordinates":[129.1311086,35.1687969]}},{"type":"Feature","properties":{"name":"신세계 센텀시티","highway":"bus_stop","osmType":"node","osmId":"4986798638","districtCode":"26350","districtName":"해운대구"},"geometry":{"type":"Point","coordinates":[129.1297105,35.1676259]}},{"type":"Feature","properties":{"name":"수영현대아파트","highway":"bus_stop","osmType":"node","osmId":"4986814400","districtCode":"26500","districtName":"수영구"},"geometry":{"type":"Point","coordinates":[129.123512,35.166079]}},{"type":"Feature","properties":{"name":"수영현대아파트","highway":"bus_stop","osmType":"node","osmId":"4986814401","districtCode":"26500","districtName":"수영구"},"geometry":{"type":"Point","coordinates":[129.1227972,35.1663944]}},{"type":"Feature","properties":{"name":"수영교차로(수영역)","highway":"bus_stop","osmType":"node","osmId":"4986814402","districtCode":"26500","districtName":"수영구"},"geometry":{"type":"Point","coordinates":[129.116946,35.1680114]}},{"type":"Feature","properties":{"name":"수영교차로 팔도시장","highway":"bus_stop","osmType":"node","osmId":"4986814403","districtCode":"26500","districtName":"수영구"},"geometry":{"type":"Point","coordinates":[129.1170097,35.1678654]}},{"type":"Feature","properties":{"name":"수영역","highway":"bus_stop","osmType":"node","osmId":"4986814404","districtCode":"26500","districtName":"수영구"},"geometry":{"type":"Point","coordinates":[129.1145942,35.1641201]}},{"type":"Feature","properties":{"name":"수영구보건소","highway":"bus_stop","osmType":"node","osmId":"4986814405","districtCode":"26500","districtName":"수영구"},"geometry":{"type":"Point","coordinates":[129.1140704,35.1627549]}},{"type":"Feature","properties":{"name":"광안시장(광안역)","highway":"bus_stop","osmType":"node","osmId":"4986814406","districtCode":"26500","districtName":"수영구"},"geometry":{"type":"Point","coordinates":[129.1134762,35.1598909]}},{"type":"Feature","properties":{"name":"광안역","highway":"bus_stop","osmType":"node","osmId":"4986814407","districtCode":"26500","districtName":"수영구"},"geometry":{"type":"Point","coordinates":[129.1135696,35.1592829]}},{"type":"Feature","properties":{"name":"수영중학교","highway":"bus_stop","osmType":"node","osmId":"4986814408","districtCode":"26500","districtName":"수영구"},"geometry":{"type":"Point","coordinates":[129.1125462,35.1555268]}},{"type":"Feature","properties":{"name":"수영중학교","highway":"bus_stop","osmType":"node","osmId":"4986814409","districtCode":"26500","districtName":"수영구"},"geometry":{"type":"Point","coordinates":[129.1127876,35.1559259]}},{"type":"Feature","properties":{"name":"광안새마을금고","highway":"bus_stop","osmType":"node","osmId":"4986825015","districtCode":"26500","districtName":"수영구"},"geometry":{"type":"Point","coordinates":[129.1120434,35.1533218]}},{"type":"Feature","properties":{"name":"금련산역","highway":"bus_stop","osmType":"node","osmId":"4986825016","districtCode":"26500","districtName":"수영구"},"geometry":{"type":"Point","coordinates":[129.1114024,35.1515707]}},{"type":"Feature","properties":{"name":"금련산청소년수련원","highway":"bus_stop","osmType":"node","osmId":"4986825017","districtCode":"26500","districtName":"수영구"},"geometry":{"type":"Point","coordinates":[129.110264,35.1477065]}},{"type":"Feature","properties":{"name":"금련산청소년수련원","highway":"bus_stop","osmType":"node","osmId":"4986825018","districtCode":"26500","districtName":"수영구"},"geometry":{"type":"Point","coordinates":[129.1102599,35.1472544]}},{"type":"Feature","properties":{"name":"남천역","highway":"bus_stop","osmType":"node","osmId":"5004041089","districtCode":"26500","districtName":"수영구"},"geometry":{"type":"Point","coordinates":[129.1077549,35.1417989]}},{"type":"Feature","properties":{"name":"대남교차로(남천역)","highway":"bus_stop","osmType":"node","osmId":"5004041090","districtCode":"26500","districtName":"수영구"},"geometry":{"type":"Point","coordinates":[129.1064239,35.1407493]}},{"type":"Feature","properties":{"name":"경성대부경대역","highway":"bus_stop","wheelchair":"limited","osmType":"node","osmId":"5004041091","districtCode":"26290","districtName":"남구"},"geometry":{"type":"Point","coordinates":[129.1020239,35.1382106]}},{"type":"Feature","properties":{"name":"경성대학교입구","highway":"bus_stop","osmType":"node","osmId":"5004041092","districtCode":"26290","districtName":"남구"},"geometry":{"type":"Point","coordinates":[129.10054,35.1362923]}},{"type":"Feature","properties":{"name":"부경대대연캠퍼스","amenity":"bus_station","highway":"bus_stop","osmType":"node","osmId":"5004041093","districtCode":"26290","districtName":"남구"},"geometry":{"type":"Point","coordinates":[129.101227,35.1328811]}},{"type":"Feature","properties":{"name":"부경대대연캠퍼스","highway":"bus_stop","osmType":"node","osmId":"5004041094","districtCode":"26290","districtName":"남구"},"geometry":{"type":"Point","coordinates":[129.1010888,35.1324223]}},{"type":"Feature","properties":{"name":"도로교통공단","highway":"bus_stop","osmType":"node","osmId":"5004041095","districtCode":"26290","districtName":"남구"},"geometry":{"type":"Point","coordinates":[129.1030077,35.1304041]}},{"type":"Feature","properties":{"name":"남부운전면허시험장","highway":"bus_stop","operator":"부산광역시","osmType":"node","osmId":"5004041096","districtCode":"26290","districtName":"남구"},"geometry":{"type":"Point","coordinates":[129.1073537,35.1280799]}},{"type":"Feature","properties":{"name":"용문중학교","highway":"bus_stop","osmType":"node","osmId":"5004041097","districtCode":"26290","districtName":"남구"},"geometry":{"type":"Point","coordinates":[129.1100776,35.1261214]}},{"type":"Feature","properties":{"name":"이기대입구.용호복지회관","highway":"bus_stop","osmType":"node","osmId":"5004041098","districtCode":"26290","districtName":"남구"},"geometry":{"type":"Point","coordinates":[129.1123827,35.1238537]}},{"type":"Feature","properties":{"name":"용호2동주민센터","highway":"bus_stop","osmType":"node","osmId":"5004041099","districtCode":"26290","districtName":"남구"},"geometry":{"type":"Point","coordinates":[129.1109313,35.1156767]}},{"type":"Feature","properties":{"name":"용호2동주민센터","highway":"bus_stop","osmType":"node","osmId":"5004041100","districtCode":"26290","districtName":"남구"},"geometry":{"type":"Point","coordinates":[129.1111061,35.1150857]}},{"type":"Feature","properties":{"name":"부산성모병원","highway":"bus_stop","osmType":"node","osmId":"5004041101","districtCode":"26290","districtName":"남구"},"geometry":{"type":"Point","coordinates":[129.1109151,35.1121681]}},{"type":"Feature","properties":{"name":"백운포고개","highway":"bus_stop","osmType":"node","osmId":"5004041102","districtCode":"26290","districtName":"남구"},"geometry":{"type":"Point","coordinates":[129.1118704,35.1088092]}},{"type":"Feature","properties":{"name":"백운포","highway":"bus_stop","osmType":"node","osmId":"5004041103","districtCode":"26290","districtName":"남구"},"geometry":{"type":"Point","coordinates":[129.1126144,35.1046086]}},{"type":"Feature","properties":{"name":"백운포","highway":"bus_stop","osmType":"node","osmId":"5004041104","districtCode":"26290","districtName":"남구"},"geometry":{"type":"Point","coordinates":[129.1128299,35.1046385]}},{"type":"Feature","properties":{"name":"백운포체육공원","highway":"bus_stop","osmType":"node","osmId":"5004041105","districtCode":"26290","districtName":"남구"},"geometry":{"type":"Point","coordinates":[129.1109232,35.1018845]}},{"type":"Feature","properties":{"name":"백운포체육공원","highway":"bus_stop","osmType":"node","osmId":"5004041106","districtCode":"26290","districtName":"남구"},"geometry":{"type":"Point","coordinates":[129.1110574,35.1017482]}},{"type":"Feature","properties":{"name":"남구국민체육센터","highway":"bus_stop","osmType":"node","osmId":"5004041107","districtCode":"26290","districtName":"남구"},"geometry":{"type":"Point","coordinates":[129.1078863,35.103481]}},{"type":"Feature","properties":{"name":"동백역","highway":"bus_stop","osmType":"node","osmId":"5004054532","districtCode":"26350","districtName":"해운대구"},"geometry":{"type":"Point","coordinates":[129.1474908,35.1615725]}},{"type":"Feature","properties":{"name":"노보텔엠베서더호텔","highway":"bus_stop","osmType":"node","osmId":"5004247382","districtCode":"26350","districtName":"해운대구"},"geometry":{"type":"Point","coordinates":[129.1642545,35.1616544]}},{"type":"Feature","properties":{"name":"해운대해수욕장입구","highway":"bus_stop","osmType":"node","osmId":"5004247383","districtCode":"26350","districtName":"해운대구"},"geometry":{"type":"Point","coordinates":[129.1614718,35.1597517]}},{"type":"Feature","properties":{"name":"해운대해수욕장","highway":"bus_stop","osmType":"node","osmId":"5004247384","districtCode":"26350","districtName":"해운대구"},"geometry":{"type":"Point","coordinates":[129.1586091,35.1592859]}},{"type":"Feature","properties":{"name":"동백섬입구","highway":"bus_stop","osmType":"node","osmId":"5004247385","districtCode":"26350","districtName":"해운대구"},"geometry":{"type":"Point","coordinates":[129.1527202,35.1582131]}},{"type":"Feature","properties":{"name":"대우마리나아파트","highway":"bus_stop","osmType":"node","osmId":"5004247386","districtCode":"26350","districtName":"해운대구"},"geometry":{"type":"Point","coordinates":[129.1468173,35.1591217]}},{"type":"Feature","properties":{"name":"경남마리나아파트","highway":"bus_stop","osmType":"node","osmId":"5004247387","districtCode":"26350","districtName":"해운대구"},"geometry":{"type":"Point","coordinates":[129.142124,35.1608513]}},{"type":"Feature","properties":{"name":"해강중고교","highway":"bus_stop","osmType":"node","osmId":"5004247388","districtCode":"26350","districtName":"해운대구"},"geometry":{"type":"Point","coordinates":[129.1366601,35.1634321]}},{"type":"Feature","properties":{"name":"광안역","highway":"bus_stop","osmType":"node","osmId":"5004247389","districtCode":"26500","districtName":"수영구"},"geometry":{"type":"Point","coordinates":[129.1133416,35.1592769]}},{"type":"Feature","properties":{"name":"경성대학교","highway":"bus_stop","osmType":"node","osmId":"5004253114","districtCode":"26290","districtName":"남구"},"geometry":{"type":"Point","coordinates":[129.0977889,35.1364545]}},{"type":"Feature","properties":{"name":"부산진시장","highway":"bus_stop","osmType":"node","osmId":"5004253115","districtCode":"26170","districtName":"동구"},"geometry":{"type":"Point","coordinates":[129.0594314,35.1354976]}},{"type":"Feature","properties":{"name":"부산역","highway":"bus_stop","osmType":"node","osmId":"5004274563","districtCode":"26170","districtName":"동구"},"geometry":{"type":"Point","coordinates":[129.0401156,35.1160842]}},{"type":"Feature","properties":{"name":"중앙동(중앙역)","highway":"bus_stop","osmType":"node","osmId":"5004274564","districtCode":"26110","districtName":"중구"},"geometry":{"type":"Point","coordinates":[129.0361057,35.1054481]}},{"type":"Feature","properties":{"name":"부산데파트","highway":"bus_stop","osmType":"node","osmId":"5004274565","districtCode":"26110","districtName":"중구"},"geometry":{"type":"Point","coordinates":[129.0364758,35.0999578]}},{"type":"Feature","properties":{"name":"부산데파트","highway":"bus_stop","osmType":"node","osmId":"5004274566","districtCode":"26110","districtName":"중구"},"geometry":{"type":"Point","coordinates":[129.0365937,35.1008119]}},{"type":"Feature","properties":{"name":"자갈치역.비프광장","name:en":"Jagalchi Station.BIFF Square","highway":"bus_stop","osmType":"node","osmId":"5004274570","districtCode":"26110","districtName":"중구"},"geometry":{"type":"Point","coordinates":[129.0290085,35.0978927]}},{"type":"Feature","properties":{"name":"충무동교차로/충무시장","highway":"bus_stop","osmType":"node","osmId":"5004274571","districtCode":"26140","districtName":"서구"},"geometry":{"type":"Point","coordinates":[129.022919,35.0967083]}},{"type":"Feature","properties":{"name":"부산대학병원(토성역)","highway":"bus_stop","osmType":"node","osmId":"5004274572","districtCode":"26140","districtName":"서구"},"geometry":{"type":"Point","coordinates":[129.0199552,35.0991165]}},{"type":"Feature","properties":{"name":"서구청","highway":"bus_stop","osmType":"node","osmId":"5004274573","districtCode":"26110","districtName":"중구"},"geometry":{"type":"Point","coordinates":[129.0250593,35.0984661]}},{"type":"Feature","properties":{"name":"충무동","highway":"bus_stop","osmType":"node","osmId":"5004274574","districtCode":"26140","districtName":"서구"},"geometry":{"type":"Point","coordinates":[129.0247448,35.0986568]}},{"type":"Feature","properties":{"name":"서구청","highway":"bus_stop","osmType":"node","osmId":"5004274575","districtCode":"26140","districtName":"서구"},"geometry":{"type":"Point","coordinates":[129.0251907,35.097817]}},{"type":"Feature","properties":{"name":"충무동교차로","highway":"bus_stop","osmType":"node","osmId":"5004274576","districtCode":"26110","districtName":"중구"},"geometry":{"type":"Point","coordinates":[129.0252686,35.0985352]}},{"type":"Feature","properties":{"name":"남포동","name:en":"Nampo-dong","highway":"bus_stop","osmType":"node","osmId":"5004274577","districtCode":"26110","districtName":"중구"},"geometry":{"type":"Point","coordinates":[129.0320314,35.0979065]}},{"type":"Feature","properties":{"name":"수산물품질관리부산지원","highway":"bus_stop","osmType":"node","osmId":"5004274578","districtCode":"26110","districtName":"중구"},"geometry":{"type":"Point","coordinates":[129.0367671,35.1000195]}},{"type":"Feature","properties":{"name":"중앙동(중앙역)","highway":"bus_stop","osmType":"node","osmId":"5004274579","districtCode":"26110","districtName":"중구"},"geometry":{"type":"Point","coordinates":[129.0362856,35.1067748]}},{"type":"Feature","properties":{"name":"부산역","name:en":"Busan Station","highway":"bus_stop","osmType":"node","osmId":"5004274581","districtCode":"26170","districtName":"동구"},"geometry":{"type":"Point","coordinates":[129.0398951,35.1154864]}},{"type":"Feature","properties":{"name":"자성대","highway":"bus_stop","osmType":"node","osmId":"5004274582","districtCode":"26170","districtName":"동구"},"geometry":{"type":"Point","coordinates":[129.0628929,35.135953]}},{"type":"Feature","properties":{"name":"문현교차로","highway":"bus_stop","osmType":"node","osmId":"5004274583","districtCode":"26290","districtName":"남구"},"geometry":{"type":"Point","coordinates":[129.0716643,35.1365457]}},{"type":"Feature","properties":{"name":"문현교차로","highway":"bus_stop","osmType":"node","osmId":"5004274584","districtCode":"26290","districtName":"남구"},"geometry":{"type":"Point","coordinates":[129.0720659,35.1364808]}},{"type":"Feature","properties":{"name":"문현교차로","highway":"bus_stop","osmType":"node","osmId":"5004274585","districtCode":"26290","districtName":"남구"},"geometry":{"type":"Point","coordinates":[129.0726496,35.1363166]}},{"type":"Feature","properties":{"name":"못골시장","highway":"bus_stop","osmType":"node","osmId":"5004274586","districtCode":"26290","districtName":"남구"},"geometry":{"type":"Point","coordinates":[129.0882563,35.1348411]}},{"type":"Feature","properties":{"name":"못골시장","highway":"bus_stop","osmType":"node","osmId":"5004274587","districtCode":"26290","districtName":"남구"},"geometry":{"type":"Point","coordinates":[129.0874893,35.1347198]}},{"type":"Feature","properties":{"name":"못골시장","highway":"bus_stop","osmType":"node","osmId":"5004274588","districtCode":"26290","districtName":"남구"},"geometry":{"type":"Point","coordinates":[129.0872992,35.1348027]}},{"type":"Feature","properties":{"name":"경성대학교","highway":"bus_stop","osmType":"node","osmId":"5004274589","districtCode":"26290","districtName":"남구"},"geometry":{"type":"Point","coordinates":[129.0975457,35.1360858]}},{"type":"Feature","properties":{"name":"해강중고교","highway":"bus_stop","osmType":"node","osmId":"5004282292","districtCode":"26350","districtName":"해운대구"},"geometry":{"type":"Point","coordinates":[129.1366633,35.1631911]}},{"type":"Feature","properties":{"name":"경남마리나아파트","highway":"bus_stop","osmType":"node","osmId":"5004282293","districtCode":"26350","districtName":"해운대구"},"geometry":{"type":"Point","coordinates":[129.1420907,35.1606153]}},{"type":"Feature","properties":{"name":"대우마리나아파트","highway":"bus_stop","osmType":"node","osmId":"5004282294","districtCode":"26350","districtName":"해운대구"},"geometry":{"type":"Point","coordinates":[129.1467782,35.1589268]}},{"type":"Feature","properties":{"name":"동백섬입구","highway":"bus_stop","osmType":"node","osmId":"5004282295","districtCode":"26350","districtName":"해운대구"},"geometry":{"type":"Point","coordinates":[129.1540595,35.1582687]}},{"type":"Feature","properties":{"name":"금련산역","highway":"bus_stop","osmType":"node","osmId":"5004373264","districtCode":"26500","districtName":"수영구"},"geometry":{"type":"Point","coordinates":[129.11148,35.1519205]}},{"type":"Feature","properties":{"name":"대연동제일은행","highway":"bus_stop","osmType":"node","osmId":"5004373265","districtCode":"26290","districtName":"남구"},"geometry":{"type":"Point","coordinates":[129.0949999,35.1355454]}},{"type":"Feature","properties":{"name":"남구청(못골역)","highway":"bus_stop","osmType":"node","osmId":"5004373266","districtCode":"26290","districtName":"남구"},"geometry":{"type":"Point","coordinates":[129.0840741,35.1347961]}},{"type":"Feature","properties":{"name":"대연고개","highway":"bus_stop","osmType":"node","osmId":"5004373267","districtCode":"26290","districtName":"남구"},"geometry":{"type":"Point","coordinates":[129.080046,35.1340745]}},{"type":"Feature","properties":{"name":"경남여중입구","highway":"bus_stop","osmType":"node","osmId":"5004373270","districtCode":"26170","districtName":"동구"},"geometry":{"type":"Point","coordinates":[129.0438855,35.1229234]}},{"type":"Feature","properties":{"name":"경남여중입구","highway":"bus_stop","osmType":"node","osmId":"5004396498","districtCode":"26170","districtName":"동구"},"geometry":{"type":"Point","coordinates":[129.0437862,35.1225049]}},{"type":"Feature","properties":{"name":"부산진역","name:en":"Busanjin Station","highway":"bus_stop","osmType":"node","osmId":"5004396500","districtCode":"26170","districtName":"동구"},"geometry":{"type":"Point","coordinates":[129.0488375,35.1286979]}},{"type":"Feature","properties":{"name":"동부경찰서","highway":"bus_stop","osmType":"node","osmId":"5004396502","districtCode":"26170","districtName":"동구"},"geometry":{"type":"Point","coordinates":[129.0489389,35.1293393]}},{"type":"Feature","properties":{"name":"대연고개","highway":"bus_stop","osmType":"node","osmId":"5004415993","districtCode":"26290","districtName":"남구"},"geometry":{"type":"Point","coordinates":[129.0806468,35.1341418]}},{"type":"Feature","properties":{"name":"대연고개","highway":"bus_stop","osmType":"node","osmId":"5004415994","districtCode":"26290","districtName":"남구"},"geometry":{"type":"Point","coordinates":[129.0804342,35.134046]}},{"type":"Feature","properties":{"name":"남구청(못골역)","highway":"bus_stop","osmType":"node","osmId":"5004415995","districtCode":"26290","districtName":"남구"},"geometry":{"type":"Point","coordinates":[129.0845029,35.1346267]}},{"type":"Feature","properties":{"name":"암남동주민센터","highway":"bus_stop","osmType":"node","osmId":"5006341558","districtCode":"26140","districtName":"서구"},"geometry":{"type":"Point","coordinates":[129.0209528,35.0792428]}},{"type":"Feature","properties":{"name":"올림픽교차로","highway":"bus_stop","osmType":"node","osmId":"5006356074","districtCode":"26350","districtName":"해운대구"},"geometry":{"type":"Point","coordinates":[129.1403597,35.1677672]}},{"type":"Feature","properties":{"name":"남부면허시험장","highway":"bus_stop","operator":"부산광역시","osmType":"node","osmId":"5006356075","districtCode":"26290","districtName":"남구"},"geometry":{"type":"Point","coordinates":[129.104804,35.1293695]}},{"type":"Feature","properties":{"name":"LG메트로시티234동","highway":"bus_stop","osmType":"node","osmId":"5006356076","districtCode":"26290","districtName":"남구"},"geometry":{"type":"Point","coordinates":[129.1084845,35.1323776]}},{"type":"Feature","properties":{"name":"동명대학교후문","highway":"bus_stop","osmType":"node","osmId":"5006392749","districtCode":"26290","districtName":"남구"},"geometry":{"type":"Point","coordinates":[129.0980331,35.1206799]}},{"type":"Feature","properties":{"name":"동명대학교후문","highway":"bus_stop","osmType":"node","osmId":"5006392750","districtCode":"26290","districtName":"남구"},"geometry":{"type":"Point","coordinates":[129.0980691,35.120218]}},{"type":"Feature","properties":{"name":"영선2동주민센터","highway":"bus_stop","osmType":"node","osmId":"5006392751","districtCode":"26200","districtName":"영도구"},"geometry":{"type":"Point","coordinates":[129.0415954,35.0873217]}},{"type":"Feature","properties":{"name":"영선2동주민센터","highway":"bus_stop","osmType":"node","osmId":"5006392752","districtCode":"26200","districtName":"영도구"},"geometry":{"type":"Point","coordinates":[129.0420372,35.0871595]}},{"type":"Feature","properties":{"name":"송도입구","name:en":"Songdo Entrance","highway":"bus_stop","osmType":"node","osmId":"5006392759","districtCode":"26140","districtName":"서구"},"geometry":{"type":"Point","coordinates":[129.0181455,35.0793695]}},{"type":"Feature","properties":{"name":"송도입구","highway":"bus_stop","osmType":"node","osmId":"5006392760","districtCode":"26140","districtName":"서구"},"geometry":{"type":"Point","coordinates":[129.0175905,35.0797799]}},{"type":"Feature","properties":{"name":"감천1동주민센터/부산천연가스발전소","highway":"bus_stop","osmType":"node","osmId":"5006392764","districtCode":"26380","districtName":"사하구"},"geometry":{"type":"Point","coordinates":[129.0041471,35.0878391]}},{"type":"Feature","properties":{"name":"감천사거리","highway":"bus_stop","osmType":"node","osmId":"5006392765","districtCode":"26380","districtName":"사하구"},"geometry":{"type":"Point","coordinates":[129.0061292,35.086588]}},{"type":"Feature","properties":{"name":"장림","highway":"bus_stop","osmType":"node","osmId":"5006392766","districtCode":"26380","districtName":"사하구"},"geometry":{"type":"Point","coordinates":[128.9791513,35.0851262]}},{"type":"Feature","properties":{"name":"장림","highway":"bus_stop","osmType":"node","osmId":"5006392767","districtCode":"26380","districtName":"사하구"},"geometry":{"type":"Point","coordinates":[128.9792362,35.0848974]}},{"type":"Feature","properties":{"name":"명지신도시","highway":"bus_stop","osmType":"node","osmId":"5006392768","districtCode":"26440","districtName":"강서구"},"geometry":{"type":"Point","coordinates":[128.900796,35.0891806]}},{"type":"Feature","properties":{"name":"명지신도시","highway":"bus_stop","osmType":"node","osmId":"5006392769","districtCode":"26440","districtName":"강서구"},"geometry":{"type":"Point","coordinates":[128.9023766,35.088878]}},{"type":"Feature","properties":{"name":"삼성자동차남문","highway":"bus_stop","osmType":"node","osmId":"5006392770","districtCode":"26440","districtName":"강서구"},"geometry":{"type":"Point","coordinates":[128.8814032,35.0890962]}},{"type":"Feature","properties":{"name":"삼성자동차남문","highway":"bus_stop","osmType":"node","osmId":"5006392771","districtCode":"26440","districtName":"강서구"},"geometry":{"type":"Point","coordinates":[128.8814067,35.0888674]}},{"type":"Feature","properties":{"name":"삼성자동차정문","highway":"bus_stop","osmType":"node","osmId":"5006392772","districtCode":"26440","districtName":"강서구"},"geometry":{"type":"Point","coordinates":[128.8768411,35.0891107]}},{"type":"Feature","properties":{"name":"삼성자동차정문","highway":"bus_stop","osmType":"node","osmId":"5006392773","districtCode":"26440","districtName":"강서구"},"geometry":{"type":"Point","coordinates":[128.876965,35.0888616]}},{"type":"Feature","properties":{"name":"부산지방중소기업청","highway":"bus_stop","osmType":"node","osmId":"5006392774","districtCode":"26440","districtName":"강서구"},"geometry":{"type":"Point","coordinates":[128.8556855,35.0890998]}},{"type":"Feature","properties":{"name":"부산지방중소기업청","highway":"bus_stop","osmType":"node","osmId":"5006392775","districtCode":"26440","districtName":"강서구"},"geometry":{"type":"Point","coordinates":[128.855428,35.0888364]}},{"type":"Feature","properties":{"name":"경제자유구역청","highway":"bus_stop","osmType":"node","osmId":"5006392776","districtCode":"26440","districtName":"강서구"},"geometry":{"type":"Point","coordinates":[128.8392197,35.0864284]}},{"type":"Feature","properties":{"name":"경제자유구역청","highway":"bus_stop","osmType":"node","osmId":"5006392777","districtCode":"26440","districtName":"강서구"},"geometry":{"type":"Point","coordinates":[128.8396904,35.0864371]}},{"type":"Feature","properties":{"name":"장산역","highway":"bus_stop","osmType":"node","osmId":"5006395289","districtCode":"26350","districtName":"해운대구"},"geometry":{"type":"Point","coordinates":[129.1752059,35.1691227]}},{"type":"Feature","properties":{"name":"올림픽교차로","highway":"bus_stop","osmType":"node","osmId":"5006407196","districtCode":"26350","districtName":"해운대구"},"geometry":{"type":"Point","coordinates":[129.1403736,35.1673488]}},{"type":"Feature","properties":{"name":"장산역","highway":"bus_stop","osmType":"node","osmId":"5006407197","districtCode":"26350","districtName":"해운대구"},"geometry":{"type":"Point","coordinates":[129.1770437,35.1698616]}},{"type":"Feature","properties":{"name":"대우아파트","highway":"bus_stop","osmType":"node","osmId":"5006468204","districtCode":"26350","districtName":"해운대구"},"geometry":{"type":"Point","coordinates":[129.1812645,35.1674053]}},{"type":"Feature","properties":{"name":"대우상록아파트","highway":"bus_stop","osmType":"node","osmId":"5006468205","districtCode":"26350","districtName":"해운대구"},"geometry":{"type":"Point","coordinates":[129.1806434,35.1674646]}},{"type":"Feature","properties":{"name":"현대아파트","highway":"bus_stop","osmType":"node","osmId":"5006468206","districtCode":"26350","districtName":"해운대구"},"geometry":{"type":"Point","coordinates":[129.1785162,35.1655967]}},{"type":"Feature","properties":{"name":"수영사적공원","highway":"bus_stop","osmType":"node","osmId":"5006544535","districtCode":"26500","districtName":"수영구"},"geometry":{"type":"Point","coordinates":[129.1130076,35.1689508]}},{"type":"Feature","properties":{"name":"수영사적공원","highway":"bus_stop","osmType":"node","osmId":"5006544536","districtCode":"26500","districtName":"수영구"},"geometry":{"type":"Point","coordinates":[129.1134571,35.168634]}},{"type":"Feature","properties":{"name":"수영사적공원","highway":"bus_stop","osmType":"node","osmId":"5006544537","districtCode":"26500","districtName":"수영구"},"geometry":{"type":"Point","coordinates":[129.1129404,35.1688409]}},{"type":"Feature","properties":{"name":"수영사적공원","highway":"bus_stop","osmType":"node","osmId":"5006544538","districtCode":"26500","districtName":"수영구"},"geometry":{"type":"Point","coordinates":[129.112613,35.1690593]}},{"type":"Feature","properties":{"name":"수영아파트","highway":"bus_stop","osmType":"node","osmId":"5006544539","districtCode":"26500","districtName":"수영구"},"geometry":{"type":"Point","coordinates":[129.1109443,35.1703655]}},{"type":"Feature","properties":{"name":"수영아파트","highway":"bus_stop","osmType":"node","osmId":"5006544540","districtCode":"26500","districtName":"수영구"},"geometry":{"type":"Point","coordinates":[129.1112168,35.1701703]}},{"type":"Feature","properties":{"name":"수영아파트","highway":"bus_stop","osmType":"node","osmId":"5006544541","districtCode":"26500","districtName":"수영구"},"geometry":{"type":"Point","coordinates":[129.111142,35.1700895]}},{"type":"Feature","properties":{"name":"망미역","highway":"bus_stop","osmType":"node","osmId":"5006544542","districtCode":"26500","districtName":"수영구"},"geometry":{"type":"Point","coordinates":[129.1071655,35.1719046]}},{"type":"Feature","properties":{"name":"망미역","highway":"bus_stop","osmType":"node","osmId":"5006544543","districtCode":"26500","districtName":"수영구"},"geometry":{"type":"Point","coordinates":[129.10712,35.1717701]}},{"type":"Feature","properties":{"name":"망미역","highway":"bus_stop","osmType":"node","osmId":"5006544544","districtCode":"26500","districtName":"수영구"},"geometry":{"type":"Point","coordinates":[129.1075975,35.1716458]}},{"type":"Feature","properties":{"name":"부산지방병무청","highway":"bus_stop","osmType":"node","osmId":"5006544545","districtCode":"26500","districtName":"수영구"},"geometry":{"type":"Point","coordinates":[129.102602,35.1730489]}},{"type":"Feature","properties":{"name":"부산지방병무청","highway":"bus_stop","osmType":"node","osmId":"5006544546","districtCode":"26500","districtName":"수영구"},"geometry":{"type":"Point","coordinates":[129.1036294,35.1726538]}},{"type":"Feature","properties":{"name":"망미중소기업은행","highway":"bus_stop","osmType":"node","osmId":"5006544547","districtCode":"26500","districtName":"수영구"},"geometry":{"type":"Point","coordinates":[129.1002496,35.1731996]}},{"type":"Feature","properties":{"name":"망미중소기업은행","highway":"bus_stop","osmType":"node","osmId":"5006544548","districtCode":"26500","districtName":"수영구"},"geometry":{"type":"Point","coordinates":[129.1000485,35.1730593]}},{"type":"Feature","properties":{"name":"망미중소기업은행","highway":"bus_stop","osmType":"node","osmId":"5006544549","districtCode":"26500","districtName":"수영구"},"geometry":{"type":"Point","coordinates":[129.0993833,35.173204]}},{"type":"Feature","properties":{"name":"망미중소기업은행","highway":"bus_stop","osmType":"node","osmId":"5006544550","districtCode":"26500","districtName":"수영구"},"geometry":{"type":"Point","coordinates":[129.0994235,35.1730768]}},{"type":"Feature","properties":{"name":"배산역","highway":"bus_stop","osmType":"node","osmId":"5006544551","districtCode":"26470","districtName":"연제구"},"geometry":{"type":"Point","coordinates":[129.0956282,35.1735701]}},{"type":"Feature","properties":{"name":"배산역","highway":"bus_stop","osmType":"node","osmId":"5006544552","districtCode":"26470","districtName":"연제구"},"geometry":{"type":"Point","coordinates":[129.0962934,35.1733399]}},{"type":"Feature","properties":{"name":"배산역","highway":"bus_stop","osmType":"node","osmId":"5006544553","districtCode":"26470","districtName":"연제구"},"geometry":{"type":"Point","coordinates":[129.0952366,35.1734671]}},{"type":"Feature","properties":{"name":"한독아파트","highway":"bus_stop","osmType":"node","osmId":"5006544554","districtCode":"26470","districtName":"연제구"},"geometry":{"type":"Point","coordinates":[129.0910979,35.1739779]}},{"type":"Feature","properties":{"name":"한독아파트","highway":"bus_stop","osmType":"node","osmId":"5006544555","districtCode":"26470","districtName":"연제구"},"geometry":{"type":"Point","coordinates":[129.090068,35.1742739]}},{"type":"Feature","properties":{"name":"신리삼거리","highway":"bus_stop","osmType":"node","osmId":"5006544556","districtCode":"26470","districtName":"연제구"},"geometry":{"type":"Point","coordinates":[129.0875252,35.1745852]}},{"type":"Feature","properties":{"name":"신리삼거리","highway":"bus_stop","osmType":"node","osmId":"5006544557","districtCode":"26470","districtName":"연제구"},"geometry":{"type":"Point","coordinates":[129.08789,35.1744076]}},{"type":"Feature","properties":{"name":"신리삼거리","highway":"bus_stop","osmType":"node","osmId":"5006544558","districtCode":"26470","districtName":"연제구"},"geometry":{"type":"Point","coordinates":[129.0871229,35.1745085]}},{"type":"Feature","properties":{"name":"연제구청","highway":"bus_stop","osmType":"node","osmId":"5006544559","districtCode":"26470","districtName":"연제구"},"geometry":{"type":"Point","coordinates":[129.0835341,35.1751487]}},{"type":"Feature","properties":{"name":"연제구청","highway":"bus_stop","osmType":"node","osmId":"5006544560","districtCode":"26470","districtName":"연제구"},"geometry":{"type":"Point","coordinates":[129.0828555,35.1752079]}},{"type":"Feature","properties":{"name":"연제구청","highway":"bus_stop","osmType":"node","osmId":"5006544561","districtCode":"26470","districtName":"연제구"},"geometry":{"type":"Point","coordinates":[129.0811845,35.1753087]}},{"type":"Feature","properties":{"name":"부산지방노동청 국세청","highway":"bus_stop","osmType":"node","osmId":"5006544562","districtCode":"26470","districtName":"연제구"},"geometry":{"type":"Point","coordinates":[129.0780463,35.1763391]}},{"type":"Feature","properties":{"name":"부산지방노동청 국세청","highway":"bus_stop","osmType":"node","osmId":"5006544563","districtCode":"26470","districtName":"연제구"},"geometry":{"type":"Point","coordinates":[129.0778505,35.1763238]}},{"type":"Feature","properties":{"name":"부산지방경찰청","highway":"bus_stop","osmType":"node","osmId":"5006544564","districtCode":"26470","districtName":"연제구"},"geometry":{"type":"Point","coordinates":[129.0754285,35.178446]}},{"type":"Feature","properties":{"name":"상수도사업본부","highway":"bus_stop","osmType":"node","osmId":"5006544567","districtCode":"26230","districtName":"부산진구"},"geometry":{"type":"Point","coordinates":[129.0726528,35.1748103]}},{"type":"Feature","properties":{"name":"상수도사업본부","highway":"bus_stop","osmType":"node","osmId":"5006544569","districtCode":"26230","districtName":"부산진구"},"geometry":{"type":"Point","coordinates":[129.0724773,35.1745042]}},{"type":"Feature","properties":{"name":"양정역","highway":"bus_stop","osmType":"node","osmId":"5006544572","districtCode":"26230","districtName":"부산진구"},"geometry":{"type":"Point","coordinates":[129.0700574,35.1715747]}},{"type":"Feature","properties":{"name":"양정역","highway":"bus_stop","osmType":"node","osmId":"5006544573","districtCode":"26230","districtName":"부산진구"},"geometry":{"type":"Point","coordinates":[129.0696976,35.1710484]}},{"type":"Feature","properties":{"name":"송상현광장","highway":"bus_stop","osmType":"node","osmId":"5006544577","districtCode":"26230","districtName":"부산진구"},"geometry":{"type":"Point","coordinates":[129.0655329,35.1663802]}},{"type":"Feature","properties":{"name":"송상현광장","highway":"bus_stop","osmType":"node","osmId":"5006544578","districtCode":"26230","districtName":"부산진구"},"geometry":{"type":"Point","coordinates":[129.0651353,35.1657074]}},{"type":"Feature","properties":{"name":"부전역","highway":"bus_stop","osmType":"node","osmId":"5006544581","districtCode":"26230","districtName":"부산진구"},"geometry":{"type":"Point","coordinates":[129.0620738,35.1621115]}},{"type":"Feature","properties":{"name":"부전시장","highway":"bus_stop","osmType":"node","osmId":"5006544582","districtCode":"26230","districtName":"부산진구"},"geometry":{"type":"Point","coordinates":[129.0614319,35.160665]}},{"type":"Feature","properties":{"name":"부전시장","highway":"bus_stop","osmType":"node","osmId":"5006544583","districtCode":"26230","districtName":"부산진구"},"geometry":{"type":"Point","coordinates":[129.0607373,35.1596192]}},{"type":"Feature","properties":{"name":"롯데호텔백화점(서면역)","highway":"bus_stop","osmType":"node","osmId":"5006582132","districtCode":"26230","districtName":"부산진구"},"geometry":{"type":"Point","coordinates":[129.0559253,35.1577664]}},{"type":"Feature","properties":{"name":"롯데호텔백화점(서면역)","highway":"bus_stop","osmType":"node","osmId":"5006582133","districtCode":"26230","districtName":"부산진구"},"geometry":{"type":"Point","coordinates":[129.0554934,35.157755]}},{"type":"Feature","properties":{"name":"롯데호텔백화점(서면역)","highway":"bus_stop","osmType":"node","osmId":"5006582134","districtCode":"26230","districtName":"부산진구"},"geometry":{"type":"Point","coordinates":[129.0565838,35.1574686]}},{"type":"Feature","properties":{"name":"부산글로벌빌리지","highway":"bus_stop","osmType":"node","osmId":"5006582135","districtCode":"26230","districtName":"부산진구"},"geometry":{"type":"Point","coordinates":[129.051762,35.1574361]}},{"type":"Feature","properties":{"name":"당감입구","highway":"bus_stop","osmType":"node","osmId":"5006582136","districtCode":"26230","districtName":"부산진구"},"geometry":{"type":"Point","coordinates":[129.0506506,35.1586484]}},{"type":"Feature","properties":{"name":"당감입구","highway":"bus_stop","osmType":"node","osmId":"5006582137","districtCode":"26230","districtName":"부산진구"},"geometry":{"type":"Point","coordinates":[129.0501579,35.1590932]}},{"type":"Feature","properties":{"name":"진양교차로","highway":"bus_stop","osmType":"node","osmId":"5006582138","districtCode":"26230","districtName":"부산진구"},"geometry":{"type":"Point","coordinates":[129.048012,35.162157]}},{"type":"Feature","properties":{"name":"진양교차로","highway":"bus_stop","osmType":"node","osmId":"5006582139","districtCode":"26230","districtName":"부산진구"},"geometry":{"type":"Point","coordinates":[129.0474983,35.162598]}},{"type":"Feature","properties":{"name":"진양교차로","highway":"bus_stop","osmType":"node","osmId":"5006582140","districtCode":"26230","districtName":"부산진구"},"geometry":{"type":"Point","coordinates":[129.0459059,35.1625045]}},{"type":"Feature","properties":{"name":"진양교차로","highway":"bus_stop","osmType":"node","osmId":"5006582141","districtCode":"26230","districtName":"부산진구"},"geometry":{"type":"Point","coordinates":[129.0453852,35.1629092]}},{"type":"Feature","properties":{"name":"당감1치안센터","highway":"bus_stop","osmType":"node","osmId":"5006582142","districtCode":"26230","districtName":"부산진구"},"geometry":{"type":"Point","coordinates":[129.0436829,35.1626114]}},{"type":"Feature","properties":{"name":"당감1치안센터","highway":"bus_stop","osmType":"node","osmId":"5006582143","districtCode":"26230","districtName":"부산진구"},"geometry":{"type":"Point","coordinates":[129.042791,35.1620921]}},{"type":"Feature","properties":{"name":"당감초등학교","highway":"bus_stop","osmType":"node","osmId":"5006582144","districtCode":"26230","districtName":"부산진구"},"geometry":{"type":"Point","coordinates":[129.0397204,35.1633558]}},{"type":"Feature","properties":{"name":"당감초등학교","highway":"bus_stop","osmType":"node","osmId":"5006582145","districtCode":"26230","districtName":"부산진구"},"geometry":{"type":"Point","coordinates":[129.0394239,35.1641308]}},{"type":"Feature","properties":{"name":"화승삼성아파트","highway":"bus_stop","osmType":"node","osmId":"5006582146","districtCode":"26230","districtName":"부산진구"},"geometry":{"type":"Point","coordinates":[129.0389756,35.1662344]}},{"type":"Feature","properties":{"name":"화승삼성아파트","highway":"bus_stop","osmType":"node","osmId":"5006582147","districtCode":"26230","districtName":"부산진구"},"geometry":{"type":"Point","coordinates":[129.0389079,35.1670304]}},{"type":"Feature","properties":{"name":"당감4동주민센터","highway":"bus_stop","osmType":"node","osmId":"5006582148","districtCode":"26230","districtName":"부산진구"},"geometry":{"type":"Point","coordinates":[129.0370866,35.1680802]}},{"type":"Feature","properties":{"name":"당감4동주민센터","highway":"bus_stop","osmType":"node","osmId":"5006582149","districtCode":"26230","districtName":"부산진구"},"geometry":{"type":"Point","coordinates":[129.036769,35.167708]}},{"type":"Feature","properties":{"name":"당감4동주민센터","highway":"bus_stop","osmType":"node","osmId":"5006582150","districtCode":"26230","districtName":"부산진구"},"geometry":{"type":"Point","coordinates":[129.0367176,35.1683875]}},{"type":"Feature","properties":{"name":"당감동","highway":"bus_stop","osmType":"node","osmId":"5006582151","districtCode":"26230","districtName":"부산진구"},"geometry":{"type":"Point","coordinates":[129.0359658,35.168502]}},{"type":"Feature","properties":{"name":"동백초등학교","highway":"bus_stop","osmType":"node","osmId":"5008521077","districtCode":"26350","districtName":"해운대구"},"geometry":{"type":"Point","coordinates":[129.1817264,35.1641911]}},{"type":"Feature","properties":{"name":"동백초등학교","highway":"bus_stop","osmType":"node","osmId":"5008521078","districtCode":"26350","districtName":"해운대구"},"geometry":{"type":"Point","coordinates":[129.1817181,35.1640623]}},{"type":"Feature","properties":{"name":"중2동주민센터","highway":"bus_stop","osmType":"node","osmId":"5008521079","districtCode":"26350","districtName":"해운대구"},"geometry":{"type":"Point","coordinates":[129.1801645,35.1622409]}},{"type":"Feature","properties":{"name":"중2동주민센터","highway":"bus_stop","osmType":"node","osmId":"5008521080","districtCode":"26350","districtName":"해운대구"},"geometry":{"type":"Point","coordinates":[129.1798195,35.162047]}},{"type":"Feature","properties":{"name":"중동119안전센터","highway":"bus_stop","osmType":"node","osmId":"5008609945","districtCode":"26350","districtName":"해운대구"},"geometry":{"type":"Point","coordinates":[129.1764494,35.161313]}},{"type":"Feature","properties":{"name":"중동119안전센터","highway":"bus_stop","osmType":"node","osmId":"5008609946","districtCode":"26350","districtName":"해운대구"},"geometry":{"type":"Point","coordinates":[129.1767907,35.1612331]}},{"type":"Feature","properties":{"name":"세정상업고등학교","highway":"bus_stop","osmType":"node","osmId":"5008612032","districtCode":"26230","districtName":"부산진구"},"geometry":{"type":"Point","coordinates":[129.0763607,35.1749911]}},{"type":"Feature","properties":{"name":"세정상업고등학교","highway":"bus_stop","osmType":"node","osmId":"5008612033","districtCode":"26230","districtName":"부산진구"},"geometry":{"type":"Point","coordinates":[129.076524,35.1748979]}},{"type":"Feature","properties":{"name":"양정역6번출구","name:en":"Yangjeong Station exit 6","highway":"bus_stop","osmType":"node","osmId":"5008612034","districtCode":"26230","districtName":"부산진구"},"geometry":{"type":"Point","coordinates":[129.074053,35.174092]}},{"type":"Feature","properties":{"name":"양정역","highway":"bus_stop","osmType":"node","osmId":"5008612035","districtCode":"26230","districtName":"부산진구"},"geometry":{"type":"Point","coordinates":[129.0733567,35.1736563]}},{"type":"Feature","properties":{"name":"수영교차로(수영역)","highway":"bus_stop","osmType":"node","osmId":"5008623284","districtCode":"26500","districtName":"수영구"},"geometry":{"type":"Point","coordinates":[129.1162845,35.167798]}},{"type":"Feature","properties":{"name":"송정","highway":"bus_stop","osmType":"node","osmId":"5008712240","districtCode":"26350","districtName":"해운대구"},"geometry":{"type":"Point","coordinates":[129.201335,35.1835198]}},{"type":"Feature","properties":{"name":"송정","highway":"bus_stop","osmType":"node","osmId":"5008712241","districtCode":"26350","districtName":"해운대구"},"geometry":{"type":"Point","coordinates":[129.2021897,35.1834041]}},{"type":"Feature","properties":{"name":"송정해수욕장","highway":"bus_stop","osmType":"node","osmId":"5008712242","districtCode":"26350","districtName":"해운대구"},"geometry":{"type":"Point","coordinates":[129.204043,35.1822657]}},{"type":"Feature","properties":{"name":"송정해수욕장","highway":"bus_stop","osmType":"node","osmId":"5008712243","districtCode":"26350","districtName":"해운대구"},"geometry":{"type":"Point","coordinates":[129.2044189,35.182197]}},{"type":"Feature","properties":{"name":"공수","highway":"bus_stop","osmType":"node","osmId":"5008712244","districtCode":"26710","districtName":"기장군"},"geometry":{"type":"Point","coordinates":[129.2105179,35.1840119]}},{"type":"Feature","properties":{"name":"공수","highway":"bus_stop","osmType":"node","osmId":"5008712245","districtCode":"26710","districtName":"기장군"},"geometry":{"type":"Point","coordinates":[129.2103895,35.1842008]}},{"type":"Feature","properties":{"name":"당사 양경마을","highway":"bus_stop","osmType":"node","osmId":"5008712246","districtCode":"26710","districtName":"기장군"},"geometry":{"type":"Point","coordinates":[129.2113663,35.1866006]}},{"type":"Feature","properties":{"name":"당사 양경마을","highway":"bus_stop","osmType":"node","osmId":"5008712247","districtCode":"26710","districtName":"기장군"},"geometry":{"type":"Point","coordinates":[129.2115997,35.1866225]}},{"type":"Feature","properties":{"name":"동부산관광단지/롯데아울렛","highway":"bus_stop","osmType":"node","osmId":"5008712248","districtCode":"26710","districtName":"기장군"},"geometry":{"type":"Point","coordinates":[129.2149199,35.1908952]}},{"type":"Feature","properties":{"name":"동부산관광단지/롯데아울렛","highway":"bus_stop","osmType":"node","osmId":"5008712249","districtCode":"26710","districtName":"기장군"},"geometry":{"type":"Point","coordinates":[129.2142493,35.1908514]}},{"type":"Feature","properties":{"name":"동부산관광단지","highway":"bus_stop","osmType":"node","osmId":"5008712250","districtCode":"26710","districtName":"기장군"},"geometry":{"type":"Point","coordinates":[129.2159981,35.1915221]}},{"type":"Feature","properties":{"name":"동암정문","highway":"bus_stop","osmType":"node","osmId":"5008712251","districtCode":"26710","districtName":"기장군"},"geometry":{"type":"Point","coordinates":[129.2222209,35.1963399]}},{"type":"Feature","properties":{"name":"동암정문","highway":"bus_stop","osmType":"node","osmId":"5008712252","districtCode":"26710","districtName":"기장군"},"geometry":{"type":"Point","coordinates":[129.2221189,35.1965679]}},{"type":"Feature","properties":{"name":"동암후문","highway":"bus_stop","osmType":"node","osmId":"5008712253","districtCode":"26710","districtName":"기장군"},"geometry":{"type":"Point","coordinates":[129.2226983,35.1975586]}},{"type":"Feature","properties":{"name":"동암후문","highway":"bus_stop","osmType":"node","osmId":"5008712254","districtCode":"26710","districtName":"기장군"},"geometry":{"type":"Point","coordinates":[129.2232455,35.1980277]}},{"type":"Feature","properties":{"name":"해광사","highway":"bus_stop","osmType":"node","osmId":"5008712255","districtCode":"26710","districtName":"기장군"},"geometry":{"type":"Point","coordinates":[129.2242301,35.2055715]}},{"type":"Feature","properties":{"name":"해광사","highway":"bus_stop","osmType":"node","osmId":"5008712256","districtCode":"26710","districtName":"기장군"},"geometry":{"type":"Point","coordinates":[129.2240287,35.2055803]}},{"type":"Feature","properties":{"name":"기차여행","highway":"bus_stop","osmType":"node","osmId":"5008712257","districtCode":"26710","districtName":"기장군"},"geometry":{"type":"Point","coordinates":[129.2229075,35.2087361]}},{"type":"Feature","properties":{"name":"기차여행","highway":"bus_stop","osmType":"node","osmId":"5008712258","districtCode":"26710","districtName":"기장군"},"geometry":{"type":"Point","coordinates":[129.2231435,35.2087536]}},{"type":"Feature","properties":{"name":"서암입구","highway":"bus_stop","osmType":"node","osmId":"5008712259","districtCode":"26710","districtName":"기장군"},"geometry":{"type":"Point","coordinates":[129.2224709,35.2105981]}},{"type":"Feature","properties":{"name":"서암입구","highway":"bus_stop","osmType":"node","osmId":"5008712260","districtCode":"26710","districtName":"기장군"},"geometry":{"type":"Point","coordinates":[129.2223266,35.2104755]}},{"type":"Feature","properties":{"name":"연서교회","highway":"bus_stop","osmType":"node","osmId":"5008712261","districtCode":"26710","districtName":"기장군"},"geometry":{"type":"Point","coordinates":[129.2218049,35.2146843]}},{"type":"Feature","properties":{"name":"연서교회","highway":"bus_stop","osmType":"node","osmId":"5008712262","districtCode":"26710","districtName":"기장군"},"geometry":{"type":"Point","coordinates":[129.2220524,35.2146843]}},{"type":"Feature","properties":{"name":"서암","highway":"bus_stop","osmType":"node","osmId":"5008712263","districtCode":"26710","districtName":"기장군"},"geometry":{"type":"Point","coordinates":[129.2235188,35.215661]}},{"type":"Feature","properties":{"name":"서암","highway":"bus_stop","osmType":"node","osmId":"5008712264","districtCode":"26710","districtName":"기장군"},"geometry":{"type":"Point","coordinates":[129.2237383,35.2159205]}},{"type":"Feature","properties":{"name":"신암","highway":"bus_stop","osmType":"node","osmId":"5008712265","districtCode":"26710","districtName":"기장군"},"geometry":{"type":"Point","coordinates":[129.2253868,35.2179693]}},{"type":"Feature","properties":{"name":"신암","highway":"bus_stop","osmType":"node","osmId":"5008712266","districtCode":"26710","districtName":"기장군"},"geometry":{"type":"Point","coordinates":[129.2254755,35.2183317]}},{"type":"Feature","properties":{"name":"연화리","highway":"bus_stop","osmType":"node","osmId":"5008712267","districtCode":"26710","districtName":"기장군"},"geometry":{"type":"Point","coordinates":[129.2267131,35.2203499]}},{"type":"Feature","properties":{"name":"연화리","highway":"bus_stop","osmType":"node","osmId":"5008712268","districtCode":"26710","districtName":"기장군"},"geometry":{"type":"Point","coordinates":[129.2266953,35.2200278]}},{"type":"Feature","properties":{"name":"대변항입구","highway":"bus_stop","osmType":"node","osmId":"5008712269","districtCode":"26710","districtName":"기장군"},"geometry":{"type":"Point","coordinates":[129.2267075,35.2228956]}},{"type":"Feature","properties":{"name":"대변항입구","highway":"bus_stop","osmType":"node","osmId":"5008712270","districtCode":"26710","districtName":"기장군"},"geometry":{"type":"Point","coordinates":[129.2265403,35.2228679]}},{"type":"Feature","properties":{"name":"대변","highway":"bus_stop","osmType":"node","osmId":"5008712271","districtCode":"26710","districtName":"기장군"},"geometry":{"type":"Point","coordinates":[129.2281515,35.2249318]}},{"type":"Feature","properties":{"name":"대변","highway":"bus_stop","osmType":"node","osmId":"5008712272","districtCode":"26710","districtName":"기장군"},"geometry":{"type":"Point","coordinates":[129.2282635,35.2248402]}},{"type":"Feature","properties":{"name":"무양","highway":"bus_stop","osmType":"node","osmId":"5008712273","districtCode":"26710","districtName":"기장군"},"geometry":{"type":"Point","coordinates":[129.2258818,35.2276899]}},{"type":"Feature","properties":{"name":"무양","highway":"bus_stop","osmType":"node","osmId":"5008712274","districtCode":"26710","districtName":"기장군"},"geometry":{"type":"Point","coordinates":[129.2252514,35.2277853]}},{"type":"Feature","properties":{"name":"대변고개","highway":"bus_stop","osmType":"node","osmId":"5008712275","districtCode":"26710","districtName":"기장군"},"geometry":{"type":"Point","coordinates":[129.2210157,35.2309667]}},{"type":"Feature","properties":{"name":"대변고개","highway":"bus_stop","osmType":"node","osmId":"5008712276","districtCode":"26710","districtName":"기장군"},"geometry":{"type":"Point","coordinates":[129.2215901,35.2304441]}},{"type":"Feature","properties":{"name":"기장2주공","highway":"bus_stop","osmType":"node","osmId":"5008712277","districtCode":"26710","districtName":"기장군"},"geometry":{"type":"Point","coordinates":[129.2189896,35.2342613]}},{"type":"Feature","properties":{"name":"기장2주공","highway":"bus_stop","osmType":"node","osmId":"5008712278","districtCode":"26710","districtName":"기장군"},"geometry":{"type":"Point","coordinates":[129.2186969,35.2343576]}},{"type":"Feature","properties":{"name":"연화교차로","highway":"bus_stop","osmType":"node","osmId":"5008739991","districtCode":"26710","districtName":"기장군"},"geometry":{"type":"Point","coordinates":[129.2124326,35.217058]}},{"type":"Feature","properties":{"name":"연화교차로","highway":"bus_stop","osmType":"node","osmId":"5008739992","districtCode":"26710","districtName":"기장군"},"geometry":{"type":"Point","coordinates":[129.2128325,35.2170551]}},{"type":"Feature","properties":{"name":"국립부산과학관","highway":"bus_stop","osmType":"node","osmId":"5008759536","districtCode":"26710","districtName":"기장군"},"geometry":{"type":"Point","coordinates":[129.2133204,35.202939]}},{"type":"Feature","properties":{"name":"오시리아역","highway":"bus_stop","osmType":"node","osmId":"5008759537","districtCode":"26710","districtName":"기장군"},"geometry":{"type":"Point","coordinates":[129.209543,35.1965751]}},{"type":"Feature","properties":{"name":"국립부산과학관입구","highway":"bus_stop","osmType":"node","osmId":"5008759538","districtCode":"26710","districtName":"기장군"},"geometry":{"type":"Point","coordinates":[129.2096909,35.1966632]}},{"type":"Feature","properties":{"name":"롯데몰","name:en":"LOTTE Mall","highway":"bus_stop","osmType":"node","osmId":"5008759539","districtCode":"26710","districtName":"기장군"},"geometry":{"type":"Point","coordinates":[129.2124238,35.1947723]}},{"type":"Feature","properties":{"name":"롯데몰","highway":"bus_stop","osmType":"node","osmId":"5008759540","districtCode":"26710","districtName":"기장군"},"geometry":{"type":"Point","coordinates":[129.2122851,35.1946666]}},{"type":"Feature","properties":{"name":"동부산관광단지","highway":"bus_stop","osmType":"node","osmId":"5008759541","districtCode":"26710","districtName":"기장군"},"geometry":{"type":"Point","coordinates":[129.2149569,35.1921511]}},{"type":"Feature","properties":{"name":"동해선 벡스코역","highway":"bus_stop","osmType":"node","osmId":"5008797021","districtCode":"26350","districtName":"해운대구"},"geometry":{"type":"Point","coordinates":[129.1340381,35.1716216]}},{"type":"Feature","properties":{"name":"동해선 벡스코역","highway":"bus_stop","osmType":"node","osmId":"5008797022","districtCode":"26350","districtName":"해운대구"},"geometry":{"type":"Point","coordinates":[129.1333996,35.1722182]}},{"type":"Feature","properties":{"name":"동해선 벡스코역","highway":"bus_stop","osmType":"node","osmId":"5008797023","districtCode":"26350","districtName":"해운대구"},"geometry":{"type":"Point","coordinates":[129.1332662,35.1720204]}},{"type":"Feature","properties":{"name":"센텀센시빌","highway":"bus_stop","osmType":"node","osmId":"5008797024","districtCode":"26350","districtName":"해운대구"},"geometry":{"type":"Point","coordinates":[129.1314623,35.1746149]}},{"type":"Feature","properties":{"name":"센텀센시빌","highway":"bus_stop","osmType":"node","osmId":"5008797025","districtCode":"26350","districtName":"해운대구"},"geometry":{"type":"Point","coordinates":[129.1309317,35.1755478]}},{"type":"Feature","properties":{"name":"센텀고등학교","highway":"bus_stop","osmType":"node","osmId":"5008797026","districtCode":"26350","districtName":"해운대구"},"geometry":{"type":"Point","coordinates":[129.1287681,35.1770389]}},{"type":"Feature","properties":{"name":"센텀고등학교","highway":"bus_stop","osmType":"node","osmId":"5008797027","districtCode":"26350","districtName":"해운대구"},"geometry":{"type":"Point","coordinates":[129.1282518,35.177133]}},{"type":"Feature","properties":{"name":"동해선 재송역","highway":"bus_stop","osmType":"node","osmId":"5008797035","districtCode":"26350","districtName":"해운대구"},"geometry":{"type":"Point","coordinates":[129.1206829,35.1894158]}},{"type":"Feature","properties":{"name":"원동IC교차로","highway":"bus_stop","osmType":"node","osmId":"5008797038","districtCode":"26350","districtName":"해운대구"},"geometry":{"type":"Point","coordinates":[129.1171948,35.1937058]}},{"type":"Feature","properties":{"name":"원동IC교차로","highway":"bus_stop","osmType":"node","osmId":"5008797039","districtCode":"26350","districtName":"해운대구"},"geometry":{"type":"Point","coordinates":[129.1183964,35.1930505]}},{"type":"Feature","properties":{"name":"안락동우체국(동해선안락역)","highway":"bus_stop","osmType":"node","osmId":"5008821492","districtCode":"26260","districtName":"동래구"},"geometry":{"type":"Point","coordinates":[129.1007038,35.1971556]}},{"type":"Feature","properties":{"name":"안락동우체국(동해선안락역)","highway":"bus_stop","osmType":"node","osmId":"5008821493","districtCode":"26260","districtName":"동래구"},"geometry":{"type":"Point","coordinates":[129.1009136,35.197162]}},{"type":"Feature","properties":{"name":"안락교차로","highway":"bus_stop","osmType":"node","osmId":"5008821494","districtCode":"26260","districtName":"동래구"},"geometry":{"type":"Point","coordinates":[129.0969361,35.1983811]}},{"type":"Feature","properties":{"name":"안락교차로","highway":"bus_stop","osmType":"node","osmId":"5008821495","districtCode":"26260","districtName":"동래구"},"geometry":{"type":"Point","coordinates":[129.0974806,35.1979493]}},{"type":"Feature","properties":{"name":"동래한양아파트","highway":"bus_stop","osmType":"node","osmId":"5008821496","districtCode":"26260","districtName":"동래구"},"geometry":{"type":"Point","coordinates":[129.0928888,35.1995759]}},{"type":"Feature","properties":{"name":"동래한양아파트","highway":"bus_stop","osmType":"node","osmId":"5008821498","districtCode":"26260","districtName":"동래구"},"geometry":{"type":"Point","coordinates":[129.0923063,35.1996478]}},{"type":"Feature","properties":{"name":"동래한양아파트","highway":"bus_stop","osmType":"node","osmId":"5008821499","districtCode":"26260","districtName":"동래구"},"geometry":{"type":"Point","coordinates":[129.0924461,35.1995109]}},{"type":"Feature","properties":{"name":"동래고등학교(낙민역)","highway":"bus_stop","osmType":"node","osmId":"5008821500","districtCode":"26260","districtName":"동래구"},"geometry":{"type":"Point","coordinates":[129.0894205,35.2007855]}},{"type":"Feature","properties":{"name":"동래고등학교(낙민역)","highway":"bus_stop","osmType":"node","osmId":"5008821501","districtCode":"26260","districtName":"동래구"},"geometry":{"type":"Point","coordinates":[129.0895546,35.2005575]}},{"type":"Feature","properties":{"name":"동래시장","highway":"bus_stop","osmType":"node","osmId":"5008821502","districtCode":"26260","districtName":"동래구"},"geometry":{"type":"Point","coordinates":[129.0863279,35.2013443]}},{"type":"Feature","properties":{"name":"동래시장","highway":"bus_stop","osmType":"node","osmId":"5008821503","districtCode":"26260","districtName":"동래구"},"geometry":{"type":"Point","coordinates":[129.0869904,35.2012172]}},{"type":"Feature","properties":{"name":"동래시장","highway":"bus_stop","osmType":"node","osmId":"5008821504","districtCode":"26260","districtName":"동래구"},"geometry":{"type":"Point","coordinates":[129.0881089,35.2010441]}},{"type":"Feature","properties":{"name":"동래시장","highway":"bus_stop","osmType":"node","osmId":"5008821505","districtCode":"26260","districtName":"동래구"},"geometry":{"type":"Point","coordinates":[129.0857888,35.2012961]}},{"type":"Feature","properties":{"name":"동래시장","highway":"bus_stop","osmType":"node","osmId":"5008821506","districtCode":"26260","districtName":"동래구"},"geometry":{"type":"Point","coordinates":[129.0864004,35.2011712]}},{"type":"Feature","properties":{"name":"동래시장","highway":"bus_stop","osmType":"node","osmId":"5008821507","districtCode":"26260","districtName":"동래구"},"geometry":{"type":"Point","coordinates":[129.0872292,35.2010397]}},{"type":"Feature","properties":{"name":"동래시장","highway":"bus_stop","osmType":"node","osmId":"5008821508","districtCode":"26260","districtName":"동래구"},"geometry":{"type":"Point","coordinates":[129.0875591,35.2009674]}},{"type":"Feature","properties":{"name":"메가마트동래점","highway":"bus_stop","osmType":"node","osmId":"5008844582","districtCode":"26260","districtName":"동래구"},"geometry":{"type":"Point","coordinates":[129.0818247,35.2027819]}},{"type":"Feature","properties":{"name":"동래역(내성교차로)","highway":"bus_stop","osmType":"node","osmId":"5008844585","districtCode":"26260","districtName":"동래구"},"geometry":{"type":"Point","coordinates":[129.0784169,35.2043008]}},{"type":"Feature","properties":{"name":"동래역(내성교차로)","highway":"bus_stop","osmType":"node","osmId":"5008844586","districtCode":"26260","districtName":"동래구"},"geometry":{"type":"Point","coordinates":[129.0784327,35.2043803]}},{"type":"Feature","properties":{"name":"동래럭키아파트","highway":"bus_stop","osmType":"node","osmId":"5008844587","districtCode":"26260","districtName":"동래구"},"geometry":{"type":"Point","coordinates":[129.0750283,35.2057923]}},{"type":"Feature","properties":{"name":"동래럭키아파트","highway":"bus_stop","osmType":"node","osmId":"5008844588","districtCode":"26260","districtName":"동래구"},"geometry":{"type":"Point","coordinates":[129.0749389,35.2056211]}},{"type":"Feature","properties":{"name":"광혜병원","highway":"bus_stop","osmType":"node","osmId":"5008844589","districtCode":"26260","districtName":"동래구"},"geometry":{"type":"Point","coordinates":[129.0735709,35.2062026]}},{"type":"Feature","properties":{"name":"미남교차로(미남역)","highway":"bus_stop","osmType":"node","osmId":"5008844590","districtCode":"26260","districtName":"동래구"},"geometry":{"type":"Point","coordinates":[129.0711092,35.2074362]}},{"type":"Feature","properties":{"name":"광혜병원(미남역)","highway":"bus_stop","osmType":"node","osmId":"5008844591","districtCode":"26260","districtName":"동래구"},"geometry":{"type":"Point","coordinates":[129.071026,35.2072751]}},{"type":"Feature","properties":{"name":"화신아파트","highway":"bus_stop","osmType":"node","osmId":"5008844592","districtCode":"26260","districtName":"동래구"},"geometry":{"type":"Point","coordinates":[129.0650087,35.2094929]}},{"type":"Feature","properties":{"name":"화신아파트","highway":"bus_stop","osmType":"node","osmId":"5008844593","districtCode":"26260","districtName":"동래구"},"geometry":{"type":"Point","coordinates":[129.0654955,35.2090448]}},{"type":"Feature","properties":{"name":"만덕교차로","highway":"bus_stop","osmType":"node","osmId":"5008865146","districtCode":"26320","districtName":"북구"},"geometry":{"type":"Point","coordinates":[129.0391045,35.2130932]}},{"type":"Feature","properties":{"name":"만덕교차로(만덕역)","highway":"bus_stop","osmType":"node","osmId":"5008865147","districtCode":"26320","districtName":"북구"},"geometry":{"type":"Point","coordinates":[129.0371082,35.213049]}},{"type":"Feature","properties":{"name":"동문굿모닝힐아파트","highway":"bus_stop","osmType":"node","osmId":"5008865148","districtCode":"26320","districtName":"북구"},"geometry":{"type":"Point","coordinates":[129.0355106,35.2097703]}},{"type":"Feature","properties":{"name":"동문굿모닝힐아파트","highway":"bus_stop","osmType":"node","osmId":"5008865149","districtCode":"26320","districtName":"북구"},"geometry":{"type":"Point","coordinates":[129.0355334,35.2095828]}},{"type":"Feature","properties":{"name":"대성아파트입구","highway":"bus_stop","osmType":"node","osmId":"5008865150","districtCode":"26320","districtName":"북구"},"geometry":{"type":"Point","coordinates":[129.0349424,35.2107684]}},{"type":"Feature","properties":{"name":"백산유치원","highway":"bus_stop","osmType":"node","osmId":"5008938416","districtCode":"26320","districtName":"북구"},"geometry":{"type":"Point","coordinates":[129.0265368,35.2110113]}},{"type":"Feature","properties":{"name":"백산유치원","highway":"bus_stop","osmType":"node","osmId":"5008938417","districtCode":"26320","districtName":"북구"},"geometry":{"type":"Point","coordinates":[129.0271597,35.2106845]}},{"type":"Feature","properties":{"name":"이노비즈센터","highway":"bus_stop","osmType":"node","osmId":"5008938418","districtCode":"26320","districtName":"북구"},"geometry":{"type":"Point","coordinates":[129.025974,35.2123472]}},{"type":"Feature","properties":{"name":"이노비즈센터","highway":"bus_stop","osmType":"node","osmId":"5008938419","districtCode":"26320","districtName":"북구"},"geometry":{"type":"Point","coordinates":[129.0261899,35.2120204]}},{"type":"Feature","properties":{"name":"벽산아파트","highway":"bus_stop","osmType":"node","osmId":"5008938420","districtCode":"26320","districtName":"북구"},"geometry":{"type":"Point","coordinates":[129.0246858,35.2112426]}},{"type":"Feature","properties":{"name":"벽산아파트","highway":"bus_stop","osmType":"node","osmId":"5008939121","districtCode":"26320","districtName":"북구"},"geometry":{"type":"Point","coordinates":[129.0239001,35.2111443]}},{"type":"Feature","properties":{"name":"양지슈퍼","highway":"bus_stop","osmType":"node","osmId":"5008939122","districtCode":"26320","districtName":"북구"},"geometry":{"type":"Point","coordinates":[129.0221623,35.2113409]}},{"type":"Feature","properties":{"name":"양지슈퍼","highway":"bus_stop","osmType":"node","osmId":"5008939123","districtCode":"26320","districtName":"북구"},"geometry":{"type":"Point","coordinates":[129.0216668,35.2110922]}},{"type":"Feature","properties":{"name":"양천초등학교","highway":"bus_stop","osmType":"node","osmId":"5008939124","districtCode":"26320","districtName":"북구"},"geometry":{"type":"Point","coordinates":[129.0192354,35.210644]}},{"type":"Feature","properties":{"name":"양천초등학교","highway":"bus_stop","osmType":"node","osmId":"5008939125","districtCode":"26320","districtName":"북구"},"geometry":{"type":"Point","coordinates":[129.0192779,35.2105168]}},{"type":"Feature","properties":{"name":"청우파크맨션","highway":"bus_stop","osmType":"node","osmId":"5008939126","districtCode":"26320","districtName":"북구"},"geometry":{"type":"Point","coordinates":[129.0158201,35.2097996]}},{"type":"Feature","properties":{"name":"청우파크맨션","highway":"bus_stop","osmType":"node","osmId":"5008939127","districtCode":"26320","districtName":"북구"},"geometry":{"type":"Point","coordinates":[129.0152927,35.2095394]}},{"type":"Feature","properties":{"name":"덕천주공아파트","highway":"bus_stop","osmType":"node","osmId":"5008939128","districtCode":"26320","districtName":"북구"},"geometry":{"type":"Point","coordinates":[129.0131338,35.2091432]}},{"type":"Feature","properties":{"name":"덕천주공아파트","highway":"bus_stop","osmType":"node","osmId":"5008939129","districtCode":"26320","districtName":"북구"},"geometry":{"type":"Point","coordinates":[129.013017,35.2089697]}},{"type":"Feature","properties":{"name":"덕천주공입구","highway":"bus_stop","osmType":"node","osmId":"5008939130","districtCode":"26320","districtName":"북구"},"geometry":{"type":"Point","coordinates":[129.0115023,35.2091432]}},{"type":"Feature","properties":{"name":"덕천주공입구","highway":"bus_stop","osmType":"node","osmId":"5008939131","districtCode":"26320","districtName":"북구"},"geometry":{"type":"Point","coordinates":[129.0112722,35.2094035]}},{"type":"Feature","properties":{"name":"숙등역","highway":"bus_stop","osmType":"node","osmId":"5008939132","districtCode":"26320","districtName":"북구"},"geometry":{"type":"Point","coordinates":[129.0128603,35.212077]}},{"type":"Feature","properties":{"name":"숙등역","highway":"bus_stop","osmType":"node","osmId":"5008939133","districtCode":"26320","districtName":"북구"},"geometry":{"type":"Point","coordinates":[129.0131268,35.2119799]}},{"type":"Feature","properties":{"name":"구포전화국","highway":"bus_stop","osmType":"node","osmId":"5008939134","districtCode":"26320","districtName":"북구"},"geometry":{"type":"Point","coordinates":[129.0181949,35.213258]}},{"type":"Feature","properties":{"name":"구포전화국","highway":"bus_stop","osmType":"node","osmId":"5008939135","districtCode":"26320","districtName":"북구"},"geometry":{"type":"Point","coordinates":[129.0182586,35.213099]}},{"type":"Feature","properties":{"name":"남산정역","highway":"bus_stop","osmType":"node","osmId":"5008939136","districtCode":"26320","districtName":"북구"},"geometry":{"type":"Point","coordinates":[129.0225937,35.2133799]}},{"type":"Feature","properties":{"name":"남산정역","highway":"bus_stop","osmType":"node","osmId":"5008939137","districtCode":"26320","districtName":"북구"},"geometry":{"type":"Point","coordinates":[129.0229091,35.2132407]}},{"type":"Feature","properties":{"name":"만덕성당","highway":"bus_stop","osmType":"node","osmId":"5008939138","districtCode":"26320","districtName":"북구"},"geometry":{"type":"Point","coordinates":[129.0302883,35.2130296]}},{"type":"Feature","properties":{"name":"만덕성당","highway":"bus_stop","osmType":"node","osmId":"5008939139","districtCode":"26320","districtName":"북구"},"geometry":{"type":"Point","coordinates":[129.0322773,35.2129052]}},{"type":"Feature","properties":{"name":"병풍사입구","highway":"bus_stop","osmType":"node","osmId":"5008939140","districtCode":"26320","districtName":"북구"},"geometry":{"type":"Point","coordinates":[129.0440912,35.2151635]}},{"type":"Feature","properties":{"name":"병풍사입구","highway":"bus_stop","osmType":"node","osmId":"5008939141","districtCode":"26320","districtName":"북구"},"geometry":{"type":"Point","coordinates":[129.0442611,35.2149467]}},{"type":"Feature","properties":{"name":"만덕터널입구","highway":"bus_stop","osmType":"node","osmId":"5008939142","districtCode":"26260","districtName":"동래구"},"geometry":{"type":"Point","coordinates":[129.0576782,35.2119742]}},{"type":"Feature","properties":{"name":"만덕터널입구","highway":"bus_stop","osmType":"node","osmId":"5008939143","districtCode":"26260","districtName":"동래구"},"geometry":{"type":"Point","coordinates":[129.0583541,35.2123096]}},{"type":"Feature","properties":{"name":"개별화물협회","highway":"bus_stop","osmType":"node","osmId":"5008939144","districtCode":"26260","districtName":"동래구"},"geometry":{"type":"Point","coordinates":[129.06516,35.2150768]}},{"type":"Feature","properties":{"name":"효자암","highway":"bus_stop","osmType":"node","osmId":"5008939145","districtCode":"26260","districtName":"동래구"},"geometry":{"type":"Point","coordinates":[129.0667173,35.2158864]}},{"type":"Feature","properties":{"name":"화신아파트","highway":"bus_stop","osmType":"node","osmId":"5008939146","districtCode":"26260","districtName":"동래구"},"geometry":{"type":"Point","coordinates":[129.0660165,35.2107828]}},{"type":"Feature","properties":{"name":"화신아파트","highway":"bus_stop","osmType":"node","osmId":"5008939147","districtCode":"26260","districtName":"동래구"},"geometry":{"type":"Point","coordinates":[129.0652839,35.2106151]}},{"type":"Feature","properties":{"name":"덕천역","highway":"bus_stop","osmType":"node","osmId":"5008939148","districtCode":"26320","districtName":"북구"},"geometry":{"type":"Point","coordinates":[129.0078932,35.2108561]}},{"type":"Feature","properties":{"name":"덕천역","highway":"bus_stop","osmType":"node","osmId":"5008939149","districtCode":"26320","districtName":"북구"},"geometry":{"type":"Point","coordinates":[129.0079698,35.2106768]}},{"type":"Feature","properties":{"name":"구포시장","highway":"bus_stop","osmType":"node","osmId":"5008939150","districtCode":"26320","districtName":"북구"},"geometry":{"type":"Point","coordinates":[129.00288,35.2095751]}},{"type":"Feature","properties":{"name":"구포시장","highway":"bus_stop","osmType":"node","osmId":"5008939151","districtCode":"26320","districtName":"북구"},"geometry":{"type":"Point","coordinates":[129.0032609,35.2095625]}},{"type":"Feature","properties":{"name":"구포시장종점","highway":"bus_stop","osmType":"node","osmId":"5008939152","districtCode":"26320","districtName":"북구"},"geometry":{"type":"Point","coordinates":[129.0029973,35.2105207]}},{"type":"Feature","properties":{"name":"동원로얄듀크비스타","highway":"bus_stop","osmType":"node","osmId":"5008939153","districtCode":"26320","districtName":"북구"},"geometry":{"type":"Point","coordinates":[128.9986272,35.2082691]}},{"type":"Feature","properties":{"name":"구포역","highway":"bus_stop","osmType":"node","osmId":"5008939154","districtCode":"26320","districtName":"북구"},"geometry":{"type":"Point","coordinates":[128.9967499,35.2066665]}},{"type":"Feature","properties":{"name":"구포역","highway":"bus_stop","osmType":"node","osmId":"5008939155","districtCode":"26320","districtName":"북구"},"geometry":{"type":"Point","coordinates":[128.996967,35.2065635]}},{"type":"Feature","properties":{"name":"구포역","highway":"bus_stop","osmType":"node","osmId":"5008939156","districtCode":"26320","districtName":"북구"},"geometry":{"type":"Point","coordinates":[128.9964907,35.2064185]}},{"type":"Feature","properties":{"name":"구포역","highway":"bus_stop","osmType":"node","osmId":"5008939157","districtCode":"26320","districtName":"북구"},"geometry":{"type":"Point","coordinates":[128.9957879,35.2052795]}},{"type":"Feature","properties":{"name":"구포삼거리","highway":"bus_stop","osmType":"node","osmId":"5008939158","districtCode":"26440","districtName":"강서구"},"geometry":{"type":"Point","coordinates":[128.9909576,35.2002202]}},{"type":"Feature","properties":{"name":"구포삼거리","highway":"bus_stop","osmType":"node","osmId":"5008939159","districtCode":"26320","districtName":"북구"},"geometry":{"type":"Point","coordinates":[128.99272,35.2016728]}},{"type":"Feature","properties":{"name":"구포삼거리","highway":"bus_stop","osmType":"node","osmId":"5008939160","districtCode":"26320","districtName":"북구"},"geometry":{"type":"Point","coordinates":[128.992227,35.201124]}},{"type":"Feature","properties":{"name":"구포삼거리","highway":"bus_stop","osmType":"node","osmId":"5008939161","districtCode":"26320","districtName":"북구"},"geometry":{"type":"Point","coordinates":[128.9920329,35.2008874]}},{"type":"Feature","properties":{"name":"한중병원","highway":"bus_stop","osmType":"node","osmId":"5008942948","districtCode":"26320","districtName":"북구"},"geometry":{"type":"Point","coordinates":[128.9900579,35.1988531]}},{"type":"Feature","properties":{"name":"북구청","highway":"bus_stop","osmType":"node","osmId":"5008942949","districtCode":"26440","districtName":"강서구"},"geometry":{"type":"Point","coordinates":[128.9874026,35.1966738]}},{"type":"Feature","properties":{"name":"북구청","highway":"bus_stop","osmType":"node","osmId":"5008942950","districtCode":"26530","districtName":"사상구"},"geometry":{"type":"Point","coordinates":[128.9877175,35.1966188]}},{"type":"Feature","properties":{"name":"북구청","highway":"bus_stop","osmType":"node","osmId":"5008942951","districtCode":"26320","districtName":"북구"},"geometry":{"type":"Point","coordinates":[128.9907176,35.1971019]}},{"type":"Feature","properties":{"name":"북구청","highway":"bus_stop","osmType":"node","osmId":"5008942952","districtCode":"26320","districtName":"북구"},"geometry":{"type":"Point","coordinates":[128.9909087,35.1972315]}},{"type":"Feature","properties":{"name":"화신중학교(화명역)","highway":"bus_stop","osmType":"node","osmId":"5010724702","districtCode":"26320","districtName":"북구"},"geometry":{"type":"Point","coordinates":[129.0140992,35.2375921]}},{"type":"Feature","properties":{"name":"화명역(화신중)","highway":"bus_stop","osmType":"node","osmId":"5010724703","districtCode":"26320","districtName":"북구"},"geometry":{"type":"Point","coordinates":[129.0140829,35.2368449]}},{"type":"Feature","properties":{"name":"화신중학교(화명역)","highway":"bus_stop","osmType":"node","osmId":"5010724704","districtCode":"26320","districtName":"북구"},"geometry":{"type":"Point","coordinates":[129.0138471,35.2372799]}},{"type":"Feature","properties":{"name":"북구보건소","highway":"bus_stop","osmType":"node","osmId":"5010724705","districtCode":"26320","districtName":"북구"},"geometry":{"type":"Point","coordinates":[129.0138268,35.2382064]}},{"type":"Feature","properties":{"name":"화명역","highway":"bus_stop","osmType":"node","osmId":"5010724706","districtCode":"26320","districtName":"북구"},"geometry":{"type":"Point","coordinates":[129.0137917,35.2359112]}},{"type":"Feature","properties":{"name":"와석","highway":"bus_stop","osmType":"node","osmId":"5010724707","districtCode":"26320","districtName":"북구"},"geometry":{"type":"Point","coordinates":[129.0138264,35.2340396]}},{"type":"Feature","properties":{"name":"와석","highway":"bus_stop","osmType":"node","osmId":"5010724708","districtCode":"26320","districtName":"북구"},"geometry":{"type":"Point","coordinates":[129.013476,35.2335713]}},{"type":"Feature","properties":{"name":"대림아파트","highway":"bus_stop","osmType":"node","osmId":"5010724709","districtCode":"26320","districtName":"북구"},"geometry":{"type":"Point","coordinates":[129.0137344,35.2335655]}},{"type":"Feature","properties":{"name":"대림아파트","highway":"bus_stop","osmType":"node","osmId":"5010724710","districtCode":"26320","districtName":"북구"},"geometry":{"type":"Point","coordinates":[129.0134123,35.2315477]}},{"type":"Feature","properties":{"name":"대림아파트","highway":"bus_stop","osmType":"node","osmId":"5010724711","districtCode":"26320","districtName":"북구"},"geometry":{"type":"Point","coordinates":[129.0134336,35.2316633]}},{"type":"Feature","properties":{"name":"대림아파트","highway":"bus_stop","osmType":"node","osmId":"5010724712","districtCode":"26320","districtName":"북구"},"geometry":{"type":"Point","coordinates":[129.0131823,35.2317963]}},{"type":"Feature","properties":{"name":"화명롯데캐슬아파트","highway":"bus_stop","osmType":"node","osmId":"5010724713","districtCode":"26320","districtName":"북구"},"geometry":{"type":"Point","coordinates":[129.0128992,35.2296079]}},{"type":"Feature","properties":{"name":"북부경찰서","highway":"bus_stop","osmType":"node","osmId":"5010724714","districtCode":"26320","districtName":"북구"},"geometry":{"type":"Point","coordinates":[129.0117843,35.2279022]}},{"type":"Feature","properties":{"name":"북부경찰서","highway":"bus_stop","osmType":"node","osmId":"5010724715","districtCode":"26320","districtName":"북구"},"geometry":{"type":"Point","coordinates":[129.0120427,35.2278791]}},{"type":"Feature","properties":{"name":"수정강변타운후문","highway":"bus_stop","osmType":"node","osmId":"5010724716","districtCode":"26320","districtName":"북구"},"geometry":{"type":"Point","coordinates":[129.0076222,35.2202753]}},{"type":"Feature","properties":{"name":"수정강변타운후문","highway":"bus_stop","osmType":"node","osmId":"5010724717","districtCode":"26320","districtName":"북구"},"geometry":{"type":"Point","coordinates":[129.0074594,35.2198011]}},{"type":"Feature","properties":{"name":"성훈강변아파트","highway":"bus_stop","osmType":"node","osmId":"5010724718","districtCode":"26320","districtName":"북구"},"geometry":{"type":"Point","coordinates":[129.0058562,35.2185347]}},{"type":"Feature","properties":{"name":"구룡사","highway":"bus_stop","osmType":"node","osmId":"5010724719","districtCode":"26320","districtName":"북구"},"geometry":{"type":"Point","coordinates":[129.0046422,35.2158485]}},{"type":"Feature","properties":{"name":"구룡사","highway":"bus_stop","osmType":"node","osmId":"5010724720","districtCode":"26320","districtName":"북구"},"geometry":{"type":"Point","coordinates":[129.0049324,35.2159815]}},{"type":"Feature","properties":{"name":"북구문화빙상센터","highway":"bus_stop","osmType":"node","osmId":"5010727221","districtCode":"26320","districtName":"북구"},"geometry":{"type":"Point","coordinates":[129.0044936,35.2143218]}},{"type":"Feature","properties":{"name":"덕천역","highway":"bus_stop","osmType":"node","osmId":"5010727222","districtCode":"26320","districtName":"북구"},"geometry":{"type":"Point","coordinates":[129.0044653,35.212717]}},{"type":"Feature","properties":{"name":"덕천교차로","highway":"bus_stop","osmType":"node","osmId":"5010727223","districtCode":"26320","districtName":"북구"},"geometry":{"type":"Point","coordinates":[129.0047272,35.2119999]}},{"type":"Feature","properties":{"name":"천교차로/덕천역","highway":"bus_stop","osmType":"node","osmId":"5010727224","districtCode":"26320","districtName":"북구"},"geometry":{"type":"Point","coordinates":[129.0045537,35.2119652]}},{"type":"Feature","properties":{"name":"부민병원","highway":"bus_stop","osmType":"node","osmId":"5010727225","districtCode":"26320","districtName":"북구"},"geometry":{"type":"Point","coordinates":[129.0103385,35.2116966]}},{"type":"Feature","properties":{"name":"부민병원","highway":"bus_stop","osmType":"node","osmId":"5010727226","districtCode":"26320","districtName":"북구"},"geometry":{"type":"Point","coordinates":[129.0105726,35.2119307]}},{"type":"Feature","properties":{"name":"낙동고등학교","highway":"bus_stop","osmType":"node","osmId":"5010727227","districtCode":"26320","districtName":"북구"},"geometry":{"type":"Point","coordinates":[129.0091264,35.2164386]}},{"type":"Feature","properties":{"name":"낙동고등학교","highway":"bus_stop","osmType":"node","osmId":"5010727228","districtCode":"26320","districtName":"북구"},"geometry":{"type":"Point","coordinates":[129.0090144,35.2162533]}},{"type":"Feature","properties":{"name":"부민병원.덕천교회","highway":"bus_stop","osmType":"node","osmId":"5010727229","districtCode":"26320","districtName":"북구"},"geometry":{"type":"Point","coordinates":[129.0110171,35.2114224]}},{"type":"Feature","properties":{"name":"부민병원.덕천교회","highway":"bus_stop","osmType":"node","osmId":"5010727230","districtCode":"26320","districtName":"북구"},"geometry":{"type":"Point","coordinates":[129.0111538,35.211647]}},{"type":"Feature","properties":{"name":"숙등역4번출구","highway":"bus_stop","osmType":"node","osmId":"5010727231","districtCode":"26320","districtName":"북구"},"geometry":{"type":"Point","coordinates":[129.0130996,35.2121413]}},{"type":"Feature","properties":{"name":"숙등역1번출구","highway":"bus_stop","osmType":"node","osmId":"5010727232","districtCode":"26320","districtName":"북구"},"geometry":{"type":"Point","coordinates":[129.0145476,35.2123152]}},{"type":"Feature","properties":{"name":"덕천1동주민센터","highway":"bus_stop","osmType":"node","osmId":"5010727233","districtCode":"26320","districtName":"북구"},"geometry":{"type":"Point","coordinates":[129.0157852,35.2126281]}},{"type":"Feature","properties":{"name":"덕천1동주민센터","highway":"bus_stop","osmType":"node","osmId":"5010727234","districtCode":"26320","districtName":"북구"},"geometry":{"type":"Point","coordinates":[129.0158132,35.212815]}},{"type":"Feature","properties":{"name":"삼정그린코아아파트","highway":"bus_stop","osmType":"node","osmId":"5010727235","districtCode":"26320","districtName":"북구"},"geometry":{"type":"Point","coordinates":[129.0201563,35.2133454]}},{"type":"Feature","properties":{"name":"메가마트","highway":"bus_stop","osmType":"node","osmId":"5010727237","districtCode":"26320","districtName":"북구"},"geometry":{"type":"Point","coordinates":[129.0216507,35.213891]}},{"type":"Feature","properties":{"name":"메가마트","highway":"bus_stop","osmType":"node","osmId":"5010727238","districtCode":"26320","districtName":"북구"},"geometry":{"type":"Point","coordinates":[129.0217721,35.2138948]}},{"type":"Feature","properties":{"name":"일동파크맨션","highway":"bus_stop","osmType":"node","osmId":"5010727239","districtCode":"26320","districtName":"북구"},"geometry":{"type":"Point","coordinates":[129.0215246,35.2151653]}},{"type":"Feature","properties":{"name":"일동파크맨션","highway":"bus_stop","osmType":"node","osmId":"5010727240","districtCode":"26320","districtName":"북구"},"geometry":{"type":"Point","coordinates":[129.0215265,35.2150681]}},{"type":"Feature","properties":{"name":"남산정역1번출구","highway":"bus_stop","osmType":"node","osmId":"5010777998","districtCode":"26320","districtName":"북구"},"geometry":{"type":"Point","coordinates":[129.0249361,35.2129744]}},{"type":"Feature","properties":{"name":"이노비즈센터","highway":"bus_stop","osmType":"node","osmId":"5010777999","districtCode":"26320","districtName":"북구"},"geometry":{"type":"Point","coordinates":[129.0262289,35.2121971]}},{"type":"Feature","properties":{"name":"만덕현대아파트","highway":"bus_stop","osmType":"node","osmId":"5010778000","districtCode":"26320","districtName":"북구"},"geometry":{"type":"Point","coordinates":[129.0284853,35.211865]}},{"type":"Feature","properties":{"name":"만덕우체국","highway":"bus_stop","osmType":"node","osmId":"5010778001","districtCode":"26320","districtName":"북구"},"geometry":{"type":"Point","coordinates":[129.028656,35.2116723]}},{"type":"Feature","properties":{"name":"대진아파트","highway":"bus_stop","osmType":"node","osmId":"5010778002","districtCode":"26320","districtName":"북구"},"geometry":{"type":"Point","coordinates":[129.0274283,35.2138546]}},{"type":"Feature","properties":{"name":"협성대진아파트","highway":"bus_stop","osmType":"node","osmId":"5010778003","districtCode":"26320","districtName":"북구"},"geometry":{"type":"Point","coordinates":[129.0272494,35.2138347]}},{"type":"Feature","properties":{"name":"협성대진아파트","highway":"bus_stop","osmType":"node","osmId":"5010778004","districtCode":"26320","districtName":"북구"},"geometry":{"type":"Point","coordinates":[129.0283186,35.2138513]}},{"type":"Feature","properties":{"name":"만덕초등학교","highway":"bus_stop","osmType":"node","osmId":"5010778005","districtCode":"26320","districtName":"북구"},"geometry":{"type":"Point","coordinates":[129.0314897,35.2143761]}},{"type":"Feature","properties":{"name":"휴먼시아아파트","highway":"bus_stop","osmType":"node","osmId":"5010778006","districtCode":"26320","districtName":"북구"},"geometry":{"type":"Point","coordinates":[129.0322743,35.2142764]}},{"type":"Feature","properties":{"name":"농협만덕지점","highway":"bus_stop","osmType":"node","osmId":"5010778007","districtCode":"26320","districtName":"북구"},"geometry":{"type":"Point","coordinates":[129.0346201,35.2143495]}},{"type":"Feature","properties":{"name":"만덕시장입구","highway":"bus_stop","osmType":"node","osmId":"5010778008","districtCode":"26320","districtName":"북구"},"geometry":{"type":"Point","coordinates":[129.0350145,35.2142814]}},{"type":"Feature","properties":{"name":"농협만덕지점","highway":"bus_stop","osmType":"node","osmId":"5010778009","districtCode":"26320","districtName":"북구"},"geometry":{"type":"Point","coordinates":[129.0351445,35.2141336]}},{"type":"Feature","properties":{"name":"만덕시장","highway":"bus_stop","osmType":"node","osmId":"5010778010","districtCode":"26320","districtName":"북구"},"geometry":{"type":"Point","coordinates":[129.0351737,35.2146877]}},{"type":"Feature","properties":{"name":"만덕1동행정복지센터","highway":"bus_stop","osmType":"node","osmId":"5010778011","districtCode":"26320","districtName":"북구"},"geometry":{"type":"Point","coordinates":[129.0367109,35.2142387]}},{"type":"Feature","properties":{"name":"만덕1동행정복지센터","highway":"bus_stop","osmType":"node","osmId":"5010778012","districtCode":"26320","districtName":"북구"},"geometry":{"type":"Point","coordinates":[129.0366968,35.2138205]}},{"type":"Feature","properties":{"name":"만덕성당","highway":"bus_stop","osmType":"node","osmId":"5010778015","districtCode":"26320","districtName":"북구"},"geometry":{"type":"Point","coordinates":[129.0336562,35.212409]}},{"type":"Feature","properties":{"name":"동원아파트","highway":"bus_stop","osmType":"node","osmId":"5010778016","districtCode":"26320","districtName":"북구"},"geometry":{"type":"Point","coordinates":[129.0293216,35.2100912]}},{"type":"Feature","properties":{"name":"동원아파트","highway":"bus_stop","osmType":"node","osmId":"5010778017","districtCode":"26320","districtName":"북구"},"geometry":{"type":"Point","coordinates":[129.0296719,35.2100416]}},{"type":"Feature","properties":{"name":"만덕럭키아파트","highway":"bus_stop","osmType":"node","osmId":"5010778018","districtCode":"26320","districtName":"북구"},"geometry":{"type":"Point","coordinates":[129.0286772,35.2098318]}},{"type":"Feature","properties":{"name":"만덕럭키아파트","highway":"bus_stop","osmType":"node","osmId":"5010778019","districtCode":"26320","districtName":"북구"},"geometry":{"type":"Point","coordinates":[129.0288593,35.2097326]}},{"type":"Feature","properties":{"name":"그린코아아파트","highway":"bus_stop","osmType":"node","osmId":"5010778020","districtCode":"26320","districtName":"북구"},"geometry":{"type":"Point","coordinates":[129.0299801,35.2070158]}},{"type":"Feature","properties":{"name":"부산노인전문병원","highway":"bus_stop","osmType":"node","osmId":"5010778121","districtCode":"26320","districtName":"북구"},"geometry":{"type":"Point","coordinates":[129.0286024,35.2064663]}},{"type":"Feature","properties":{"name":"부산노인전문병원","highway":"bus_stop","osmType":"node","osmId":"5010778122","districtCode":"26320","districtName":"북구"},"geometry":{"type":"Point","coordinates":[129.0284063,35.2064282]}},{"type":"Feature","properties":{"name":"만덕럭키아파트후문","highway":"bus_stop","osmType":"node","osmId":"5010778123","districtCode":"26320","districtName":"북구"},"geometry":{"type":"Point","coordinates":[129.0256943,35.2084985]}},{"type":"Feature","properties":{"name":"럭키아파트후문","highway":"bus_stop","osmType":"node","osmId":"5010778124","districtCode":"26320","districtName":"북구"},"geometry":{"type":"Point","coordinates":[129.0264262,35.2079106]}},{"type":"Feature","properties":{"name":"롯데아파트","highway":"bus_stop","osmType":"node","osmId":"5010778125","districtCode":"26320","districtName":"북구"},"geometry":{"type":"Point","coordinates":[129.0229991,35.2099142]}},{"type":"Feature","properties":{"name":"롯데아파트","highway":"bus_stop","osmType":"node","osmId":"5010778126","districtCode":"26320","districtName":"북구"},"geometry":{"type":"Point","coordinates":[129.0228542,35.209841]}},{"type":"Feature","properties":{"name":"성원사입구","highway":"bus_stop","osmType":"node","osmId":"5010778127","districtCode":"26320","districtName":"북구"},"geometry":{"type":"Point","coordinates":[129.0203521,35.2103654]}},{"type":"Feature","properties":{"name":"성원사입구","highway":"bus_stop","osmType":"node","osmId":"5010778128","districtCode":"26320","districtName":"북구"},"geometry":{"type":"Point","coordinates":[129.0201318,35.210272]}},{"type":"Feature","properties":{"name":"그린코아아파트후문","highway":"bus_stop","osmType":"node","osmId":"5010778129","districtCode":"26320","districtName":"북구"},"geometry":{"type":"Point","coordinates":[129.0322914,35.2053476]}},{"type":"Feature","properties":{"name":"그린코아아파트후문","highway":"bus_stop","osmType":"node","osmId":"5010778130","districtCode":"26320","districtName":"북구"},"geometry":{"type":"Point","coordinates":[129.0322934,35.2052397]}},{"type":"Feature","properties":{"name":"만덕3주공아파트","highway":"bus_stop","osmType":"node","osmId":"5010778131","districtCode":"26320","districtName":"북구"},"geometry":{"type":"Point","coordinates":[129.0330699,35.2043029]}},{"type":"Feature","properties":{"name":"만덕3주공아파트","highway":"bus_stop","osmType":"node","osmId":"5010778132","districtCode":"26320","districtName":"북구"},"geometry":{"type":"Point","coordinates":[129.0332651,35.2039923]}},{"type":"Feature","properties":{"name":"신덕중학교","highway":"bus_stop","osmType":"node","osmId":"5010778133","districtCode":"26320","districtName":"북구"},"geometry":{"type":"Point","coordinates":[129.0332,35.2029127]}},{"type":"Feature","properties":{"name":"신덕초등학교","highway":"bus_stop","osmType":"node","osmId":"5010778134","districtCode":"26320","districtName":"북구"},"geometry":{"type":"Point","coordinates":[129.0332407,35.2027366]}},{"type":"Feature","properties":{"name":"만덕고등학교","highway":"bus_stop","osmType":"node","osmId":"5010778135","districtCode":"26320","districtName":"북구"},"geometry":{"type":"Point","coordinates":[129.0354828,35.2021471]}},{"type":"Feature","properties":{"name":"만덕고등학교","highway":"bus_stop","osmType":"node","osmId":"5010778136","districtCode":"26320","districtName":"북구"},"geometry":{"type":"Point","coordinates":[129.0354412,35.202093]}},{"type":"Feature","properties":{"name":"굿모닝힐204동","highway":"bus_stop","osmType":"node","osmId":"5010778137","districtCode":"26320","districtName":"북구"},"geometry":{"type":"Point","coordinates":[129.0341134,35.2054196]}},{"type":"Feature","properties":{"name":"굿모닝힐101동","highway":"bus_stop","osmType":"node","osmId":"5010778138","districtCode":"26320","districtName":"북구"},"geometry":{"type":"Point","coordinates":[129.033947,35.205434]}},{"type":"Feature","properties":{"name":"백양초등학교","highway":"bus_stop","osmType":"node","osmId":"5010778139","districtCode":"26320","districtName":"북구"},"geometry":{"type":"Point","coordinates":[129.034133,35.2067853]}},{"type":"Feature","properties":{"name":"백양초등학교","highway":"bus_stop","osmType":"node","osmId":"5010778140","districtCode":"26320","districtName":"북구"},"geometry":{"type":"Point","coordinates":[129.0338303,35.206571]}},{"type":"Feature","properties":{"name":"굿모닝힐상가","highway":"bus_stop","osmType":"node","osmId":"5010778141","districtCode":"26320","districtName":"북구"},"geometry":{"type":"Point","coordinates":[129.0340116,35.2079942]}},{"type":"Feature","properties":{"name":"굿모닝힐304동","highway":"bus_stop","osmType":"node","osmId":"5010778142","districtCode":"26320","districtName":"북구"},"geometry":{"type":"Point","coordinates":[129.0347505,35.2082188]}},{"type":"Feature","properties":{"name":"백양초등학교","highway":"bus_stop","osmType":"node","osmId":"5010778143","districtCode":"26320","districtName":"북구"},"geometry":{"type":"Point","coordinates":[129.0345983,35.2081118]}},{"type":"Feature","properties":{"name":"굿모닝힐304동","highway":"bus_stop","osmType":"node","osmId":"5010778144","districtCode":"26320","districtName":"북구"},"geometry":{"type":"Point","coordinates":[129.0344249,35.2081176]}},{"type":"Feature","properties":{"name":"만덕신협2동지점","highway":"bus_stop","osmType":"node","osmId":"5010778145","districtCode":"26320","districtName":"북구"},"geometry":{"type":"Point","coordinates":[129.0360961,35.2094515]}},{"type":"Feature","properties":{"name":"굿모닝힐401동","highway":"bus_stop","osmType":"node","osmId":"5010778146","districtCode":"26320","districtName":"북구"},"geometry":{"type":"Point","coordinates":[129.0362425,35.2081362]}},{"type":"Feature","properties":{"name":"디지털도서관입구","highway":"bus_stop","osmType":"node","osmId":"5010778147","districtCode":"26320","districtName":"북구"},"geometry":{"type":"Point","coordinates":[129.0376655,35.2081286]}},{"type":"Feature","properties":{"name":"만덕도서관","highway":"bus_stop","osmType":"node","osmId":"5010778149","districtCode":"26320","districtName":"북구"},"geometry":{"type":"Point","coordinates":[129.0379417,35.2073451]}},{"type":"Feature","properties":{"name":"예림슈퍼","highway":"bus_stop","osmType":"node","osmId":"5010778150","districtCode":"26320","districtName":"북구"},"geometry":{"type":"Point","coordinates":[129.0387814,35.2065558]}},{"type":"Feature","properties":{"name":"일동아파트","highway":"bus_stop","osmType":"node","osmId":"5010778151","districtCode":"26320","districtName":"북구"},"geometry":{"type":"Point","coordinates":[129.0399537,35.2056714]}},{"type":"Feature","properties":{"name":"신만덕","highway":"bus_stop","osmType":"node","osmId":"5010778152","districtCode":"26320","districtName":"북구"},"geometry":{"type":"Point","coordinates":[129.0404034,35.2059393]}},{"type":"Feature","properties":{"name":"신만덕","highway":"bus_stop","osmType":"node","osmId":"5010778153","districtCode":"26320","districtName":"북구"},"geometry":{"type":"Point","coordinates":[129.0405682,35.2060227]}},{"type":"Feature","properties":{"name":"동신슈퍼/동신아파트","highway":"bus_stop","osmType":"node","osmId":"5010778154","districtCode":"26320","districtName":"북구"},"geometry":{"type":"Point","coordinates":[129.0417213,35.2069707]}},{"type":"Feature","properties":{"name":"동신슈퍼","highway":"bus_stop","osmType":"node","osmId":"5010778155","districtCode":"26320","districtName":"북구"},"geometry":{"type":"Point","coordinates":[129.041782,35.2071787]}},{"type":"Feature","properties":{"name":"백양중학교","highway":"bus_stop","osmType":"node","osmId":"5010778156","districtCode":"26320","districtName":"북구"},"geometry":{"type":"Point","coordinates":[129.0418871,35.2081841]}},{"type":"Feature","properties":{"name":"백양중학교","highway":"bus_stop","osmType":"node","osmId":"5010778157","districtCode":"26320","districtName":"북구"},"geometry":{"type":"Point","coordinates":[129.0415812,35.2081021]}},{"type":"Feature","properties":{"name":"관음사","highway":"bus_stop","osmType":"node","osmId":"5010778158","districtCode":"26320","districtName":"북구"},"geometry":{"type":"Point","coordinates":[129.0434887,35.2075412]}},{"type":"Feature","properties":{"name":"한신아파트후문","highway":"bus_stop","osmType":"node","osmId":"5010778159","districtCode":"26320","districtName":"북구"},"geometry":{"type":"Point","coordinates":[129.044915,35.2082179]}},{"type":"Feature","properties":{"name":"한신아파트중문","highway":"bus_stop","osmType":"node","osmId":"5010778160","districtCode":"26320","districtName":"북구"},"geometry":{"type":"Point","coordinates":[129.0453999,35.2089958]}},{"type":"Feature","properties":{"name":"한신아파트정문","highway":"bus_stop","osmType":"node","osmId":"5010778161","districtCode":"26320","districtName":"북구"},"geometry":{"type":"Point","coordinates":[129.0456158,35.2100628]}},{"type":"Feature","properties":{"name":"한신아파트정문","highway":"bus_stop","osmType":"node","osmId":"5010778162","districtCode":"26320","districtName":"북구"},"geometry":{"type":"Point","coordinates":[129.0453574,35.2101785]}},{"type":"Feature","properties":{"name":"느루식당","highway":"bus_stop","osmType":"node","osmId":"5010778163","districtCode":"26320","districtName":"북구"},"geometry":{"type":"Point","coordinates":[129.0444691,35.2098286]}},{"type":"Feature","properties":{"name":"백양노인정","highway":"bus_stop","osmType":"node","osmId":"5010778164","districtCode":"26320","districtName":"북구"},"geometry":{"type":"Point","coordinates":[129.0435309,35.2094365]}},{"type":"Feature","properties":{"name":"유림아파트","highway":"bus_stop","osmType":"node","osmId":"5010778165","districtCode":"26320","districtName":"북구"},"geometry":{"type":"Point","coordinates":[129.0412767,35.2091085]}},{"type":"Feature","properties":{"name":"새만덕식당","highway":"bus_stop","osmType":"node","osmId":"5010811567","districtCode":"26320","districtName":"북구"},"geometry":{"type":"Point","coordinates":[129.0389358,35.2081062]}},{"type":"Feature","properties":{"name":"만덕2치안센터","highway":"bus_stop","osmType":"node","osmId":"5010811568","districtCode":"26320","districtName":"북구"},"geometry":{"type":"Point","coordinates":[129.0391823,35.209093]}},{"type":"Feature","properties":{"name":"북부산농협 신만덕지점","highway":"bus_stop","osmType":"node","osmId":"5010811569","districtCode":"26320","districtName":"북구"},"geometry":{"type":"Point","coordinates":[129.0380084,35.2094505]}},{"type":"Feature","properties":{"name":"백양상가","highway":"bus_stop","osmType":"node","osmId":"5010811570","districtCode":"26320","districtName":"북구"},"geometry":{"type":"Point","coordinates":[129.0374045,35.2089772]}},{"type":"Feature","properties":{"name":"부산은행","highway":"bus_stop","osmType":"node","osmId":"5010811571","districtCode":"26320","districtName":"북구"},"geometry":{"type":"Point","coordinates":[129.0367323,35.2096054]}},{"type":"Feature","properties":{"name":"백산초등학교","highway":"bus_stop","osmType":"node","osmId":"5010811572","districtCode":"26320","districtName":"북구"},"geometry":{"type":"Point","coordinates":[129.0329023,35.2107581]}},{"type":"Feature","properties":{"name":"미남역","highway":"bus_stop","osmType":"node","osmId":"5010811573","districtCode":"26260","districtName":"동래구"},"geometry":{"type":"Point","coordinates":[129.068338,35.2061426]}},{"type":"Feature","properties":{"name":"미남교차로(미남역)","highway":"bus_stop","osmType":"node","osmId":"5010811574","districtCode":"26260","districtName":"동래구"},"geometry":{"type":"Point","coordinates":[129.0682884,35.2060645]}},{"type":"Feature","properties":{"name":"미남역(반도스카이뷰)","highway":"bus_stop","osmType":"node","osmId":"5010811575","districtCode":"26260","districtName":"동래구"},"geometry":{"type":"Point","coordinates":[129.0677894,35.2053213]}},{"type":"Feature","properties":{"name":"미남역(반도스카이뷰)","highway":"bus_stop","osmType":"node","osmId":"5010811576","districtCode":"26260","districtName":"동래구"},"geometry":{"type":"Point","coordinates":[129.0680548,35.2052548]}},{"type":"Feature","properties":{"name":"미남역(반도스카이뷰)","highway":"bus_stop","osmType":"node","osmId":"5010811577","districtCode":"26260","districtName":"동래구"},"geometry":{"type":"Point","coordinates":[129.0675735,35.2045578]}},{"type":"Feature","properties":{"name":"미남역/반도보라스카이뷰","highway":"bus_stop","osmType":"node","osmId":"5010811578","districtCode":"26260","districtName":"동래구"},"geometry":{"type":"Point","coordinates":[129.0676514,35.2039505]}},{"type":"Feature","properties":{"name":"반도보라스카이뷰","highway":"bus_stop","osmType":"node","osmId":"5010811579","districtCode":"26260","districtName":"동래구"},"geometry":{"type":"Point","coordinates":[129.0681194,35.2038775]}},{"type":"Feature","properties":{"name":"반도스카이뷰","highway":"bus_stop","osmType":"node","osmId":"5010811580","districtCode":"26260","districtName":"동래구"},"geometry":{"type":"Point","coordinates":[129.0664233,35.2033317]}},{"type":"Feature","properties":{"name":"사직1치안센터","highway":"bus_stop","osmType":"node","osmId":"5010811581","districtCode":"26260","districtName":"동래구"},"geometry":{"type":"Point","coordinates":[129.065181,35.2014982]}},{"type":"Feature","properties":{"name":"사직1치안센터","highway":"bus_stop","osmType":"node","osmId":"5010811582","districtCode":"26260","districtName":"동래구"},"geometry":{"type":"Point","coordinates":[129.0654889,35.20153]}},{"type":"Feature","properties":{"name":"금강초등학교앞교차로","highway":"bus_stop","osmType":"node","osmId":"5010811583","districtCode":"26260","districtName":"동래구"},"geometry":{"type":"Point","coordinates":[129.0658924,35.201611]}},{"type":"Feature","properties":{"name":"금강초등학교앞교차로","highway":"bus_stop","osmType":"node","osmId":"5010811584","districtCode":"26260","districtName":"동래구"},"geometry":{"type":"Point","coordinates":[129.0658747,35.2015068]}},{"type":"Feature","properties":{"name":"사직1치안센터","highway":"bus_stop","osmType":"node","osmId":"5010811585","districtCode":"26260","districtName":"동래구"},"geometry":{"type":"Point","coordinates":[129.0647917,35.2009892]}},{"type":"Feature","properties":{"name":"사직1치안센터","highway":"bus_stop","osmType":"node","osmId":"5010811586","districtCode":"26260","districtName":"동래구"},"geometry":{"type":"Point","coordinates":[129.0652199,35.2010875]}},{"type":"Feature","properties":{"name":"사직1동주민센터","highway":"bus_stop","osmType":"node","osmId":"5010811587","districtCode":"26260","districtName":"동래구"},"geometry":{"type":"Point","coordinates":[129.0620028,35.1988693]}},{"type":"Feature","properties":{"name":"사직사거리","highway":"bus_stop","osmType":"node","osmId":"5010811588","districtCode":"26260","districtName":"동래구"},"geometry":{"type":"Point","coordinates":[129.0614507,35.1983083]}},{"type":"Feature","properties":{"name":"사직사거리","highway":"bus_stop","osmType":"node","osmId":"5010811589","districtCode":"26260","districtName":"동래구"},"geometry":{"type":"Point","coordinates":[129.0600279,35.197565]}},{"type":"Feature","properties":{"name":"국민시장/사직사거리","highway":"bus_stop","osmType":"node","osmId":"5010811590","districtCode":"26260","districtName":"동래구"},"geometry":{"type":"Point","coordinates":[129.0602509,35.1984933]}},{"type":"Feature","properties":{"name":"국민시장","highway":"bus_stop","osmType":"node","osmId":"5010811591","districtCode":"26260","districtName":"동래구"},"geometry":{"type":"Point","coordinates":[129.0600669,35.19869]}},{"type":"Feature","properties":{"name":"삼익아파트","highway":"bus_stop","osmType":"node","osmId":"5010811592","districtCode":"26260","districtName":"동래구"},"geometry":{"type":"Point","coordinates":[129.0592953,35.1996444]}},{"type":"Feature","properties":{"name":"삼익아파트후문","highway":"bus_stop","osmType":"node","osmId":"5010811593","districtCode":"26260","districtName":"동래구"},"geometry":{"type":"Point","coordinates":[129.0589096,35.199656]}},{"type":"Feature","properties":{"name":"삼익아파트후문","highway":"bus_stop","osmType":"node","osmId":"5010811594","districtCode":"26260","districtName":"동래구"},"geometry":{"type":"Point","coordinates":[129.0589308,35.1997659]}},{"type":"Feature","properties":{"name":"사직2동주민센터","highway":"bus_stop","osmType":"node","osmId":"5010811595","districtCode":"26260","districtName":"동래구"},"geometry":{"type":"Point","coordinates":[129.0575611,35.2002344]}},{"type":"Feature","properties":{"name":"사직2동주민센터","highway":"bus_stop","osmType":"node","osmId":"5010811596","districtCode":"26260","districtName":"동래구"},"geometry":{"type":"Point","coordinates":[129.0572355,35.2001968]}},{"type":"Feature","properties":{"name":"사직2동주민센터","highway":"bus_stop","osmType":"node","osmId":"5010811597","districtCode":"26260","districtName":"동래구"},"geometry":{"type":"Point","coordinates":[129.0571435,35.2002459]}},{"type":"Feature","properties":{"name":"사직2동주민센터","highway":"bus_stop","osmType":"node","osmId":"5010811598","districtCode":"26260","districtName":"동래구"},"geometry":{"type":"Point","coordinates":[129.057101,35.2003847]}},{"type":"Feature","properties":{"name":"사직사거리","highway":"bus_stop","osmType":"node","osmId":"5010811599","districtCode":"26260","districtName":"동래구"},"geometry":{"type":"Point","coordinates":[129.0606261,35.1968448]}},{"type":"Feature","properties":{"name":"사직야구장","highway":"bus_stop","osmType":"node","osmId":"5010811600","districtCode":"26260","districtName":"동래구"},"geometry":{"type":"Point","coordinates":[129.0607853,35.1963705]}},{"type":"Feature","properties":{"name":"사직야구장","highway":"bus_stop","osmType":"node","osmId":"5010811601","districtCode":"26260","districtName":"동래구"},"geometry":{"type":"Point","coordinates":[129.0603996,35.1956995]}},{"type":"Feature","properties":{"name":"사직야구장","highway":"bus_stop","osmType":"node","osmId":"5010811602","districtCode":"26260","districtName":"동래구"},"geometry":{"type":"Point","coordinates":[129.0607322,35.1955463]}},{"type":"Feature","properties":{"name":"사직야구장","highway":"bus_stop","osmType":"node","osmId":"5010811603","districtCode":"26260","districtName":"동래구"},"geometry":{"type":"Point","coordinates":[129.0622185,35.1960656]}},{"type":"Feature","properties":{"name":"사직운동장","highway":"bus_stop","osmType":"node","osmId":"5010811604","districtCode":"26260","districtName":"동래구"},"geometry":{"type":"Point","coordinates":[129.0654666,35.1964887]}},{"type":"Feature","properties":{"name":"사직역","highway":"bus_stop","osmType":"node","osmId":"5010811605","districtCode":"26260","districtName":"동래구"},"geometry":{"type":"Point","coordinates":[129.065523,35.1979156]}},{"type":"Feature","properties":{"highway":"bus_stop","osmType":"node","osmId":"5010811606","districtCode":"26260","districtName":"동래구"},"geometry":{"type":"Point","coordinates":[129.0653084,35.1978542]}},{"type":"Feature","properties":{"name":"사직운동장","highway":"bus_stop","osmType":"node","osmId":"5010811607","districtCode":"26260","districtName":"동래구"},"geometry":{"type":"Point","coordinates":[129.0650643,35.19511]}},{"type":"Feature","properties":{"name":"사직운동장","highway":"bus_stop","osmType":"node","osmId":"5010811608","districtCode":"26260","districtName":"동래구"},"geometry":{"type":"Point","coordinates":[129.0651528,35.1949281]}},{"type":"Feature","properties":{"name":"사직실내수영장","highway":"bus_stop","osmType":"node","osmId":"5010811609","districtCode":"26260","districtName":"동래구"},"geometry":{"type":"Point","coordinates":[129.0644018,35.1928983]}},{"type":"Feature","properties":{"name":"사직실내수영장","highway":"bus_stop","osmType":"node","osmId":"5010811610","districtCode":"26470","districtName":"연제구"},"geometry":{"type":"Point","coordinates":[129.0645601,35.193043]}},{"type":"Feature","properties":{"name":"창신초등학교","highway":"bus_stop","osmType":"node","osmId":"5010811611","districtCode":"26470","districtName":"연제구"},"geometry":{"type":"Point","coordinates":[129.066966,35.1925432]}},{"type":"Feature","properties":{"name":"창신초등학교(종합운동장역)","highway":"bus_stop","osmType":"node","osmId":"5010811612","districtCode":"26470","districtName":"연제구"},"geometry":{"type":"Point","coordinates":[129.0673683,35.192392]}},{"type":"Feature","properties":{"name":"종합운동장역","highway":"bus_stop","osmType":"node","osmId":"5010811613","districtCode":"26470","districtName":"연제구"},"geometry":{"type":"Point","coordinates":[129.066628,35.1909453]}},{"type":"Feature","properties":{"name":"거성교차로(종합운동장역)","highway":"bus_stop","osmType":"node","osmId":"5010811614","districtCode":"26470","districtName":"연제구"},"geometry":{"type":"Point","coordinates":[129.0687148,35.1908072]}},{"type":"Feature","properties":{"name":"법원-검찰청","highway":"bus_stop","osmType":"node","osmId":"5010811616","districtCode":"26470","districtName":"연제구"},"geometry":{"type":"Point","coordinates":[129.0709276,35.1901606]}},{"type":"Feature","properties":{"name":"법원-검찰청","highway":"bus_stop","osmType":"node","osmId":"5010811617","districtCode":"26470","districtName":"연제구"},"geometry":{"type":"Point","coordinates":[129.0710188,35.1897945]}},{"type":"Feature","properties":{"name":"법원-검찰청","highway":"bus_stop","osmType":"node","osmId":"5010811618","districtCode":"26470","districtName":"연제구"},"geometry":{"type":"Point","coordinates":[129.0722875,35.1891478]}},{"type":"Feature","properties":{"name":"법원-검찰청","highway":"bus_stop","osmType":"node","osmId":"5010811619","districtCode":"26470","districtName":"연제구"},"geometry":{"type":"Point","coordinates":[129.0728374,35.1892246]}},{"type":"Feature","properties":{"name":"법원검찰청(거제역)","highway":"bus_stop","osmType":"node","osmId":"5010811620","districtCode":"26470","districtName":"연제구"},"geometry":{"type":"Point","coordinates":[129.0751012,35.1895346]}},{"type":"Feature","properties":{"name":"법원검찰청(거제역)","highway":"bus_stop","osmType":"node","osmId":"5010811621","districtCode":"26470","districtName":"연제구"},"geometry":{"type":"Point","coordinates":[129.0752679,35.1893293]}},{"type":"Feature","properties":{"name":"거제역","highway":"bus_stop","osmType":"node","osmId":"5010811622","districtCode":"26470","districtName":"연제구"},"geometry":{"type":"Point","coordinates":[129.0753749,35.1879819]}},{"type":"Feature","properties":{"name":"거제역","highway":"bus_stop","osmType":"node","osmId":"5010811623","districtCode":"26470","districtName":"연제구"},"geometry":{"type":"Point","coordinates":[129.0763133,35.18797]}},{"type":"Feature","properties":{"name":"경남아파트","highway":"bus_stop","osmType":"node","osmId":"5010811624","districtCode":"26470","districtName":"연제구"},"geometry":{"type":"Point","coordinates":[129.0717278,35.186331]}},{"type":"Feature","properties":{"name":"경남아파트","highway":"bus_stop","osmType":"node","osmId":"5010811625","districtCode":"26470","districtName":"연제구"},"geometry":{"type":"Point","coordinates":[129.0721914,35.186305]}},{"type":"Feature","properties":{"name":"경남아파트","highway":"bus_stop","osmType":"node","osmId":"5010811626","districtCode":"26470","districtName":"연제구"},"geometry":{"type":"Point","coordinates":[129.072379,35.1865653]}},{"type":"Feature","properties":{"name":"거제교회/화신아파트","highway":"bus_stop","osmType":"node","osmId":"5010811627","districtCode":"26470","districtName":"연제구"},"geometry":{"type":"Point","coordinates":[129.0703062,35.1859192]}},{"type":"Feature","properties":{"name":"거제교회","highway":"bus_stop","osmType":"node","osmId":"5010811628","districtCode":"26470","districtName":"연제구"},"geometry":{"type":"Point","coordinates":[129.0702285,35.1865342]}},{"type":"Feature","properties":{"name":"대우아파트","highway":"bus_stop","osmType":"node","osmId":"5010811629","districtCode":"26470","districtName":"연제구"},"geometry":{"type":"Point","coordinates":[129.0694886,35.1872852]}},{"type":"Feature","properties":{"name":"거제리안동네/화랑아파트","highway":"bus_stop","osmType":"node","osmId":"5010811630","districtCode":"26470","districtName":"연제구"},"geometry":{"type":"Point","coordinates":[129.0690089,35.1874978]}},{"type":"Feature","properties":{"name":"거제리안동네","highway":"bus_stop","osmType":"node","osmId":"5010811631","districtCode":"26470","districtName":"연제구"},"geometry":{"type":"Point","coordinates":[129.0682778,35.1885963]}},{"type":"Feature","properties":{"name":"거성교차로","highway":"bus_stop","osmType":"node","osmId":"5010811632","districtCode":"26470","districtName":"연제구"},"geometry":{"type":"Point","coordinates":[129.0679547,35.1897886]}},{"type":"Feature","properties":{"name":"거성교차로(종합운동장역)","highway":"bus_stop","osmType":"node","osmId":"5010811633","districtCode":"26470","districtName":"연제구"},"geometry":{"type":"Point","coordinates":[129.0676673,35.1899033]}},{"type":"Feature","properties":{"name":"동해선 거제해맞이역","highway":"bus_stop","osmType":"node","osmId":"5010811634","districtCode":"26470","districtName":"연제구"},"geometry":{"type":"Point","coordinates":[129.0702,35.1824839]}},{"type":"Feature","properties":{"name":"동해선 거제해맞이역","highway":"bus_stop","osmType":"node","osmId":"5010811635","districtCode":"26470","districtName":"연제구"},"geometry":{"type":"Point","coordinates":[129.0693666,35.1814571]}},{"type":"Feature","properties":{"name":"유림아시아드아파트(거제초교)","highway":"bus_stop","osmType":"node","osmId":"5010811636","districtCode":"26470","districtName":"연제구"},"geometry":{"type":"Point","coordinates":[129.0675895,35.1768039]}},{"type":"Feature","properties":{"name":"하마정","highway":"bus_stop","osmType":"node","osmId":"5010811637","districtCode":"26230","districtName":"부산진구"},"geometry":{"type":"Point","coordinates":[129.0679099,35.1763959]}},{"type":"Feature","properties":{"name":"하마정","highway":"bus_stop","osmType":"node","osmId":"5010811638","districtCode":"26230","districtName":"부산진구"},"geometry":{"type":"Point","coordinates":[129.0673183,35.1740454]}},{"type":"Feature","properties":{"name":"대원칸타빌아파트/양정대원칸타빌","highway":"bus_stop","osmType":"node","osmId":"5010811639","districtCode":"26230","districtName":"부산진구"},"geometry":{"type":"Point","coordinates":[129.0672526,35.1714543]}},{"type":"Feature","properties":{"name":"양정대원칸타빌","highway":"bus_stop","osmType":"node","osmId":"5010811640","districtCode":"26230","districtName":"부산진구"},"geometry":{"type":"Point","coordinates":[129.0674414,35.1711357]}},{"type":"Feature","properties":{"name":"대원칸타빌아파트","highway":"bus_stop","osmType":"node","osmId":"5010811641","districtCode":"26230","districtName":"부산진구"},"geometry":{"type":"Point","coordinates":[129.0674695,35.1710748]}},{"type":"Feature","properties":{"name":"서면역","highway":"bus_stop","wheelchair":"yes","osmType":"node","osmId":"5010843778","districtCode":"26230","districtName":"부산진구"},"geometry":{"type":"Point","coordinates":[129.0594829,35.1573174]}},{"type":"Feature","properties":{"name":"서면/쥬디스태화","highway":"bus_stop","osmType":"node","osmId":"5010843780","districtCode":"26230","districtName":"부산진구"},"geometry":{"type":"Point","coordinates":[129.0593742,35.1545752]}},{"type":"Feature","properties":{"name":"서면역.서면지하상가","highway":"bus_stop","osmType":"node","osmId":"5010843781","districtCode":"26230","districtName":"부산진구"},"geometry":{"type":"Point","coordinates":[129.0591204,35.1558699]}},{"type":"Feature","properties":{"name":"서면역.서면지하상가","highway":"bus_stop","osmType":"node","osmId":"5010843782","districtCode":"26230","districtName":"부산진구"},"geometry":{"type":"Point","coordinates":[129.059219,35.1551242]}},{"type":"Feature","properties":{"name":"서면한전","highway":"bus_stop","osmType":"node","osmId":"5010843783","districtCode":"26230","districtName":"부산진구"},"geometry":{"type":"Point","coordinates":[129.0592527,35.152459]}},{"type":"Feature","properties":{"name":"범내골역","highway":"bus_stop","osmType":"node","osmId":"5010843787","districtCode":"26230","districtName":"부산진구"},"geometry":{"type":"Point","coordinates":[129.059108,35.1485855]}},{"type":"Feature","properties":{"name":"범내골역","highway":"bus_stop","osmType":"node","osmId":"5010843788","districtCode":"26230","districtName":"부산진구"},"geometry":{"type":"Point","coordinates":[129.0589756,35.1474408]}},{"type":"Feature","properties":{"name":"상공회의소","highway":"bus_stop","osmType":"node","osmId":"5010843789","districtCode":"26230","districtName":"부산진구"},"geometry":{"type":"Point","coordinates":[129.0608335,35.1477507]}},{"type":"Feature","properties":{"name":"상공회의소","highway":"bus_stop","osmType":"node","osmId":"5010843790","districtCode":"26230","districtName":"부산진구"},"geometry":{"type":"Point","coordinates":[129.0613234,35.1479018]}},{"type":"Feature","properties":{"name":"지오플레이스","highway":"bus_stop","osmType":"node","osmId":"5010843791","districtCode":"26230","districtName":"부산진구"},"geometry":{"type":"Point","coordinates":[129.0630888,35.1493831]}},{"type":"Feature","properties":{"name":"경남공고","highway":"bus_stop","osmType":"node","osmId":"5010843792","districtCode":"26230","districtName":"부산진구"},"geometry":{"type":"Point","coordinates":[129.062451,35.1519955]}},{"type":"Feature","properties":{"name":"경남공업고등학교","highway":"bus_stop","osmType":"node","osmId":"5010843793","districtCode":"26230","districtName":"부산진구"},"geometry":{"type":"Point","coordinates":[129.0623278,35.1529402]}},{"type":"Feature","properties":{"name":"부전도서관","highway":"bus_stop","osmType":"node","osmId":"5010843794","districtCode":"26230","districtName":"부산진구"},"geometry":{"type":"Point","coordinates":[129.0624449,35.1552024]}},{"type":"Feature","properties":{"name":"부전도서관","highway":"bus_stop","osmType":"node","osmId":"5010843795","districtCode":"26230","districtName":"부산진구"},"geometry":{"type":"Point","coordinates":[129.0622723,35.1557666]}},{"type":"Feature","properties":{"name":"NC서면점","highway":"bus_stop","osmType":"node","osmId":"5010843796","districtCode":"26230","districtName":"부산진구"},"geometry":{"type":"Point","coordinates":[129.0628885,35.1578448]}},{"type":"Feature","properties":{"name":"NC서면점","highway":"bus_stop","osmType":"node","osmId":"5010843797","districtCode":"26230","districtName":"부산진구"},"geometry":{"type":"Point","coordinates":[129.063058,35.1576458]}},{"type":"Feature","properties":{"name":"서면부속상가","highway":"bus_stop","osmType":"node","osmId":"5010843798","districtCode":"26230","districtName":"부산진구"},"geometry":{"type":"Point","coordinates":[129.0611169,35.1576861]}},{"type":"Feature","properties":{"name":"전포초등학교","highway":"bus_stop","osmType":"node","osmId":"5010843799","districtCode":"26230","districtName":"부산진구"},"geometry":{"type":"Point","coordinates":[129.0624202,35.1591395]}},{"type":"Feature","properties":{"name":"전포초등학교","highway":"bus_stop","osmType":"node","osmId":"5010843800","districtCode":"26230","districtName":"부산진구"},"geometry":{"type":"Point","coordinates":[129.0622292,35.1591521]}},{"type":"Feature","properties":{"name":"전포초등학교","highway":"bus_stop","osmType":"node","osmId":"5010843801","districtCode":"26230","districtName":"부산진구"},"geometry":{"type":"Point","coordinates":[129.0623802,35.1597416]}},{"type":"Feature","properties":{"name":"전포초등학교","highway":"bus_stop","osmType":"node","osmId":"5010843802","districtCode":"26230","districtName":"부산진구"},"geometry":{"type":"Point","coordinates":[129.0623771,35.1600992]}},{"type":"Feature","properties":{"name":"부전역","highway":"bus_stop","osmType":"node","osmId":"5010843803","districtCode":"26230","districtName":"부산진구"},"geometry":{"type":"Point","coordinates":[129.0627899,35.1613889]}},{"type":"Feature","properties":{"name":"부전역","highway":"bus_stop","osmType":"node","osmId":"5010843804","districtCode":"26230","districtName":"부산진구"},"geometry":{"type":"Point","coordinates":[129.0628238,35.1615627]}},{"type":"Feature","properties":{"name":"춘해병원(범냇골역)","highway":"bus_stop","osmType":"node","osmId":"5010843805","districtCode":"26230","districtName":"부산진구"},"geometry":{"type":"Point","coordinates":[129.0587647,35.1466118]}},{"type":"Feature","properties":{"name":"범내골역","highway":"bus_stop","osmType":"node","osmId":"5010843806","districtCode":"26230","districtName":"부산진구"},"geometry":{"type":"Point","coordinates":[129.0591103,35.1462827]}},{"type":"Feature","properties":{"name":"중앙시장","highway":"bus_stop","osmType":"node","osmId":"5010843811","districtCode":"26230","districtName":"부산진구"},"geometry":{"type":"Point","coordinates":[129.0594001,35.1435353]}},{"type":"Feature","properties":{"name":"중앙시장","highway":"bus_stop","osmType":"node","osmId":"5010843814","districtCode":"26230","districtName":"부산진구"},"geometry":{"type":"Point","coordinates":[129.0592727,35.142913]}},{"type":"Feature","properties":{"name":"현대백화점","highway":"bus_stop","osmType":"node","osmId":"5010843815","districtCode":"26230","districtName":"부산진구"},"geometry":{"type":"Point","coordinates":[129.0592078,35.1419676]}},{"type":"Feature","properties":{"name":"평화시장","highway":"bus_stop","osmType":"node","osmId":"5010843816","districtCode":"26170","districtName":"동구"},"geometry":{"type":"Point","coordinates":[129.060273,35.1414457]}},{"type":"Feature","properties":{"name":"자유시장","highway":"bus_stop","osmType":"node","osmId":"5010843817","districtCode":"26170","districtName":"동구"},"geometry":{"type":"Point","coordinates":[129.0604519,35.1408772]}},{"type":"Feature","properties":{"name":"범일역/자유시장","highway":"bus_stop","osmType":"node","osmId":"5010843818","districtCode":"26170","districtName":"동구"},"geometry":{"type":"Point","coordinates":[129.0603014,35.1406977]}},{"type":"Feature","properties":{"name":"축복예식장","highway":"bus_stop","osmType":"node","osmId":"5010843819","districtCode":"26170","districtName":"동구"},"geometry":{"type":"Point","coordinates":[129.0614316,35.1398466]}},{"type":"Feature","properties":{"name":"시민회관","highway":"bus_stop","osmType":"node","osmId":"5010843820","districtCode":"26170","districtName":"동구"},"geometry":{"type":"Point","coordinates":[129.062326,35.138939]}},{"type":"Feature","properties":{"name":"시민회관","highway":"bus_stop","osmType":"node","osmId":"5010844521","districtCode":"26170","districtName":"동구"},"geometry":{"type":"Point","coordinates":[129.0624805,35.1383339]}},{"type":"Feature","properties":{"name":"부산진시장","highway":"bus_stop","osmType":"node","osmId":"5010844524","districtCode":"26170","districtName":"동구"},"geometry":{"type":"Point","coordinates":[129.0594886,35.1366909]}},{"type":"Feature","properties":{"name":"범일역","highway":"bus_stop","osmType":"node","osmId":"5010844528","districtCode":"26170","districtName":"동구"},"geometry":{"type":"Point","coordinates":[129.0594166,35.1374752]}},{"type":"Feature","properties":{"name":"범일동국민은행","highway":"bus_stop","osmType":"node","osmId":"5010844529","districtCode":"26170","districtName":"동구"},"geometry":{"type":"Point","coordinates":[129.0609476,35.1389921]}},{"type":"Feature","properties":{"name":"범일역","highway":"bus_stop","osmType":"node","osmId":"5010844530","districtCode":"26170","districtName":"동구"},"geometry":{"type":"Point","coordinates":[129.0594558,35.1387462]}},{"type":"Feature","properties":{"name":"강서구청역","highway":"bus_stop","osmType":"node","osmId":"5019360273","districtCode":"26440","districtName":"강서구"},"geometry":{"type":"Point","coordinates":[128.9806311,35.2112163]}},{"type":"Feature","properties":{"name":"강서구청역","highway":"bus_stop","osmType":"node","osmId":"5019360274","districtCode":"26440","districtName":"강서구"},"geometry":{"type":"Point","coordinates":[128.979173,35.2113391]}},{"type":"Feature","properties":{"name":"강서구청역","highway":"bus_stop","osmType":"node","osmId":"5019360275","districtCode":"26440","districtName":"강서구"},"geometry":{"type":"Point","coordinates":[128.9790574,35.2110748]}},{"type":"Feature","properties":{"name":"강서구청역","highway":"bus_stop","osmType":"node","osmId":"5019360276","districtCode":"26440","districtName":"강서구"},"geometry":{"type":"Point","coordinates":[128.9803851,35.2108995]}},{"type":"Feature","properties":{"name":"강서체육공원복지회관","highway":"bus_stop","osmType":"node","osmId":"5019360277","districtCode":"26440","districtName":"강서구"},"geometry":{"type":"Point","coordinates":[128.9740221,35.2079159]}},{"type":"Feature","properties":{"name":"강서체육공원복지회관","highway":"bus_stop","osmType":"node","osmId":"5019360278","districtCode":"26440","districtName":"강서구"},"geometry":{"type":"Point","coordinates":[128.9744716,35.2076065]}},{"type":"Feature","properties":{"name":"신덕삼거리","highway":"bus_stop","osmType":"node","osmId":"5019360279","districtCode":"26440","districtName":"강서구"},"geometry":{"type":"Point","coordinates":[128.9745405,35.2048057]}},{"type":"Feature","properties":{"name":"신덕삼거리","highway":"bus_stop","osmType":"node","osmId":"5019360280","districtCode":"26440","districtName":"강서구"},"geometry":{"type":"Point","coordinates":[128.974143,35.2046924]}},{"type":"Feature","properties":{"name":"신덕마을","highway":"bus_stop","osmType":"node","osmId":"5019360281","districtCode":"26440","districtName":"강서구"},"geometry":{"type":"Point","coordinates":[128.9691529,35.1999107]}},{"type":"Feature","properties":{"name":"신덕마을","highway":"bus_stop","osmType":"node","osmId":"5019360282","districtCode":"26440","districtName":"강서구"},"geometry":{"type":"Point","coordinates":[128.9682963,35.1998805]}},{"type":"Feature","properties":{"name":"등구마을","highway":"bus_stop","osmType":"node","osmId":"5019360283","districtCode":"26440","districtName":"강서구"},"geometry":{"type":"Point","coordinates":[128.9630852,35.1934267]}},{"type":"Feature","properties":{"name":"등구마을","highway":"bus_stop","osmType":"node","osmId":"5019360284","districtCode":"26440","districtName":"강서구"},"geometry":{"type":"Point","coordinates":[128.9624511,35.1932857]}},{"type":"Feature","properties":{"name":"강서브라이트센터","highway":"bus_stop","osmType":"node","osmId":"5019360285","districtCode":"26440","districtName":"강서구"},"geometry":{"type":"Point","coordinates":[128.9564972,35.181196]}},{"type":"Feature","properties":{"name":"강서브라이트센터","highway":"bus_stop","osmType":"node","osmId":"5019360286","districtCode":"26440","districtName":"강서구"},"geometry":{"type":"Point","coordinates":[128.9568631,35.1808106]}},{"type":"Feature","properties":{"name":"경전철 덕두역/공항파출소","highway":"bus_stop","osmType":"node","osmId":"5019360287","districtCode":"26440","districtName":"강서구"},"geometry":{"type":"Point","coordinates":[128.9531798,35.1810465]}},{"type":"Feature","properties":{"name":"공항입구","highway":"bus_stop","osmType":"node","osmId":"5019360288","districtCode":"26440","districtName":"강서구"},"geometry":{"type":"Point","coordinates":[128.949842,35.1763977]}},{"type":"Feature","properties":{"name":"국제선청사","name:en":"International Terminal","highway":"bus_stop","osmType":"node","osmId":"5019360289","districtCode":"26440","districtName":"강서구"},"geometry":{"type":"Point","coordinates":[128.9472808,35.1736794]}},{"type":"Feature","properties":{"name":"국제선","highway":"bus_stop","osmType":"node","osmId":"5019360290","districtCode":"26440","districtName":"강서구"},"geometry":{"type":"Point","coordinates":[128.9473133,35.1734534]}},{"type":"Feature","properties":{"name":"국제선청사","highway":"bus_stop","osmType":"node","osmId":"5019360291","districtCode":"26440","districtName":"강서구"},"geometry":{"type":"Point","coordinates":[128.947419,35.1727024]}},{"type":"Feature","properties":{"name":"국내선","highway":"bus_stop","osmType":"node","osmId":"5019360292","districtCode":"26440","districtName":"강서구"},"geometry":{"type":"Point","coordinates":[128.9487311,35.1708441]}},{"type":"Feature","properties":{"name":"국내선","highway":"bus_stop","osmType":"node","osmId":"5019360293","districtCode":"26440","districtName":"강서구"},"geometry":{"type":"Point","coordinates":[128.9495274,35.1705635]}},{"type":"Feature","properties":{"name":"국내선","highway":"bus_stop","osmType":"node","osmId":"5019360294","districtCode":"26440","districtName":"강서구"},"geometry":{"type":"Point","coordinates":[128.9500689,35.1703479]}},{"type":"Feature","properties":{"name":"덕두시장","highway":"bus_stop","osmType":"node","osmId":"5019374606","districtCode":"26440","districtName":"강서구"},"geometry":{"type":"Point","coordinates":[128.9577507,35.1790267]}},{"type":"Feature","properties":{"name":"덕두시장","highway":"bus_stop","osmType":"node","osmId":"5019374607","districtCode":"26440","districtName":"강서구"},"geometry":{"type":"Point","coordinates":[128.9583877,35.1786565]}},{"type":"Feature","properties":{"name":"동방마을","highway":"bus_stop","osmType":"node","osmId":"5019374608","districtCode":"26440","districtName":"강서구"},"geometry":{"type":"Point","coordinates":[128.9595344,35.1736749]}},{"type":"Feature","properties":{"name":"동방마을","highway":"bus_stop","osmType":"node","osmId":"5019374609","districtCode":"26440","districtName":"강서구"},"geometry":{"type":"Point","coordinates":[128.9602635,35.173131]}},{"type":"Feature","properties":{"name":"서부산 유통산업단지","highway":"bus_stop","osmType":"node","osmId":"5019374610","districtCode":"26440","districtName":"강서구"},"geometry":{"type":"Point","coordinates":[128.9569135,35.1680008]}},{"type":"Feature","properties":{"name":"서부산유통1단지","highway":"bus_stop","osmType":"node","osmId":"5019374611","districtCode":"26440","districtName":"강서구"},"geometry":{"type":"Point","coordinates":[128.9566917,35.1682099]}},{"type":"Feature","properties":{"name":"금호마을","highway":"bus_stop","osmType":"node","osmId":"5019424917","districtCode":"26440","districtName":"강서구"},"geometry":{"type":"Point","coordinates":[128.9588781,35.1629528]}},{"type":"Feature","properties":{"name":"금호마을","highway":"bus_stop","osmType":"node","osmId":"5019424918","districtCode":"26440","districtName":"강서구"},"geometry":{"type":"Point","coordinates":[128.9582865,35.1628873]}},{"type":"Feature","properties":{"name":"금호오리마을","highway":"bus_stop","osmType":"node","osmId":"5019424919","districtCode":"26440","districtName":"강서구"},"geometry":{"type":"Point","coordinates":[128.9553842,35.1558847]}},{"type":"Feature","properties":{"name":"금호오리마을","highway":"bus_stop","osmType":"node","osmId":"5019424920","districtCode":"26440","districtName":"강서구"},"geometry":{"type":"Point","coordinates":[128.9558956,35.1556933]}},{"type":"Feature","properties":{"name":"맥도자연생태공원/본맥도","highway":"bus_stop","osmType":"node","osmId":"5019426021","districtCode":"26440","districtName":"강서구"},"geometry":{"type":"Point","coordinates":[128.953554,35.1517232]}},{"type":"Feature","properties":{"name":"맥도자연생태공원/본맥도","highway":"bus_stop","osmType":"node","osmId":"5019426022","districtCode":"26440","districtName":"강서구"},"geometry":{"type":"Point","coordinates":[128.9537142,35.1508616]}},{"type":"Feature","properties":{"name":"작지","highway":"bus_stop","osmType":"node","osmId":"5019426023","districtCode":"26440","districtName":"강서구"},"geometry":{"type":"Point","coordinates":[128.9501032,35.1437824]}},{"type":"Feature","properties":{"name":"작지","highway":"bus_stop","osmType":"node","osmId":"5019426024","districtCode":"26440","districtName":"강서구"},"geometry":{"type":"Point","coordinates":[128.9502604,35.1429182]}},{"type":"Feature","properties":{"name":"염막1구","highway":"bus_stop","osmType":"node","osmId":"5019426025","districtCode":"26440","districtName":"강서구"},"geometry":{"type":"Point","coordinates":[128.9455082,35.1343472]}},{"type":"Feature","properties":{"name":"염막1구","highway":"bus_stop","osmType":"node","osmId":"5019426026","districtCode":"26440","districtName":"강서구"},"geometry":{"type":"Point","coordinates":[128.9457277,35.133669]}},{"type":"Feature","properties":{"name":"동자","highway":"bus_stop","osmType":"node","osmId":"5019426027","districtCode":"26440","districtName":"강서구"},"geometry":{"type":"Point","coordinates":[128.9436462,35.1309027]}},{"type":"Feature","properties":{"name":"동자","highway":"bus_stop","osmType":"node","osmId":"5019426028","districtCode":"26440","districtName":"강서구"},"geometry":{"type":"Point","coordinates":[128.9438007,35.1301646]}},{"type":"Feature","properties":{"name":"송백","highway":"bus_stop","osmType":"node","osmId":"5019426029","districtCode":"26440","districtName":"강서구"},"geometry":{"type":"Point","coordinates":[128.9398978,35.1244721]}},{"type":"Feature","properties":{"name":"송백","highway":"bus_stop","osmType":"node","osmId":"5019426030","districtCode":"26440","districtName":"강서구"},"geometry":{"type":"Point","coordinates":[128.9400767,35.1238204]}},{"type":"Feature","properties":{"name":"명지시장","highway":"bus_stop","osmType":"node","osmId":"5019426031","districtCode":"26440","districtName":"강서구"},"geometry":{"type":"Point","coordinates":[128.9321486,35.1123008]}},{"type":"Feature","properties":{"name":"명지시장","highway":"bus_stop","osmType":"node","osmId":"5019426032","districtCode":"26440","districtName":"강서구"},"geometry":{"type":"Point","coordinates":[128.9319449,35.1117383]}},{"type":"Feature","properties":{"name":"명지새동네","highway":"bus_stop","osmType":"node","osmId":"5019426033","districtCode":"26440","districtName":"강서구"},"geometry":{"type":"Point","coordinates":[128.9308966,35.1087794]}},{"type":"Feature","properties":{"name":"명지새동네","highway":"bus_stop","osmType":"node","osmId":"5019426034","districtCode":"26440","districtName":"강서구"},"geometry":{"type":"Point","coordinates":[128.9299792,35.1079425]}},{"type":"Feature","properties":{"name":"명지초교.명지중학교","name:en":"Myeongji Elementary School, Myeongji Middle School","highway":"bus_stop","osmType":"node","osmId":"5019426036","districtCode":"26440","districtName":"강서구"},"geometry":{"type":"Point","coordinates":[128.9267872,35.1041748]}},{"type":"Feature","properties":{"name":"명지초교.명지중학교","name:en":"Myeongji Elementary School, Myeongji Middle School","highway":"bus_stop","osmType":"node","osmId":"5019426038","districtCode":"26440","districtName":"강서구"},"geometry":{"type":"Point","coordinates":[128.9263399,35.1039149]}},{"type":"Feature","properties":{"name":"명지국제신도시입구","name:en":"Myeongji International New City Entrance","highway":"bus_stop","osmType":"node","osmId":"5019426039","districtCode":"26440","districtName":"강서구"},"geometry":{"type":"Point","coordinates":[128.9232553,35.1045264]}},{"type":"Feature","properties":{"name":"명지국제신도시입구","name:en":"Myeongji International New City Entrance","highway":"bus_stop","osmType":"node","osmId":"5019426040","districtCode":"26440","districtName":"강서구"},"geometry":{"type":"Point","coordinates":[128.9216631,35.1043921]}},{"type":"Feature","properties":{"name":"국제신도시교차로","name:en":"International New City Intersection","highway":"bus_stop","osmType":"node","osmId":"5019426041","districtCode":"26440","districtName":"강서구"},"geometry":{"type":"Point","coordinates":[128.9237469,35.1038439]}},{"type":"Feature","properties":{"name":"국제신도시교차로","name:en":"International New City Intersection","highway":"bus_stop","osmType":"node","osmId":"5019426042","districtCode":"26440","districtName":"강서구"},"geometry":{"type":"Point","coordinates":[128.9240499,35.103974]}},{"type":"Feature","properties":{"name":"금강펜테리움2차아파트","name:en":"Geumgang Penterium 2nd Apartment","highway":"bus_stop","osmType":"node","osmId":"5019426043","districtCode":"26440","districtName":"강서구"},"geometry":{"type":"Point","coordinates":[128.920999,35.1033084]}},{"type":"Feature","properties":{"name":"금강펜테리움2차아파트.호반베르디움2차아파트","name:en":"Geumgang Penterium 2nd Apartment, Hovan Verdium 2nd Apartment","highway":"bus_stop","osmType":"node","osmId":"5019426044","districtCode":"26440","districtName":"강서구"},"geometry":{"type":"Point","coordinates":[128.9207305,35.1033098]}},{"type":"Feature","properties":{"name":"호반베르디움2차.금강펜테리움2차","highway":"bus_stop","osmType":"node","osmId":"5019426045","districtCode":"26440","districtName":"강서구"},"geometry":{"type":"Point","coordinates":[128.9183897,35.1025464]}},{"type":"Feature","properties":{"name":"호반베르디움2차.금강펜테리움2차","highway":"bus_stop","osmType":"node","osmId":"5019426046","districtCode":"26440","districtName":"강서구"},"geometry":{"type":"Point","coordinates":[128.9179962,35.1024228]}},{"type":"Feature","properties":{"name":"금강펜테리움아파트","name:en":"Geumgang Penterium Apartment","highway":"bus_stop","osmType":"node","osmId":"5019426047","districtCode":"26440","districtName":"강서구"},"geometry":{"type":"Point","coordinates":[128.9202575,35.1000902]}},{"type":"Feature","properties":{"name":"에일린의뜰아파트","name:en":"Eileen Garden Apartments","highway":"bus_stop","osmType":"node","osmId":"5019426048","districtCode":"26440","districtName":"강서구"},"geometry":{"type":"Point","coordinates":[128.920467,35.0999963]}},{"type":"Feature","properties":{"name":"대방노블랜드아파트","highway":"bus_stop","osmType":"node","osmId":"5019426049","districtCode":"26440","districtName":"강서구"},"geometry":{"type":"Point","coordinates":[128.9199672,35.097203]}},{"type":"Feature","properties":{"name":"호반베르디움아파트","highway":"bus_stop","osmType":"node","osmId":"5019426050","districtCode":"26440","districtName":"강서구"},"geometry":{"type":"Point","coordinates":[128.9198137,35.0971721]}},{"type":"Feature","properties":{"name":"중흥프라디움","highway":"bus_stop","osmType":"node","osmId":"5019426051","districtCode":"26440","districtName":"강서구"},"geometry":{"type":"Point","coordinates":[128.9160458,35.0962359]}},{"type":"Feature","properties":{"name":"중흥프라디움","highway":"bus_stop","osmType":"node","osmId":"5019426052","districtCode":"26440","districtName":"강서구"},"geometry":{"type":"Point","coordinates":[128.9159892,35.0959868]}},{"type":"Feature","properties":{"name":"중흥S클래스프라디움","highway":"bus_stop","osmType":"node","osmId":"5019426053","districtCode":"26440","districtName":"강서구"},"geometry":{"type":"Point","coordinates":[128.9157485,35.0986103]}},{"type":"Feature","properties":{"name":"중흥S클래스프라디움","highway":"bus_stop","osmType":"node","osmId":"5019426054","districtCode":"26440","districtName":"강서구"},"geometry":{"type":"Point","coordinates":[128.9157556,35.0984308]}},{"type":"Feature","properties":{"name":"서부지법.서부지검","highway":"bus_stop","osmType":"node","osmId":"5019426055","districtCode":"26440","districtName":"강서구"},"geometry":{"type":"Point","coordinates":[128.9092004,35.0968758]}},{"type":"Feature","properties":{"name":"서부지법.서부지검","highway":"bus_stop","osmType":"node","osmId":"5019426056","districtCode":"26440","districtName":"강서구"},"geometry":{"type":"Point","coordinates":[128.9090735,35.0967168]}},{"type":"Feature","properties":{"name":"법원검찰청사거리","highway":"bus_stop","osmType":"node","osmId":"5019426058","districtCode":"26440","districtName":"강서구"},"geometry":{"type":"Point","coordinates":[128.9121241,35.095297]}},{"type":"Feature","properties":{"name":"행복마을","highway":"bus_stop","osmType":"node","osmId":"5019444255","districtCode":"26440","districtName":"강서구"},"geometry":{"type":"Point","coordinates":[128.9118341,35.0874034]}},{"type":"Feature","properties":{"name":"행복마을","highway":"bus_stop","osmType":"node","osmId":"5019444256","districtCode":"26440","districtName":"강서구"},"geometry":{"type":"Point","coordinates":[128.9121102,35.0873745]}},{"type":"Feature","properties":{"name":"남명초등학교","highway":"bus_stop","osmType":"node","osmId":"5019444257","districtCode":"26440","districtName":"강서구"},"geometry":{"type":"Point","coordinates":[128.9100079,35.0844147]}},{"type":"Feature","properties":{"name":"남명초등학교","highway":"bus_stop","osmType":"node","osmId":"5019444258","districtCode":"26440","districtName":"강서구"},"geometry":{"type":"Point","coordinates":[128.9093284,35.0842177]}},{"type":"Feature","properties":{"name":"호산나교회","highway":"bus_stop","osmType":"node","osmId":"5019444259","districtCode":"26440","districtName":"강서구"},"geometry":{"type":"Point","coordinates":[128.9081463,35.0844089]}},{"type":"Feature","properties":{"name":"호산나교회","highway":"bus_stop","osmType":"node","osmId":"5019444260","districtCode":"26440","districtName":"강서구"},"geometry":{"type":"Point","coordinates":[128.90821,35.0842409]}},{"type":"Feature","properties":{"name":"호산나교회","highway":"bus_stop","osmType":"node","osmId":"5019444261","districtCode":"26440","districtName":"강서구"},"geometry":{"type":"Point","coordinates":[128.9080967,35.0842525]}},{"type":"Feature","properties":{"name":"호산나교회","highway":"bus_stop","osmType":"node","osmId":"5019444262","districtCode":"26440","districtName":"강서구"},"geometry":{"type":"Point","coordinates":[128.9072332,35.0844031]}},{"type":"Feature","properties":{"name":"롯데캐슬아파트","highway":"bus_stop","osmType":"node","osmId":"5019444263","districtCode":"26440","districtName":"강서구"},"geometry":{"type":"Point","coordinates":[128.9049044,35.0844205]}},{"type":"Feature","properties":{"name":"롯데캐슬아파트","highway":"bus_stop","osmType":"node","osmId":"5019444264","districtCode":"26440","districtName":"강서구"},"geometry":{"type":"Point","coordinates":[128.9049893,35.0842525]}},{"type":"Feature","properties":{"name":"퀸덤3단지/극동스타클래스109동","highway":"bus_stop","osmType":"node","osmId":"5019444265","districtCode":"26440","districtName":"강서구"},"geometry":{"type":"Point","coordinates":[128.9015041,35.0844148]}},{"type":"Feature","properties":{"name":"극동스타클래스아파트/극동스타클래스109동","highway":"bus_stop","osmType":"node","osmId":"5019444266","districtCode":"26440","districtName":"강서구"},"geometry":{"type":"Point","coordinates":[128.9012867,35.0842408]}},{"type":"Feature","properties":{"name":"롯데캐슬아파트","highway":"bus_stop","osmType":"node","osmId":"5019444267","districtCode":"26440","districtName":"강서구"},"geometry":{"type":"Point","coordinates":[128.9098518,35.0820562]}},{"type":"Feature","properties":{"name":"엘크루블루오션 6단지","highway":"bus_stop","osmType":"node","osmId":"5019444268","districtCode":"26440","districtName":"강서구"},"geometry":{"type":"Point","coordinates":[128.9099168,35.0819027]}},{"type":"Feature","properties":{"name":"롯데캐슬아파트/엘크루블루오션","highway":"bus_stop","osmType":"node","osmId":"5019444269","districtCode":"26440","districtName":"강서구"},"geometry":{"type":"Point","coordinates":[128.9063766,35.0820983]}},{"type":"Feature","properties":{"name":"엘크루블루오션","highway":"bus_stop","osmType":"node","osmId":"5019444270","districtCode":"26440","districtName":"강서구"},"geometry":{"type":"Point","coordinates":[128.9063685,35.0818787]}},{"type":"Feature","properties":{"name":"극동스타클래스","highway":"bus_stop","osmType":"node","osmId":"5019444271","districtCode":"26440","districtName":"강서구"},"geometry":{"type":"Point","coordinates":[128.9011078,35.0820916]}},{"type":"Feature","properties":{"name":"한신휴플러스아파트","highway":"bus_stop","osmType":"node","osmId":"5019444272","districtCode":"26440","districtName":"강서구"},"geometry":{"type":"Point","coordinates":[128.9011241,35.0819053]}},{"type":"Feature","properties":{"name":"두산위브/두산위브아파트","highway":"bus_stop","osmType":"node","osmId":"5019444273","districtCode":"26440","districtName":"강서구"},"geometry":{"type":"Point","coordinates":[128.899628,35.0833093]}},{"type":"Feature","properties":{"name":"두산위브/두산위브아파트","highway":"bus_stop","osmType":"node","osmId":"5019444274","districtCode":"26440","districtName":"강서구"},"geometry":{"type":"Point","coordinates":[128.8993434,35.0829899]}},{"type":"Feature","properties":{"name":"명호초등학교","highway":"bus_stop","osmType":"node","osmId":"5019444275","districtCode":"26440","districtName":"강서구"},"geometry":{"type":"Point","coordinates":[128.8995467,35.0859042]}},{"type":"Feature","properties":{"name":"명호초등학교","highway":"bus_stop","osmType":"node","osmId":"5019444276","districtCode":"26440","districtName":"강서구"},"geometry":{"type":"Point","coordinates":[128.8993109,35.0857578]}},{"type":"Feature","properties":{"name":"퀸덤아파트1.2단지","highway":"bus_stop","osmType":"node","osmId":"5019444277","districtCode":"26440","districtName":"강서구"},"geometry":{"type":"Point","coordinates":[128.8986074,35.0867748]}},{"type":"Feature","properties":{"name":"퀸덤아파트1.2단지","highway":"bus_stop","osmType":"node","osmId":"5019444278","districtCode":"26440","districtName":"강서구"},"geometry":{"type":"Point","coordinates":[128.8986441,35.0865629]}},{"type":"Feature","properties":{"name":"명지오션시티","highway":"bus_stop","osmType":"node","osmId":"5019444279","districtCode":"26440","districtName":"강서구"},"geometry":{"type":"Point","coordinates":[128.896774,35.0879201]}},{"type":"Feature","properties":{"name":"신호대교","highway":"bus_stop","osmType":"node","osmId":"5019444280","districtCode":"26440","districtName":"강서구"},"geometry":{"type":"Point","coordinates":[128.8967286,35.088542]}},{"type":"Feature","properties":{"name":"신호윌아파트105동","highway":"bus_stop","osmType":"node","osmId":"5019462801","districtCode":"26440","districtName":"강서구"},"geometry":{"type":"Point","coordinates":[128.877524,35.0882894]}},{"type":"Feature","properties":{"name":"신호윌아파트105동","highway":"bus_stop","osmType":"node","osmId":"5019462802","districtCode":"26440","districtName":"강서구"},"geometry":{"type":"Point","coordinates":[128.8773899,35.0882861]}},{"type":"Feature","properties":{"name":"녹산농협신호지소/신호농협","highway":"bus_stop","osmType":"node","osmId":"5019462803","districtCode":"26440","districtName":"강서구"},"geometry":{"type":"Point","coordinates":[128.8775484,35.0861104]}},{"type":"Feature","properties":{"name":"녹산농협신호지소/신호농협","highway":"bus_stop","osmType":"node","osmId":"5019462804","districtCode":"26440","districtName":"강서구"},"geometry":{"type":"Point","coordinates":[128.8773899,35.0860772]}},{"type":"Feature","properties":{"name":"신호초등학교사거리","highway":"bus_stop","osmType":"node","osmId":"5019462805","districtCode":"26440","districtName":"강서구"},"geometry":{"type":"Point","coordinates":[128.8775026,35.0836439]}},{"type":"Feature","properties":{"name":"신호초등학교사거리","highway":"bus_stop","osmType":"node","osmId":"5019462806","districtCode":"26440","districtName":"강서구"},"geometry":{"type":"Point","coordinates":[128.8773859,35.0836287]}},{"type":"Feature","properties":{"name":"신호부영5차아파트/신호중학교","highway":"bus_stop","osmType":"node","osmId":"5019462807","districtCode":"26440","districtName":"강서구"},"geometry":{"type":"Point","coordinates":[128.8756113,35.081416]}},{"type":"Feature","properties":{"name":"신호부영5차아파트","highway":"bus_stop","osmType":"node","osmId":"5019462808","districtCode":"26440","districtName":"강서구"},"geometry":{"type":"Point","coordinates":[128.8749388,35.0813204]}},{"type":"Feature","properties":{"name":"녹산동신호민원센터","highway":"bus_stop","osmType":"node","osmId":"5019462809","districtCode":"26440","districtName":"강서구"},"geometry":{"type":"Point","coordinates":[128.8730848,35.0830554]}},{"type":"Feature","properties":{"name":"의창수협","highway":"bus_stop","osmType":"node","osmId":"5019462810","districtCode":"26440","districtName":"강서구"},"geometry":{"type":"Point","coordinates":[128.8731175,35.0837853]}},{"type":"Feature","properties":{"name":"의창수협","highway":"bus_stop","osmType":"node","osmId":"5019462811","districtCode":"26440","districtName":"강서구"},"geometry":{"type":"Point","coordinates":[128.8728513,35.0841675]}},{"type":"Feature","properties":{"name":"신호부영2차아파트","highway":"bus_stop","osmType":"node","osmId":"5019462812","districtCode":"26440","districtName":"강서구"},"geometry":{"type":"Point","coordinates":[128.8731315,35.0863075]}},{"type":"Feature","properties":{"name":"신호부영2차아파트","highway":"bus_stop","osmType":"node","osmId":"5019462813","districtCode":"26440","districtName":"강서구"},"geometry":{"type":"Point","coordinates":[128.872912,35.0863113]}},{"type":"Feature","properties":{"name":"신호하수처리장","highway":"bus_stop","osmType":"node","osmId":"5019462814","districtCode":"26440","districtName":"강서구"},"geometry":{"type":"Point","coordinates":[128.872459,35.0891009]}},{"type":"Feature","properties":{"name":"신호하수처리장","highway":"bus_stop","osmType":"node","osmId":"5019462815","districtCode":"26440","districtName":"강서구"},"geometry":{"type":"Point","coordinates":[128.872445,35.0888334]}},{"type":"Feature","properties":{"name":"경전철 덕두역","highway":"bus_stop","osmType":"node","osmId":"5025366402","districtCode":"26440","districtName":"강서구"},"geometry":{"type":"Point","coordinates":[128.9541817,35.1813127]}},{"type":"Feature","properties":{"name":"부산신항만컨테이너터미널","highway":"bus_stop","osmType":"node","osmId":"5025373260","districtCode":"26440","districtName":"강서구"},"geometry":{"type":"Point","coordinates":[128.8177829,35.0641083]}},{"type":"Feature","properties":{"name":"경제자유구역청사거리","highway":"bus_stop","osmType":"node","osmId":"5025391812","districtCode":"26440","districtName":"강서구"},"geometry":{"type":"Point","coordinates":[128.8386393,35.0890669]}},{"type":"Feature","properties":{"name":"경제자유구역청사거리","highway":"bus_stop","osmType":"node","osmId":"5025391813","districtCode":"26440","districtName":"강서구"},"geometry":{"type":"Point","coordinates":[128.8385646,35.08883]}},{"type":"Feature","properties":{"name":"부산항만공사 신항사업소/부산항홍보관","highway":"bus_stop","osmType":"node","osmId":"5025391814","districtCode":"26440","districtName":"강서구"},"geometry":{"type":"Point","coordinates":[128.8307844,35.0871257]}},{"type":"Feature","properties":{"name":"부산항만공사 신항사업소/부산항홍보관","highway":"bus_stop","osmType":"node","osmId":"5025391815","districtCode":"26440","districtName":"강서구"},"geometry":{"type":"Point","coordinates":[128.8311206,35.0868353]}},{"type":"Feature","properties":{"name":"세방물류","highway":"bus_stop","osmType":"node","osmId":"5025391817","districtCode":"26440","districtName":"강서구"},"geometry":{"type":"Point","coordinates":[128.8255166,35.0858723]}},{"type":"Feature","properties":{"name":"부산신항만","highway":"bus_stop","osmType":"node","osmId":"5025392130","districtCode":"26440","districtName":"강서구"},"geometry":{"type":"Point","coordinates":[128.8345742,35.0783084]}},{"type":"Feature","properties":{"name":"부산신항","highway":"bus_stop","osmType":"node","osmId":"5025392132","districtCode":"26440","districtName":"강서구"},"geometry":{"type":"Point","coordinates":[128.8345796,35.0784577]}},{"type":"Feature","properties":{"name":"선창입구","highway":"bus_stop","osmType":"node","osmId":"5025392141","districtCode":"26440","districtName":"강서구"},"geometry":{"type":"Point","coordinates":[128.8319632,35.0675656]}},{"type":"Feature","properties":{"name":"선창입구","highway":"bus_stop","osmType":"node","osmId":"5025392142","districtCode":"26440","districtName":"강서구"},"geometry":{"type":"Point","coordinates":[128.8310038,35.0671164]}},{"type":"Feature","properties":{"name":"선창","highway":"bus_stop","osmType":"node","osmId":"5025392143","districtCode":"26440","districtName":"강서구"},"geometry":{"type":"Point","coordinates":[128.833252,35.0665607]}},{"type":"Feature","properties":{"name":"선창","highway":"bus_stop","osmType":"node","osmId":"5025392144","districtCode":"26440","districtName":"강서구"},"geometry":{"type":"Point","coordinates":[128.8328617,35.0664576]}},{"type":"Feature","properties":{"name":"선창","highway":"bus_stop","osmType":"node","osmId":"5025392145","districtCode":"26440","districtName":"강서구"},"geometry":{"type":"Point","coordinates":[128.8327072,35.066411]}},{"type":"Feature","properties":{"name":"범어사주차장","name:en":"Beomeosa parking area","highway":"bus_stop","osmType":"node","osmId":"5027649421","districtCode":"26410","districtName":"금정구"},"geometry":{"type":"Point","coordinates":[129.0728105,35.2819682]}},{"type":"Feature","properties":{"highway":"bus_stop","osmType":"node","osmId":"5027665622","districtCode":"26410","districtName":"금정구"},"geometry":{"type":"Point","coordinates":[129.0895267,35.2756458]}},{"type":"Feature","properties":{"name":"부산대정문","highway":"bus_stop","osmType":"node","osmId":"5033898890","districtCode":"26410","districtName":"금정구"},"geometry":{"type":"Point","coordinates":[129.0847203,35.2316112]}},{"type":"Feature","properties":{"name":"부산대정문","highway":"bus_stop","osmType":"node","osmId":"5033898891","districtCode":"26410","districtName":"금정구"},"geometry":{"type":"Point","coordinates":[129.0847577,35.2314281]}},{"type":"Feature","properties":{"name":"부산대학교정문","highway":"bus_stop","osmType":"node","osmId":"5033898892","districtCode":"26410","districtName":"금정구"},"geometry":{"type":"Point","coordinates":[129.0851733,35.2318934]}},{"type":"Feature","properties":{"name":"부산대학교정문","highway":"bus_stop","osmType":"node","osmId":"5033898893","districtCode":"26410","districtName":"금정구"},"geometry":{"type":"Point","coordinates":[129.086635,35.2321033]}},{"type":"Feature","properties":{"name":"부산대학교정문","highway":"bus_stop","osmType":"node","osmId":"5033898894","districtCode":"26410","districtName":"금정구"},"geometry":{"type":"Point","coordinates":[129.0868592,35.2321948]}},{"type":"Feature","properties":{"name":"부산대학교정문","highway":"bus_stop","osmType":"node","osmId":"5033898895","districtCode":"26410","districtName":"금정구"},"geometry":{"type":"Point","coordinates":[129.0869246,35.232458]}},{"type":"Feature","properties":{"name":"현대아파트","highway":"bus_stop","osmType":"node","osmId":"5033898896","districtCode":"26410","districtName":"금정구"},"geometry":{"type":"Point","coordinates":[129.0855236,35.2331904]}},{"type":"Feature","properties":{"name":"장전중앙교회","highway":"bus_stop","osmType":"node","osmId":"5033898897","districtCode":"26410","districtName":"금정구"},"geometry":{"type":"Point","coordinates":[129.0860976,35.2352376]}},{"type":"Feature","properties":{"name":"장전1치안센터","highway":"bus_stop","osmType":"node","osmId":"5033898898","districtCode":"26410","districtName":"금정구"},"geometry":{"type":"Point","coordinates":[129.0876882,35.2358291]}},{"type":"Feature","properties":{"name":"장전1치안센터","highway":"bus_stop","osmType":"node","osmId":"5033898899","districtCode":"26410","districtName":"금정구"},"geometry":{"type":"Point","coordinates":[129.0875996,35.2361249]}},{"type":"Feature","properties":{"name":"장전역","highway":"bus_stop","osmType":"node","osmId":"5033898900","districtCode":"26410","districtName":"금정구"},"geometry":{"type":"Point","coordinates":[129.0879201,35.2384372]}},{"type":"Feature","properties":{"name":"장전역","highway":"bus_stop","osmType":"node","osmId":"5033898901","districtCode":"26410","districtName":"금정구"},"geometry":{"type":"Point","coordinates":[129.0877768,35.238204]}},{"type":"Feature","properties":{"name":"장전동어린이놀이터","highway":"bus_stop","osmType":"node","osmId":"5033898902","districtCode":"26410","districtName":"금정구"},"geometry":{"type":"Point","coordinates":[129.0864365,35.2382321]}},{"type":"Feature","properties":{"name":"장전역4번출구","highway":"bus_stop","osmType":"node","osmId":"5033898903","districtCode":"26410","districtName":"금정구"},"geometry":{"type":"Point","coordinates":[129.0885381,35.2389882]}},{"type":"Feature","properties":{"name":"장전역4번출구","highway":"bus_stop","osmType":"node","osmId":"5033898904","districtCode":"26410","districtName":"금정구"},"geometry":{"type":"Point","coordinates":[129.0884154,35.238422]}},{"type":"Feature","properties":{"name":"장전역2번출구","highway":"bus_stop","osmType":"node","osmId":"5033898905","districtCode":"26410","districtName":"금정구"},"geometry":{"type":"Point","coordinates":[129.0886139,35.2378346]}},{"type":"Feature","properties":{"name":"장전역2번출구","highway":"bus_stop","osmType":"node","osmId":"5033898906","districtCode":"26410","districtName":"금정구"},"geometry":{"type":"Point","coordinates":[129.0885205,35.2374913]}},{"type":"Feature","properties":{"name":"장전초등학교","highway":"bus_stop","osmType":"node","osmId":"5033898907","districtCode":"26410","districtName":"금정구"},"geometry":{"type":"Point","coordinates":[129.086366,35.2400991]}},{"type":"Feature","properties":{"name":"장전초등학교","highway":"bus_stop","osmType":"node","osmId":"5033898908","districtCode":"26410","districtName":"금정구"},"geometry":{"type":"Point","coordinates":[129.0865162,35.2407782]}},{"type":"Feature","properties":{"name":"수영4호교","highway":"bus_stop","osmType":"node","osmId":"5033899173","districtCode":"26350","districtName":"해운대구"},"geometry":{"type":"Point","coordinates":[129.1190418,35.1845524]}},{"type":"Feature","properties":{"name":"수영4호교","highway":"bus_stop","osmType":"node","osmId":"5033899174","districtCode":"26350","districtName":"해운대구"},"geometry":{"type":"Point","coordinates":[129.119286,35.1843933]}},{"type":"Feature","properties":{"name":"수영강푸르지오아파트","highway":"bus_stop","osmType":"node","osmId":"5033899175","districtCode":"26470","districtName":"연제구"},"geometry":{"type":"Point","coordinates":[129.1110291,35.1845582]}},{"type":"Feature","properties":{"name":"수영강푸르지오아파트","highway":"bus_stop","osmType":"node","osmId":"5033899176","districtCode":"26470","districtName":"연제구"},"geometry":{"type":"Point","coordinates":[129.1115564,35.1843876]}},{"type":"Feature","properties":{"name":"연제예식장","highway":"bus_stop","osmType":"node","osmId":"5033899177","districtCode":"26470","districtName":"연제구"},"geometry":{"type":"Point","coordinates":[129.1083782,35.1845727]}},{"type":"Feature","properties":{"name":"부산소방본부 교통정보서비스센터","highway":"bus_stop","osmType":"node","osmId":"5033899178","districtCode":"26470","districtName":"연제구"},"geometry":{"type":"Point","coordinates":[129.1081835,35.1844309]}},{"type":"Feature","properties":{"name":"부산소방본부 교통정보서비스센터","highway":"bus_stop","osmType":"node","osmId":"5033899179","districtCode":"26470","districtName":"연제구"},"geometry":{"type":"Point","coordinates":[129.1072032,35.1846652]}},{"type":"Feature","properties":{"name":"태광아파트","highway":"bus_stop","osmType":"node","osmId":"5033899180","districtCode":"26470","districtName":"연제구"},"geometry":{"type":"Point","coordinates":[129.1072244,35.1867884]}},{"type":"Feature","properties":{"name":"태광아파트","highway":"bus_stop","osmType":"node","osmId":"5033899181","districtCode":"26470","districtName":"연제구"},"geometry":{"type":"Point","coordinates":[129.1070829,35.186719]}},{"type":"Feature","properties":{"name":"토곡한양아파트","highway":"bus_stop","osmType":"node","osmId":"5033899182","districtCode":"26470","districtName":"연제구"},"geometry":{"type":"Point","coordinates":[129.1055214,35.1882654]}},{"type":"Feature","properties":{"name":"토곡한양아파트","highway":"bus_stop","osmType":"node","osmId":"5033899183","districtCode":"26470","districtName":"연제구"},"geometry":{"type":"Point","coordinates":[129.1062476,35.1877516]}},{"type":"Feature","properties":{"name":"연산8치안센터","highway":"bus_stop","osmType":"node","osmId":"5033899184","districtCode":"26470","districtName":"연제구"},"geometry":{"type":"Point","coordinates":[129.1017776,35.1877921]}},{"type":"Feature","properties":{"name":"연산8치안센터","highway":"bus_stop","osmType":"node","osmId":"5033899185","districtCode":"26470","districtName":"연제구"},"geometry":{"type":"Point","coordinates":[129.1030269,35.1876706]}},{"type":"Feature","properties":{"name":"연산8치안센터","highway":"bus_stop","osmType":"node","osmId":"5033899186","districtCode":"26470","districtName":"연제구"},"geometry":{"type":"Point","coordinates":[129.1009459,35.1881449]}},{"type":"Feature","properties":{"name":"파크시티아파트입구","highway":"bus_stop","osmType":"node","osmId":"5033899187","districtCode":"26470","districtName":"연제구"},"geometry":{"type":"Point","coordinates":[129.0985994,35.1879222]}},{"type":"Feature","properties":{"name":"부산경상대학입구","highway":"bus_stop","osmType":"node","osmId":"5033899188","districtCode":"26470","districtName":"연제구"},"geometry":{"type":"Point","coordinates":[129.0982738,35.1878007]}},{"type":"Feature","properties":{"name":"연천시장","highway":"bus_stop","osmType":"node","osmId":"5033899189","districtCode":"26470","districtName":"연제구"},"geometry":{"type":"Point","coordinates":[129.0961892,35.188359]}},{"type":"Feature","properties":{"name":"연동시장","highway":"bus_stop","osmType":"node","osmId":"5033899190","districtCode":"26470","districtName":"연제구"},"geometry":{"type":"Point","coordinates":[129.0943807,35.1886685]}},{"type":"Feature","properties":{"name":"연동시장","highway":"bus_stop","osmType":"node","osmId":"5033899191","districtCode":"26470","districtName":"연제구"},"geometry":{"type":"Point","coordinates":[129.0928093,35.1894003]}},{"type":"Feature","properties":{"name":"경동아파트","highway":"bus_stop","osmType":"node","osmId":"5033899192","districtCode":"26470","districtName":"연제구"},"geometry":{"type":"Point","coordinates":[129.090799,35.1904907]}},{"type":"Feature","properties":{"name":"경동아파트","highway":"bus_stop","osmType":"node","osmId":"5033899193","districtCode":"26470","districtName":"연제구"},"geometry":{"type":"Point","coordinates":[129.0912025,35.1900395]}},{"type":"Feature","properties":{"name":"연안교","highway":"bus_stop","osmType":"node","osmId":"5033899194","districtCode":"26470","districtName":"연제구"},"geometry":{"type":"Point","coordinates":[129.0905583,35.1929463]}},{"type":"Feature","properties":{"name":"우성아파트","highway":"bus_stop","osmType":"node","osmId":"5033899195","districtCode":"26260","districtName":"동래구"},"geometry":{"type":"Point","coordinates":[129.0930146,35.1951155]}},{"type":"Feature","properties":{"name":"우성아파트","highway":"bus_stop","osmType":"node","osmId":"5033899196","districtCode":"26260","districtName":"동래구"},"geometry":{"type":"Point","coordinates":[129.0928765,35.1952167]}},{"type":"Feature","properties":{"name":"동래봉생병원","highway":"bus_stop","osmType":"node","osmId":"5033899197","districtCode":"26260","districtName":"동래구"},"geometry":{"type":"Point","coordinates":[129.0952265,35.1972701]}},{"type":"Feature","properties":{"name":"동래봉생병원","highway":"bus_stop","osmType":"node","osmId":"5033899198","districtCode":"26260","districtName":"동래구"},"geometry":{"type":"Point","coordinates":[129.0957574,35.1974784]}},{"type":"Feature","properties":{"name":"동래한양아파트","highway":"bus_stop","osmType":"node","osmId":"5033899199","districtCode":"26260","districtName":"동래구"},"geometry":{"type":"Point","coordinates":[129.0932623,35.1994797]}},{"type":"Feature","properties":{"name":"동래전화국","highway":"bus_stop","osmType":"node","osmId":"5033899200","districtCode":"26260","districtName":"동래구"},"geometry":{"type":"Point","coordinates":[129.082719,35.2044221]}},{"type":"Feature","properties":{"name":"동래전화국","highway":"bus_stop","osmType":"node","osmId":"5033899201","districtCode":"26260","districtName":"동래구"},"geometry":{"type":"Point","coordinates":[129.082712,35.2041184]}},{"type":"Feature","properties":{"name":"동래전화국","highway":"bus_stop","osmType":"node","osmId":"5033899202","districtCode":"26260","districtName":"동래구"},"geometry":{"type":"Point","coordinates":[129.082811,35.2038639]}},{"type":"Feature","properties":{"name":"동래우체국/명륜초등학교","highway":"bus_stop","osmType":"node","osmId":"5033899203","districtCode":"26260","districtName":"동래구"},"geometry":{"type":"Point","coordinates":[129.0823722,35.2087598]}},{"type":"Feature","properties":{"name":"동래우체국","highway":"bus_stop","osmType":"node","osmId":"5033899204","districtCode":"26260","districtName":"동래구"},"geometry":{"type":"Point","coordinates":[129.082312,35.2093468]}},{"type":"Feature","properties":{"name":"동래우체국","highway":"bus_stop","osmType":"node","osmId":"5033899205","districtCode":"26260","districtName":"동래구"},"geometry":{"type":"Point","coordinates":[129.0823899,35.2097487]}},{"type":"Feature","properties":{"name":"동래우체국","highway":"bus_stop","osmType":"node","osmId":"5033899206","districtCode":"26260","districtName":"동래구"},"geometry":{"type":"Point","coordinates":[129.082489,35.2094393]}},{"type":"Feature","properties":{"name":"동래구노인복지관","highway":"bus_stop","osmType":"node","osmId":"5033899207","districtCode":"26260","districtName":"동래구"},"geometry":{"type":"Point","coordinates":[129.0830977,35.2126635]}},{"type":"Feature","properties":{"name":"동래구노인복지관","highway":"bus_stop","osmType":"node","osmId":"5033899208","districtCode":"26260","districtName":"동래구"},"geometry":{"type":"Point","coordinates":[129.0832818,35.2136871]}},{"type":"Feature","properties":{"name":"동래구노인복지관","highway":"bus_stop","osmType":"node","osmId":"5033899209","districtCode":"26260","districtName":"동래구"},"geometry":{"type":"Point","coordinates":[129.0831048,35.2135917]}},{"type":"Feature","properties":{"name":"동래구노인복지관","highway":"bus_stop","osmType":"node","osmId":"5033899210","districtCode":"26260","districtName":"동래구"},"geometry":{"type":"Point","coordinates":[129.083034,35.2133112]}},{"type":"Feature","properties":{"name":"온천입구","highway":"bus_stop","osmType":"node","osmId":"5033899211","districtCode":"26260","districtName":"동래구"},"geometry":{"type":"Point","coordinates":[129.0844108,35.2161998]}},{"type":"Feature","properties":{"name":"온천입구","highway":"bus_stop","osmType":"node","osmId":"5033899212","districtCode":"26260","districtName":"동래구"},"geometry":{"type":"Point","coordinates":[129.0851151,35.216489]}},{"type":"Feature","properties":{"name":"온천입구","highway":"bus_stop","osmType":"node","osmId":"5033899213","districtCode":"26260","districtName":"동래구"},"geometry":{"type":"Point","coordinates":[129.0851434,35.2166798]}},{"type":"Feature","properties":{"name":"온천입구","highway":"bus_stop","osmType":"node","osmId":"5033899214","districtCode":"26410","districtName":"금정구"},"geometry":{"type":"Point","coordinates":[129.0863432,35.2176109]}},{"type":"Feature","properties":{"name":"온천장입구","highway":"bus_stop","osmType":"node","osmId":"5033899215","districtCode":"26260","districtName":"동래구"},"geometry":{"type":"Point","coordinates":[129.0865732,35.216703]}},{"type":"Feature","properties":{"name":"온천장입구","highway":"bus_stop","osmType":"node","osmId":"5033899216","districtCode":"26260","districtName":"동래구"},"geometry":{"type":"Point","coordinates":[129.0865024,35.2165613]}},{"type":"Feature","properties":{"name":"스파쇼핑/온천장","highway":"bus_stop","osmType":"node","osmId":"5033899217","districtCode":"26260","districtName":"동래구"},"geometry":{"type":"Point","coordinates":[129.083618,35.2183106]}},{"type":"Feature","properties":{"name":"온천장역","highway":"bus_stop","osmType":"node","osmId":"5033899218","districtCode":"26410","districtName":"금정구"},"geometry":{"type":"Point","coordinates":[129.0854407,35.2178624]}},{"type":"Feature","properties":{"name":"온천장","highway":"bus_stop","osmType":"node","osmId":"5033899219","districtCode":"26260","districtName":"동래구"},"geometry":{"type":"Point","coordinates":[129.0841949,35.217608]}},{"type":"Feature","properties":{"name":"온천예식장","highway":"bus_stop","osmType":"node","osmId":"5033899220","districtCode":"26260","districtName":"동래구"},"geometry":{"type":"Point","coordinates":[129.0823934,35.2183135]}},{"type":"Feature","properties":{"name":"온천장","highway":"bus_stop","osmType":"node","osmId":"5033901122","districtCode":"26260","districtName":"동래구"},"geometry":{"type":"Point","coordinates":[129.0834174,35.2194875]}},{"type":"Feature","properties":{"name":"CGV동래","highway":"bus_stop","osmType":"node","osmId":"5033901123","districtCode":"26260","districtName":"동래구"},"geometry":{"type":"Point","coordinates":[129.0851687,35.2217651]}},{"type":"Feature","properties":{"name":"SK허브스카이","highway":"bus_stop","osmType":"node","osmId":"5033901124","districtCode":"26260","districtName":"동래구"},"geometry":{"type":"Point","coordinates":[129.0849352,35.2217728]}},{"type":"Feature","properties":{"name":"금정초등학교","highway":"bus_stop","osmType":"node","osmId":"5033901125","districtCode":"26410","districtName":"금정구"},"geometry":{"type":"Point","coordinates":[129.0857944,35.2259311]}},{"type":"Feature","properties":{"name":"금정초등학교","highway":"bus_stop","osmType":"node","osmId":"5033901126","districtCode":"26410","districtName":"금정구"},"geometry":{"type":"Point","coordinates":[129.0857104,35.2266711]}},{"type":"Feature","properties":{"name":"신한은행","highway":"bus_stop","osmType":"node","osmId":"5033901127","districtCode":"26410","districtName":"금정구"},"geometry":{"type":"Point","coordinates":[129.0861167,35.2282352]}},{"type":"Feature","properties":{"name":"부산대학교후문","highway":"bus_stop","osmType":"node","osmId":"5033901128","districtCode":"26410","districtName":"금정구"},"geometry":{"type":"Point","coordinates":[129.0852807,35.2285976]}},{"type":"Feature","properties":{"name":"부산대후문","highway":"bus_stop","osmType":"node","osmId":"5033901129","districtCode":"26410","districtName":"금정구"},"geometry":{"type":"Point","coordinates":[129.0849725,35.2287349]}},{"type":"Feature","properties":{"name":"부산대학교후문","highway":"bus_stop","osmType":"node","osmId":"5033901130","districtCode":"26410","districtName":"금정구"},"geometry":{"type":"Point","coordinates":[129.08423,35.2288379]}},{"type":"Feature","properties":{"name":"부산대앞부산은행","highway":"bus_stop","osmType":"node","osmId":"5033901131","districtCode":"26410","districtName":"금정구"},"geometry":{"type":"Point","coordinates":[129.0864763,35.2305583]}},{"type":"Feature","properties":{"name":"부산은행","highway":"bus_stop","osmType":"node","osmId":"5033901132","districtCode":"26410","districtName":"금정구"},"geometry":{"type":"Point","coordinates":[129.0857431,35.2314052]}},{"type":"Feature","properties":{"name":"금정등기소","highway":"bus_stop","osmType":"node","osmId":"5033901133","districtCode":"26410","districtName":"금정구"},"geometry":{"type":"Point","coordinates":[129.0847764,35.2304325]}},{"type":"Feature","properties":{"name":"부산대학교정문","highway":"bus_stop","osmType":"node","osmId":"5033901134","districtCode":"26410","districtName":"금정구"},"geometry":{"type":"Point","coordinates":[129.0849772,35.2310962]}},{"type":"Feature","properties":{"name":"동신아파트","highway":"bus_stop","osmType":"node","osmId":"5049796501","districtCode":"26350","districtName":"해운대구"},"geometry":{"type":"Point","coordinates":[129.1791023,35.1763143]}},{"type":"Feature","properties":{"name":"동신아파트","highway":"bus_stop","osmType":"node","osmId":"5049796502","districtCode":"26350","districtName":"해운대구"},"geometry":{"type":"Point","coordinates":[129.179044,35.1764037]}},{"type":"Feature","properties":{"name":"동신아파트","highway":"bus_stop","osmType":"node","osmId":"5049796503","districtCode":"26350","districtName":"해운대구"},"geometry":{"type":"Point","coordinates":[129.1788454,35.1763778]}},{"type":"Feature","properties":{"name":"부흥초교","highway":"bus_stop","osmType":"node","osmId":"5049796504","districtCode":"26350","districtName":"해운대구"},"geometry":{"type":"Point","coordinates":[129.1788968,35.1763244]}},{"type":"Feature","properties":{"name":"부흥중","highway":"bus_stop","osmType":"node","osmId":"5049796505","districtCode":"26350","districtName":"해운대구"},"geometry":{"type":"Point","coordinates":[129.1793404,35.1756182]}},{"type":"Feature","properties":{"name":"동부아파트","highway":"bus_stop","osmType":"node","osmId":"5049796506","districtCode":"26350","districtName":"해운대구"},"geometry":{"type":"Point","coordinates":[129.1769307,35.1775344]}},{"type":"Feature","properties":{"name":"동부아파트","highway":"bus_stop","osmType":"node","osmId":"5049796507","districtCode":"26350","districtName":"해운대구"},"geometry":{"type":"Point","coordinates":[129.1769167,35.1773779]}},{"type":"Feature","properties":{"name":"롯데아파트","highway":"bus_stop","osmType":"node","osmId":"5049796508","districtCode":"26350","districtName":"해운대구"},"geometry":{"type":"Point","coordinates":[129.1770941,35.177336]}},{"type":"Feature","properties":{"name":"해운대교육지원청","highway":"bus_stop","osmType":"node","osmId":"5049796509","districtCode":"26350","districtName":"해운대구"},"geometry":{"type":"Point","coordinates":[129.1763002,35.1769924]}},{"type":"Feature","properties":{"name":"해운대교육지원청","highway":"bus_stop","osmType":"node","osmId":"5049796510","districtCode":"26350","districtName":"해운대구"},"geometry":{"type":"Point","coordinates":[129.1761695,35.1770649]}},{"type":"Feature","properties":{"name":"한마음스포츠센터","highway":"bus_stop","osmType":"node","osmId":"5049796511","districtCode":"26350","districtName":"해운대구"},"geometry":{"type":"Point","coordinates":[129.1773043,35.1801987]}},{"type":"Feature","properties":{"name":"동해선 신해운대역","highway":"bus_stop","osmType":"node","osmId":"5049796512","districtCode":"26350","districtName":"해운대구"},"geometry":{"type":"Point","coordinates":[129.1771793,35.1813239]}},{"type":"Feature","properties":{"name":"대동상가/대림아파트","highway":"bus_stop","osmType":"node","osmId":"5049803542","districtCode":"26350","districtName":"해운대구"},"geometry":{"type":"Point","coordinates":[129.1742034,35.1781528]}},{"type":"Feature","properties":{"name":"대동상가","highway":"bus_stop","osmType":"node","osmId":"5049803543","districtCode":"26350","districtName":"해운대구"},"geometry":{"type":"Point","coordinates":[129.1745007,35.1779391]}},{"type":"Feature","properties":{"name":"좌동","highway":"bus_stop","osmType":"node","osmId":"5049803544","districtCode":"26350","districtName":"해운대구"},"geometry":{"type":"Point","coordinates":[129.1741786,35.1780179]}},{"type":"Feature","properties":{"name":"대림1차아파트","highway":"bus_stop","osmType":"node","osmId":"5049803545","districtCode":"26350","districtName":"해운대구"},"geometry":{"type":"Point","coordinates":[129.171992,35.1773701]}},{"type":"Feature","properties":{"name":"대림1차아파트","highway":"bus_stop","osmType":"node","osmId":"5049803546","districtCode":"26350","districtName":"해운대구"},"geometry":{"type":"Point","coordinates":[129.1714251,35.176879]}},{"type":"Feature","properties":{"name":"대동아파트","highway":"bus_stop","osmType":"node","osmId":"5049803547","districtCode":"26350","districtName":"해운대구"},"geometry":{"type":"Point","coordinates":[129.1715176,35.1769521]}},{"type":"Feature","properties":{"name":"양운고","highway":"bus_stop","osmType":"node","osmId":"5049803548","districtCode":"26350","districtName":"해운대구"},"geometry":{"type":"Point","coordinates":[129.1714313,35.1771409]}},{"type":"Feature","properties":{"name":"주공아파트","highway":"bus_stop","osmType":"node","osmId":"5049803549","districtCode":"26350","districtName":"해운대구"},"geometry":{"type":"Point","coordinates":[129.1702543,35.1763149]}},{"type":"Feature","properties":{"name":"대림3차아파트","highway":"bus_stop","osmType":"node","osmId":"5049803550","districtCode":"26350","districtName":"해운대구"},"geometry":{"type":"Point","coordinates":[129.1687908,35.1757357]}},{"type":"Feature","properties":{"name":"대림3차아파트","highway":"bus_stop","osmType":"node","osmId":"5049803551","districtCode":"26350","districtName":"해운대구"},"geometry":{"type":"Point","coordinates":[129.1687385,35.1755342]}},{"type":"Feature","properties":{"name":"대림아파트406동","highway":"bus_stop","osmType":"node","osmId":"5049803552","districtCode":"26350","districtName":"해운대구"},"geometry":{"type":"Point","coordinates":[129.1688679,35.1756022]}},{"type":"Feature","properties":{"name":"대림아파트406동","highway":"bus_stop","osmType":"node","osmId":"5049803553","districtCode":"26350","districtName":"해운대구"},"geometry":{"type":"Point","coordinates":[129.1684858,35.1755569]}},{"type":"Feature","properties":{"name":"양운초등학교","highway":"bus_stop","osmType":"node","osmId":"5049803554","districtCode":"26350","districtName":"해운대구"},"geometry":{"type":"Point","coordinates":[129.1673304,35.1740055]}},{"type":"Feature","properties":{"name":"양운초등학교","highway":"bus_stop","osmType":"node","osmId":"5049803555","districtCode":"26350","districtName":"해운대구"},"geometry":{"type":"Point","coordinates":[129.1675738,35.1740811]}},{"type":"Feature","properties":{"name":"LH뜨란채아파트/신성아파트","highway":"bus_stop","osmType":"node","osmId":"5049803556","districtCode":"26350","districtName":"해운대구"},"geometry":{"type":"Point","coordinates":[129.1679097,35.1736756]}},{"type":"Feature","properties":{"name":"신성아파트","highway":"bus_stop","osmType":"node","osmId":"5049803557","districtCode":"26350","districtName":"해운대구"},"geometry":{"type":"Point","coordinates":[129.1681161,35.1734842]}},{"type":"Feature","properties":{"name":"양운우체국","highway":"bus_stop","osmType":"node","osmId":"5049803558","districtCode":"26350","districtName":"해운대구"},"geometry":{"type":"Point","coordinates":[129.1653216,35.1741214]}},{"type":"Feature","properties":{"name":"부대앞","highway":"bus_stop","osmType":"node","osmId":"5049803559","districtCode":"26350","districtName":"해운대구"},"geometry":{"type":"Point","coordinates":[129.164351,35.1741742]}},{"type":"Feature","properties":{"name":"부대앞","highway":"bus_stop","osmType":"node","osmId":"5049803560","districtCode":"26350","districtName":"해운대구"},"geometry":{"type":"Point","coordinates":[129.1642894,35.1740785]}},{"type":"Feature","properties":{"name":"한일아파트","highway":"bus_stop","osmType":"node","osmId":"5049808279","districtCode":"26350","districtName":"해운대구"},"geometry":{"type":"Point","coordinates":[129.1702174,35.1721116]}},{"type":"Feature","properties":{"name":"한일아파트","highway":"bus_stop","osmType":"node","osmId":"5049808280","districtCode":"26350","districtName":"해운대구"},"geometry":{"type":"Point","coordinates":[129.1702266,35.1722098]}},{"type":"Feature","properties":{"name":"한일아파트","highway":"bus_stop","osmType":"node","osmId":"5049808281","districtCode":"26350","districtName":"해운대구"},"geometry":{"type":"Point","coordinates":[129.170051,35.1720915]}},{"type":"Feature","properties":{"name":"코오롱아파트","highway":"bus_stop","osmType":"node","osmId":"5049808282","districtCode":"26350","districtName":"해운대구"},"geometry":{"type":"Point","coordinates":[129.1695703,35.170472]}},{"type":"Feature","properties":{"name":"코오롱아파트","highway":"bus_stop","osmType":"node","osmId":"5049808283","districtCode":"26350","districtName":"해운대구"},"geometry":{"type":"Point","coordinates":[129.1691297,35.1701899]}},{"type":"Feature","properties":{"name":"순복음교회","highway":"bus_stop","osmType":"node","osmId":"5049808284","districtCode":"26350","districtName":"해운대구"},"geometry":{"type":"Point","coordinates":[129.1679959,35.1684773]}},{"type":"Feature","properties":{"name":"순복음교회","highway":"bus_stop","osmType":"node","osmId":"5049808285","districtCode":"26350","districtName":"해운대구"},"geometry":{"type":"Point","coordinates":[129.1676847,35.1683917]}},{"type":"Feature","properties":{"name":"건널목삼거리","highway":"bus_stop","osmType":"node","osmId":"5049808286","districtCode":"26350","districtName":"해운대구"},"geometry":{"type":"Point","coordinates":[129.1625517,35.1673061]}},{"type":"Feature","properties":{"name":"건널목삼거리","highway":"bus_stop","osmType":"node","osmId":"5049808287","districtCode":"26350","districtName":"해운대구"},"geometry":{"type":"Point","coordinates":[129.1626626,35.1670542]}},{"type":"Feature","properties":{"name":"건널목삼거리","highway":"bus_stop","osmType":"node","osmId":"5049808288","districtCode":"26350","districtName":"해운대구"},"geometry":{"type":"Point","coordinates":[129.1625178,35.1669031]}},{"type":"Feature","properties":{"name":"철길앞","highway":"bus_stop","osmType":"node","osmId":"5049808289","districtCode":"26350","districtName":"해운대구"},"geometry":{"type":"Point","coordinates":[129.1626842,35.166747]}},{"type":"Feature","properties":{"name":"철길앞","highway":"bus_stop","osmType":"node","osmId":"5049808290","districtCode":"26350","districtName":"해운대구"},"geometry":{"type":"Point","coordinates":[129.1627797,35.1664724]}},{"type":"Feature","properties":{"name":"스펀지","highway":"bus_stop","osmType":"node","osmId":"5049808291","districtCode":"26350","districtName":"해운대구"},"geometry":{"type":"Point","coordinates":[129.162145,35.1653743]}},{"type":"Feature","properties":{"name":"부산소방본부 교통정보서비스센터","highway":"bus_stop","osmType":"node","osmId":"5049846645","districtCode":"26470","districtName":"연제구"},"geometry":{"type":"Point","coordinates":[129.1070178,35.1841729]}},{"type":"Feature","properties":{"name":"부산소방본부 교통정보서비스","highway":"bus_stop","osmType":"node","osmId":"5049846646","districtCode":"26470","districtName":"연제구"},"geometry":{"type":"Point","coordinates":[129.1060951,35.1846683]}},{"type":"Feature","properties":{"name":"엘지아파트","highway":"bus_stop","osmType":"node","osmId":"5049846647","districtCode":"26470","districtName":"연제구"},"geometry":{"type":"Point","coordinates":[129.103547,35.1855715]}},{"type":"Feature","properties":{"name":"엘지아파트","highway":"bus_stop","osmType":"node","osmId":"5049846648","districtCode":"26470","districtName":"연제구"},"geometry":{"type":"Point","coordinates":[129.1045126,35.1851506]}},{"type":"Feature","properties":{"name":"경상대학정문","highway":"bus_stop","osmType":"node","osmId":"5049846649","districtCode":"26470","districtName":"연제구"},"geometry":{"type":"Point","coordinates":[129.1005788,35.1856958]}},{"type":"Feature","properties":{"name":"경상대학정문","highway":"bus_stop","osmType":"node","osmId":"5049846650","districtCode":"26470","districtName":"연제구"},"geometry":{"type":"Point","coordinates":[129.1007719,35.1855927]}},{"type":"Feature","properties":{"name":"경상대학후문","highway":"bus_stop","osmType":"node","osmId":"5049846651","districtCode":"26470","districtName":"연제구"},"geometry":{"type":"Point","coordinates":[129.0977076,35.1857285]}},{"type":"Feature","properties":{"name":"경상대학후문","highway":"bus_stop","osmType":"node","osmId":"5049846652","districtCode":"26470","districtName":"연제구"},"geometry":{"type":"Point","coordinates":[129.0977536,35.1855231]}},{"type":"Feature","properties":{"name":"현대아파트","highway":"bus_stop","osmType":"node","osmId":"5049846653","districtCode":"26470","districtName":"연제구"},"geometry":{"type":"Point","coordinates":[129.0941931,35.1859425]}},{"type":"Feature","properties":{"name":"현대아파트","highway":"bus_stop","osmType":"node","osmId":"5049846654","districtCode":"26470","districtName":"연제구"},"geometry":{"type":"Point","coordinates":[129.0942427,35.1858037]}},{"type":"Feature","properties":{"name":"연산중학교","highway":"bus_stop","osmType":"node","osmId":"5049846655","districtCode":"26470","districtName":"연제구"},"geometry":{"type":"Point","coordinates":[129.0888666,35.1856909]}},{"type":"Feature","properties":{"name":"연산중학교","highway":"bus_stop","osmType":"node","osmId":"5049846656","districtCode":"26470","districtName":"연제구"},"geometry":{"type":"Point","coordinates":[129.0881376,35.1855694]}},{"type":"Feature","properties":{"name":"JC홈마트","highway":"bus_stop","osmType":"node","osmId":"5049846657","districtCode":"26470","districtName":"연제구"},"geometry":{"type":"Point","coordinates":[129.0863975,35.1857343]}},{"type":"Feature","properties":{"name":"드림텔","highway":"bus_stop","osmType":"node","osmId":"5049846658","districtCode":"26470","districtName":"연제구"},"geometry":{"type":"Point","coordinates":[129.0861568,35.1856157]}},{"type":"Feature","properties":{"name":"연일시장","highway":"bus_stop","osmType":"node","osmId":"5049846659","districtCode":"26470","districtName":"연제구"},"geometry":{"type":"Point","coordinates":[129.08518,35.1857863]}},{"type":"Feature","properties":{"name":"연일시장","highway":"bus_stop","osmType":"node","osmId":"5049846660","districtCode":"26470","districtName":"연제구"},"geometry":{"type":"Point","coordinates":[129.0854596,35.1856186]}},{"type":"Feature","properties":{"name":"연일시장","highway":"bus_stop","osmType":"node","osmId":"5049846661","districtCode":"26470","districtName":"연제구"},"geometry":{"type":"Point","coordinates":[129.0849853,35.1857921]}},{"type":"Feature","properties":{"name":"연일시장","highway":"bus_stop","osmType":"node","osmId":"5049846662","districtCode":"26470","districtName":"연제구"},"geometry":{"type":"Point","coordinates":[129.0848261,35.1856504]}},{"type":"Feature","properties":{"name":"연산교차로","highway":"bus_stop","osmType":"node","osmId":"5049846663","districtCode":"26470","districtName":"연제구"},"geometry":{"type":"Point","coordinates":[129.0835201,35.1857458]}},{"type":"Feature","properties":{"name":"연산역","highway":"bus_stop","osmType":"node","osmId":"5049846664","districtCode":"26470","districtName":"연제구"},"geometry":{"type":"Point","coordinates":[129.0831556,35.1859049]}},{"type":"Feature","properties":{"name":"연산교차로","highway":"bus_stop","osmType":"node","osmId":"5049846665","districtCode":"26470","districtName":"연제구"},"geometry":{"type":"Point","coordinates":[129.0829892,35.1859541]}},{"type":"Feature","properties":{"name":"연산역","highway":"bus_stop","osmType":"node","osmId":"5049846666","districtCode":"26470","districtName":"연제구"},"geometry":{"type":"Point","coordinates":[129.0825645,35.1858586]}},{"type":"Feature","properties":{"name":"연산역.연산교차로","highway":"bus_stop","osmType":"node","osmId":"5049846667","districtCode":"26470","districtName":"연제구"},"geometry":{"type":"Point","coordinates":[129.081341,35.1873807]}},{"type":"Feature","properties":{"name":"연산역.연산교차로","highway":"bus_stop","osmType":"node","osmId":"5049846668","districtCode":"26470","districtName":"연제구"},"geometry":{"type":"Point","coordinates":[129.0811501,35.1878029]}},{"type":"Feature","properties":{"name":"연제자동차매매단지","highway":"bus_stop","osmType":"node","osmId":"5049846672","districtCode":"26470","districtName":"연제구"},"geometry":{"type":"Point","coordinates":[129.0776769,35.1884619]}},{"type":"Feature","properties":{"name":"교대역","highway":"bus_stop","osmType":"node","osmId":"5049846673","districtCode":"26470","districtName":"연제구"},"geometry":{"type":"Point","coordinates":[129.0801366,35.1946862]}},{"type":"Feature","properties":{"name":"교대역","highway":"bus_stop","osmType":"node","osmId":"5049846674","districtCode":"26470","districtName":"연제구"},"geometry":{"type":"Point","coordinates":[129.0799388,35.1961279]}},{"type":"Feature","properties":{"name":"동해선교대역","highway":"bus_stop","osmType":"node","osmId":"5049846675","districtCode":"26470","districtName":"연제구"},"geometry":{"type":"Point","coordinates":[129.0796813,35.1938911]}},{"type":"Feature","properties":{"name":"부전교회","highway":"bus_stop","osmType":"node","osmId":"5049846677","districtCode":"26260","districtName":"동래구"},"geometry":{"type":"Point","coordinates":[129.077868,35.2005283]}},{"type":"Feature","properties":{"name":"부전교회","highway":"bus_stop","osmType":"node","osmId":"5049846678","districtCode":"26260","districtName":"동래구"},"geometry":{"type":"Point","coordinates":[129.0777689,35.1998747]}},{"type":"Feature","properties":{"name":"내성중학교","name:en":"Naesung Middle School","highway":"bus_stop","osmType":"node","osmId":"5049846679","districtCode":"26260","districtName":"동래구"},"geometry":{"type":"Point","coordinates":[129.0777866,35.20281]}},{"type":"Feature","properties":{"name":"다이소동래역점","highway":"bus_stop","osmType":"node","osmId":"5049846680","districtCode":"26260","districtName":"동래구"},"geometry":{"type":"Point","coordinates":[129.0774167,35.2026238]}},{"type":"Feature","properties":{"name":"내성중학교","highway":"bus_stop","osmType":"node","osmId":"5049846681","districtCode":"26260","districtName":"동래구"},"geometry":{"type":"Point","coordinates":[129.0777902,35.2038722]}},{"type":"Feature","properties":{"name":"동래역","highway":"bus_stop","osmType":"node","osmId":"5049846682","districtCode":"26260","districtName":"동래구"},"geometry":{"type":"Point","coordinates":[129.0783584,35.2036644]}},{"type":"Feature","properties":{"name":"동래역1번출구","highway":"bus_stop","osmType":"node","osmId":"5049846683","districtCode":"26260","districtName":"동래구"},"geometry":{"type":"Point","coordinates":[129.0781827,35.2057123]}},{"type":"Feature","properties":{"name":"동래역","highway":"bus_stop","osmType":"node","osmId":"5049846684","districtCode":"26260","districtName":"동래구"},"geometry":{"type":"Point","coordinates":[129.0781889,35.2061617]}},{"type":"Feature","properties":{"name":"동래역","highway":"bus_stop","osmType":"node","osmId":"5049846685","districtCode":"26260","districtName":"동래구"},"geometry":{"type":"Point","coordinates":[129.0781704,35.2064109]}},{"type":"Feature","properties":{"name":"동래역","highway":"bus_stop","osmType":"node","osmId":"5049846686","districtCode":"26260","districtName":"동래구"},"geometry":{"type":"Point","coordinates":[129.0929897,35.2057123]}},{"type":"Feature","properties":{"name":"동래역2번출구","highway":"bus_stop","osmType":"node","osmId":"5049846687","districtCode":"26260","districtName":"동래구"},"geometry":{"type":"Point","coordinates":[129.0787805,35.2054417]}},{"type":"Feature","properties":{"name":"동래역4번출구","highway":"bus_stop","osmType":"node","osmId":"5049846688","districtCode":"26260","districtName":"동래구"},"geometry":{"type":"Point","coordinates":[129.0787681,35.2062951]}},{"type":"Feature","properties":{"name":"동래역4번출구","highway":"bus_stop","osmType":"node","osmId":"5049846689","districtCode":"26260","districtName":"동래구"},"geometry":{"type":"Point","coordinates":[129.0788914,35.2057891]}},{"type":"Feature","properties":{"name":"럭키주유소","highway":"bus_stop","osmType":"node","osmId":"5049846690","districtCode":"26260","districtName":"동래구"},"geometry":{"type":"Point","coordinates":[129.0776678,35.2092008]}},{"type":"Feature","properties":{"name":"롯데백화점동래점","highway":"bus_stop","osmType":"node","osmId":"5049846691","districtCode":"26260","districtName":"동래구"},"geometry":{"type":"Point","coordinates":[129.0778633,35.2102947]}},{"type":"Feature","properties":{"name":"롯데백화점동래점남문","highway":"bus_stop","osmType":"node","osmId":"5049846692","districtCode":"26260","districtName":"동래구"},"geometry":{"type":"Point","coordinates":[129.0776339,35.210766]}},{"type":"Feature","properties":{"name":"롯데백화점동래점","highway":"bus_stop","osmType":"node","osmId":"5049846693","districtCode":"26260","districtName":"동래구"},"geometry":{"type":"Point","coordinates":[129.0779474,35.2124695]}},{"type":"Feature","properties":{"name":"롯데백화점동래점(명륜역)","highway":"bus_stop","osmType":"node","osmId":"5049846694","districtCode":"26260","districtName":"동래구"},"geometry":{"type":"Point","coordinates":[129.0780418,35.2127272]}},{"type":"Feature","properties":{"name":"명륜역","highway":"bus_stop","osmType":"node","osmId":"5049846695","districtCode":"26260","districtName":"동래구"},"geometry":{"type":"Point","coordinates":[129.07882,35.2127526]}},{"type":"Feature","properties":{"name":"롯데백화점동래점(명륜역","highway":"bus_stop","osmType":"node","osmId":"5049846696","districtCode":"26260","districtName":"동래구"},"geometry":{"type":"Point","coordinates":[129.0791167,35.2133014]}},{"type":"Feature","properties":{"name":"명륜동역","highway":"bus_stop","osmType":"node","osmId":"5049846697","districtCode":"26260","districtName":"동래구"},"geometry":{"type":"Point","coordinates":[129.0797173,35.2134844]}},{"type":"Feature","properties":{"name":"명륜동역","highway":"bus_stop","osmType":"node","osmId":"5049846698","districtCode":"26260","districtName":"동래구"},"geometry":{"type":"Point","coordinates":[129.0795585,35.2129503]}},{"type":"Feature","properties":{"name":"명륜역","highway":"bus_stop","osmType":"node","osmId":"5049846699","districtCode":"26260","districtName":"동래구"},"geometry":{"type":"Point","coordinates":[129.0793469,35.2126597]}},{"type":"Feature","properties":{"name":"신화아파트","highway":"bus_stop","osmType":"node","osmId":"5049846700","districtCode":"26260","districtName":"동래구"},"geometry":{"type":"Point","coordinates":[129.0791203,35.2141186]}},{"type":"Feature","properties":{"name":"구 온천시장/구)서울약국","highway":"bus_stop","osmType":"node","osmId":"5049846702","districtCode":"26260","districtName":"동래구"},"geometry":{"type":"Point","coordinates":[129.0793893,35.2163191]}},{"type":"Feature","properties":{"name":"온천시장(목욕타운)","highway":"bus_stop","osmType":"node","osmId":"5049846703","districtCode":"26260","districtName":"동래구"},"geometry":{"type":"Point","coordinates":[129.083351,35.2232332]}},{"type":"Feature","properties":{"name":"식물원입구","highway":"bus_stop","osmType":"node","osmId":"5049846704","districtCode":"26410","districtName":"금정구"},"geometry":{"type":"Point","coordinates":[129.0821461,35.2243395]}},{"type":"Feature","properties":{"name":"경보아파트교차로/식물원입구","highway":"bus_stop","osmType":"node","osmId":"5049846705","districtCode":"26260","districtName":"동래구"},"geometry":{"type":"Point","coordinates":[129.081999,35.2242556]}},{"type":"Feature","properties":{"name":"식물원입구","highway":"bus_stop","osmType":"node","osmId":"5049846706","districtCode":"26260","districtName":"동래구"},"geometry":{"type":"Point","coordinates":[129.0817632,35.2238569]}},{"type":"Feature","properties":{"name":"식물원입구","highway":"bus_stop","osmType":"node","osmId":"5049846707","districtCode":"26260","districtName":"동래구"},"geometry":{"type":"Point","coordinates":[129.0816978,35.2240419]}},{"type":"Feature","properties":{"name":"경보아파트","highway":"bus_stop","osmType":"node","osmId":"5049846708","districtCode":"26410","districtName":"금정구"},"geometry":{"type":"Point","coordinates":[129.0816908,35.2254458]}},{"type":"Feature","properties":{"name":"장전SK뷰아파트104동","highway":"bus_stop","osmType":"node","osmId":"5049846709","districtCode":"26410","districtName":"금정구"},"geometry":{"type":"Point","coordinates":[129.0810547,35.2257459]}},{"type":"Feature","properties":{"name":"금정초등학교","highway":"bus_stop","osmType":"node","osmId":"5049846710","districtCode":"26410","districtName":"금정구"},"geometry":{"type":"Point","coordinates":[129.0826835,35.2266885]}},{"type":"Feature","properties":{"name":"금정초등학교","highway":"bus_stop","osmType":"node","osmId":"5049846711","districtCode":"26410","districtName":"금정구"},"geometry":{"type":"Point","coordinates":[129.0831142,35.2270391]}},{"type":"Feature","properties":{"name":"온천장아스타아파트","highway":"bus_stop","osmType":"node","osmId":"5052701161","districtCode":"26260","districtName":"동래구"},"geometry":{"type":"Point","coordinates":[129.0832186,35.2168738]}},{"type":"Feature","properties":{"name":"연산역","highway":"bus_stop","osmType":"node","osmId":"5052711158","districtCode":"26470","districtName":"연제구"},"geometry":{"type":"Point","coordinates":[129.0798795,35.1865444]}},{"type":"Feature","properties":{"name":"좌동재래시장입구","highway":"bus_stop","osmType":"node","osmId":"5052782194","districtCode":"26350","districtName":"해운대구"},"geometry":{"type":"Point","coordinates":[129.175099,35.1725404]}},{"type":"Feature","properties":{"name":"좌동재래시장입구","highway":"bus_stop","osmType":"node","osmId":"5052782195","districtCode":"26350","districtName":"해운대구"},"geometry":{"type":"Point","coordinates":[129.175475,35.1724755]}},{"type":"Feature","properties":{"name":"해운대우체국","highway":"bus_stop","osmType":"node","osmId":"5052782196","districtCode":"26350","districtName":"해운대구"},"geometry":{"type":"Point","coordinates":[129.1747707,35.1707916]}},{"type":"Feature","properties":{"name":"장산역 해운대우체국","highway":"bus_stop","osmType":"node","osmId":"5052782197","districtCode":"26350","districtName":"해운대구"},"geometry":{"type":"Point","coordinates":[129.1750408,35.1708306]}},{"type":"Feature","properties":{"name":"장산역","highway":"bus_stop","osmType":"node","osmId":"5052782198","districtCode":"26350","districtName":"해운대구"},"geometry":{"type":"Point","coordinates":[129.1761369,35.1687571]}},{"type":"Feature","properties":{"name":"장산역 웅신시네아트","highway":"bus_stop","osmType":"node","osmId":"5052782199","districtCode":"26350","districtName":"해운대구"},"geometry":{"type":"Point","coordinates":[129.1763169,35.1689173]}},{"type":"Feature","properties":{"name":"영화의전당","highway":"bus_stop","osmType":"node","osmId":"5052782200","districtCode":"26350","districtName":"해운대구"},"geometry":{"type":"Point","coordinates":[129.1278183,35.1702867]}},{"type":"Feature","properties":{"name":"벡스코제2전시장","highway":"bus_stop","osmType":"node","osmId":"5052782201","districtCode":"26350","districtName":"해운대구"},"geometry":{"type":"Point","coordinates":[129.1348684,35.1668308]}},{"type":"Feature","properties":{"name":"부산대청중학교","highway":"bus_stop","osmType":"node","osmId":"5052786619","districtCode":"26710","districtName":"기장군"},"geometry":{"type":"Point","coordinates":[129.2129941,35.2339222]}},{"type":"Feature","properties":{"name":"부산대청중학교","highway":"bus_stop","osmType":"node","osmId":"5052786620","districtCode":"26710","districtName":"기장군"},"geometry":{"type":"Point","coordinates":[129.2131347,35.2339388]}},{"type":"Feature","properties":{"name":"기장종합사회복지관","highway":"bus_stop","osmType":"node","osmId":"5052789921","districtCode":"26710","districtName":"기장군"},"geometry":{"type":"Point","coordinates":[129.2131012,35.235868]}},{"type":"Feature","properties":{"name":"기장종합사회복지관","highway":"bus_stop","osmType":"node","osmId":"5052789922","districtCode":"26710","districtName":"기장군"},"geometry":{"type":"Point","coordinates":[129.2132899,35.2362161]}},{"type":"Feature","properties":{"name":"기장읍사무소","highway":"bus_stop","osmType":"node","osmId":"5052789923","districtCode":"26710","districtName":"기장군"},"geometry":{"type":"Point","coordinates":[129.2146594,35.2378997]}},{"type":"Feature","properties":{"name":"기장읍사무소","highway":"bus_stop","osmType":"node","osmId":"5052789924","districtCode":"26710","districtName":"기장군"},"geometry":{"type":"Point","coordinates":[129.2149459,35.2377399]}},{"type":"Feature","properties":{"name":"청강사거리","highway":"bus_stop","osmType":"node","osmId":"5052789925","districtCode":"26710","districtName":"기장군"},"geometry":{"type":"Point","coordinates":[129.2174683,35.2364216]}},{"type":"Feature","properties":{"name":"청강사거리","highway":"bus_stop","osmType":"node","osmId":"5052789926","districtCode":"26710","districtName":"기장군"},"geometry":{"type":"Point","coordinates":[129.2173845,35.2362675]}},{"type":"Feature","properties":{"name":"대라리사거리","highway":"bus_stop","osmType":"node","osmId":"5052789927","districtCode":"26710","districtName":"기장군"},"geometry":{"type":"Point","coordinates":[129.2134436,35.2387615]}},{"type":"Feature","properties":{"name":"대라리사거리","highway":"bus_stop","osmType":"node","osmId":"5052789928","districtCode":"26710","districtName":"기장군"},"geometry":{"type":"Point","coordinates":[129.21322,35.2385846]}},{"type":"Feature","properties":{"name":"대진로얄타운","highway":"bus_stop","osmType":"node","osmId":"5052789929","districtCode":"26710","districtName":"기장군"},"geometry":{"type":"Point","coordinates":[129.2138665,35.2470368]}},{"type":"Feature","properties":{"name":"대진로얄타운","highway":"bus_stop","osmType":"node","osmId":"5052789930","districtCode":"26710","districtName":"기장군"},"geometry":{"type":"Point","coordinates":[129.2136706,35.2470239]}},{"type":"Feature","properties":{"name":"한신아파트","highway":"bus_stop","osmType":"node","osmId":"5052789931","districtCode":"26710","districtName":"기장군"},"geometry":{"type":"Point","coordinates":[129.2137712,35.2495927]}},{"type":"Feature","properties":{"name":"한신아파트","highway":"bus_stop","osmType":"node","osmId":"5052789932","districtCode":"26710","districtName":"기장군"},"geometry":{"type":"Point","coordinates":[129.2139301,35.2497008]}},{"type":"Feature","properties":{"name":"기장교리아파트","highway":"bus_stop","osmType":"node","osmId":"5052789933","districtCode":"26710","districtName":"기장군"},"geometry":{"type":"Point","coordinates":[129.2139354,35.25265]}},{"type":"Feature","properties":{"name":"기장교리아파트","highway":"bus_stop","osmType":"node","osmId":"5052789934","districtCode":"26710","districtName":"기장군"},"geometry":{"type":"Point","coordinates":[129.2141843,35.2528749]}},{"type":"Feature","properties":{"name":"교리초등학교","highway":"bus_stop","osmType":"node","osmId":"5052789935","districtCode":"26710","districtName":"기장군"},"geometry":{"type":"Point","coordinates":[129.2154446,35.2541332]}},{"type":"Feature","properties":{"name":"교리초등학교","highway":"bus_stop","osmType":"node","osmId":"5052789936","districtCode":"26710","districtName":"기장군"},"geometry":{"type":"Point","coordinates":[129.2153916,35.253943]}},{"type":"Feature","properties":{"name":"교리입구","highway":"bus_stop","osmType":"node","osmId":"5052789937","districtCode":"26710","districtName":"기장군"},"geometry":{"type":"Point","coordinates":[129.2164332,35.2510173]}},{"type":"Feature","properties":{"name":"교리입구","highway":"bus_stop","osmType":"node","osmId":"5052789938","districtCode":"26710","districtName":"기장군"},"geometry":{"type":"Point","coordinates":[129.217304,35.2511385]}},{"type":"Feature","properties":{"name":"교리입구","highway":"bus_stop","osmType":"node","osmId":"5052789939","districtCode":"26710","districtName":"기장군"},"geometry":{"type":"Point","coordinates":[129.2181588,35.251073]}},{"type":"Feature","properties":{"name":"기장체육관","highway":"bus_stop","osmType":"node","osmId":"5052789940","districtCode":"26710","districtName":"기장군"},"geometry":{"type":"Point","coordinates":[129.2207513,35.2517383]}},{"type":"Feature","properties":{"name":"기장체육관","highway":"bus_stop","osmType":"node","osmId":"5052789941","districtCode":"26710","districtName":"기장군"},"geometry":{"type":"Point","coordinates":[129.2221722,35.2527473]}},{"type":"Feature","properties":{"name":"기장체육관","highway":"bus_stop","osmType":"node","osmId":"5052789943","districtCode":"26710","districtName":"기장군"},"geometry":{"type":"Point","coordinates":[129.2206125,35.2499942]}},{"type":"Feature","properties":{"name":"기장체육관","highway":"bus_stop","osmType":"node","osmId":"5052789944","districtCode":"26710","districtName":"기장군"},"geometry":{"type":"Point","coordinates":[129.2209319,35.2498604]}},{"type":"Feature","properties":{"name":"기장군청","highway":"bus_stop","osmType":"node","osmId":"5052789945","districtCode":"26710","districtName":"기장군"},"geometry":{"type":"Point","coordinates":[129.2207473,35.2448393]}},{"type":"Feature","properties":{"name":"기장군청","highway":"bus_stop","osmType":"node","osmId":"5052789946","districtCode":"26710","districtName":"기장군"},"geometry":{"type":"Point","coordinates":[129.2210443,35.2448164]}},{"type":"Feature","properties":{"name":"죽성사거리","highway":"bus_stop","osmType":"node","osmId":"5052789947","districtCode":"26710","districtName":"기장군"},"geometry":{"type":"Point","coordinates":[129.2206269,35.2424172]}},{"type":"Feature","properties":{"name":"죽성사거리","highway":"bus_stop","osmType":"node","osmId":"5052789948","districtCode":"26710","districtName":"기장군"},"geometry":{"type":"Point","coordinates":[129.2201855,35.2414077]}},{"type":"Feature","properties":{"name":"죽성사거리","highway":"bus_stop","osmType":"node","osmId":"5052789949","districtCode":"26710","districtName":"기장군"},"geometry":{"type":"Point","coordinates":[129.220655,35.2418108]}},{"type":"Feature","properties":{"name":"죽성사거리","highway":"bus_stop","osmType":"node","osmId":"5052789950","districtCode":"26710","districtName":"기장군"},"geometry":{"type":"Point","coordinates":[129.2207192,35.2416568]}},{"type":"Feature","properties":{"name":"기장군청","highway":"bus_stop","osmType":"node","osmId":"5052789951","districtCode":"26710","districtName":"기장군"},"geometry":{"type":"Point","coordinates":[129.222834,35.2433168]}},{"type":"Feature","properties":{"name":"기장군청","highway":"bus_stop","osmType":"node","osmId":"5052789952","districtCode":"26710","districtName":"기장군"},"geometry":{"type":"Point","coordinates":[129.2228045,35.243226]}},{"type":"Feature","properties":{"name":"동해선기장역.기장중학교(기장성당 방면)","highway":"bus_stop","osmType":"node","osmId":"5055539757","districtCode":"26710","districtName":"기장군"},"geometry":{"type":"Point","coordinates":[129.2165757,35.2436656]}},{"type":"Feature","properties":{"name":"동해선기장역.기장중학교(기장지구대 방면)","highway":"bus_stop","wheelchair":"yes","osmType":"node","osmId":"5055539758","districtCode":"26710","districtName":"기장군"},"geometry":{"type":"Point","coordinates":[129.2167314,35.2439462]}},{"type":"Feature","properties":{"name":"기장성당","highway":"bus_stop","osmType":"node","osmId":"5055539759","districtCode":"26710","districtName":"기장군"},"geometry":{"type":"Point","coordinates":[129.2178874,35.2412656]}},{"type":"Feature","properties":{"name":"기장성당","highway":"bus_stop","osmType":"node","osmId":"5055539760","districtCode":"26710","districtName":"기장군"},"geometry":{"type":"Point","coordinates":[129.218117,35.2412542]}},{"type":"Feature","properties":{"name:en":"Songjeong Beach","highway":"bus_stop","osmType":"node","osmId":"5065697827","districtCode":"26350","districtName":"해운대구"},"geometry":{"type":"Point","coordinates":[129.2044797,35.1821454]}},{"type":"Feature","properties":{"name":"롯데백화점동래점","highway":"bus_stop","osmType":"node","osmId":"5068336778","districtCode":"26260","districtName":"동래구"},"geometry":{"type":"Point","coordinates":[129.0770869,35.2136349]}},{"type":"Feature","properties":{"name":"전자공고","highway":"bus_stop","osmType":"node","osmId":"5068336779","districtCode":"26260","districtName":"동래구"},"geometry":{"type":"Point","coordinates":[129.0774772,35.2151528]}},{"type":"Feature","properties":{"name":"부산전자공업고등학교","highway":"bus_stop","osmType":"node","osmId":"5068336780","districtCode":"26260","districtName":"동래구"},"geometry":{"type":"Point","coordinates":[129.0773715,35.2150133]}},{"type":"Feature","properties":{"name":"온천프라자","highway":"bus_stop","osmType":"node","osmId":"5068336781","districtCode":"26260","districtName":"동래구"},"geometry":{"type":"Point","coordinates":[129.0774406,35.2153488]}},{"type":"Feature","properties":{"name":"금강원입구","highway":"bus_stop","osmType":"node","osmId":"5068336782","districtCode":"26260","districtName":"동래구"},"geometry":{"type":"Point","coordinates":[129.079079,35.2179561]}},{"type":"Feature","properties":{"name":"금강공원입구","highway":"bus_stop","osmType":"node","osmId":"5068336783","districtCode":"26260","districtName":"동래구"},"geometry":{"type":"Point","coordinates":[129.0792457,35.2182384]}},{"type":"Feature","properties":{"name":"구)온천극장","highway":"bus_stop","osmType":"node","osmId":"5068336784","districtCode":"26260","districtName":"동래구"},"geometry":{"type":"Point","coordinates":[129.0817582,35.2191651]}},{"type":"Feature","properties":{"name":"온천장","highway":"bus_stop","osmType":"node","osmId":"5068336785","districtCode":"26260","districtName":"동래구"},"geometry":{"type":"Point","coordinates":[129.0818476,35.2191219]}},{"type":"Feature","properties":{"name":"온천장","highway":"bus_stop","osmType":"node","osmId":"5068336786","districtCode":"26260","districtName":"동래구"},"geometry":{"type":"Point","coordinates":[129.0798149,35.2192248]}},{"type":"Feature","properties":{"name":"금강원입구","highway":"bus_stop","osmType":"node","osmId":"5068336787","districtCode":"26260","districtName":"동래구"},"geometry":{"type":"Point","coordinates":[129.0804572,35.220198]}},{"type":"Feature","properties":{"name":"온천시장","highway":"bus_stop","osmType":"node","osmId":"5068336788","districtCode":"26260","districtName":"동래구"},"geometry":{"type":"Point","coordinates":[129.0808948,35.221485]}},{"type":"Feature","properties":{"name":"온천시장","highway":"bus_stop","osmType":"node","osmId":"5068336789","districtCode":"26260","districtName":"동래구"},"geometry":{"type":"Point","coordinates":[129.0810476,35.2222124]}},{"type":"Feature","properties":{"name":"구포부민병원","highway":"bus_stop","osmType":"node","osmId":"5068412680","districtCode":"26320","districtName":"북구"},"geometry":{"type":"Point","coordinates":[128.9908815,35.1981518]}},{"type":"Feature","properties":{"name":"북구청","highway":"bus_stop","osmType":"node","osmId":"5068412681","districtCode":"26320","districtName":"북구"},"geometry":{"type":"Point","coordinates":[128.9901538,35.1968529]}},{"type":"Feature","properties":{"name":"북부자동차학원","highway":"bus_stop","osmType":"node","osmId":"5068412682","districtCode":"26320","districtName":"북구"},"geometry":{"type":"Point","coordinates":[128.9903408,35.1948363]}},{"type":"Feature","properties":{"name":"북부자동차학원","highway":"bus_stop","osmType":"node","osmId":"5068412683","districtCode":"26530","districtName":"사상구"},"geometry":{"type":"Point","coordinates":[128.9903449,35.1941618]}},{"type":"Feature","properties":{"name":"모라주공1단지/우신모라아파트","highway":"bus_stop","osmType":"node","osmId":"5068412699","districtCode":"26530","districtName":"사상구"},"geometry":{"type":"Point","coordinates":[128.9933208,35.1848023]}},{"type":"Feature","properties":{"name":"모라주공1단지/우신모라아파트","highway":"bus_stop","osmType":"node","osmId":"5068412700","districtCode":"26530","districtName":"사상구"},"geometry":{"type":"Point","coordinates":[128.9934306,35.1845]}},{"type":"Feature","properties":{"name:en":"Songdo Elementary School","highway":"bus_stop","osmType":"node","osmId":"5091188829","districtCode":"26140","districtName":"서구"},"geometry":{"type":"Point","coordinates":[129.0164187,35.0782355]}},{"type":"Feature","properties":{"name":"서면","highway":"bus_stop","osmType":"node","osmId":"5104459783","districtCode":"26230","districtName":"부산진구"},"geometry":{"type":"Point","coordinates":[129.0608849,35.1534103]}},{"type":"Feature","properties":{"name":"코오롱아파트","name:en":"Kolon Apt.","highway":"bus_stop","osmType":"node","osmId":"5104691122","districtCode":"26350","districtName":"해운대구"},"geometry":{"type":"Point","coordinates":[129.1695213,35.1704093]}},{"type":"Feature","properties":{"name":"안락동우체국(동해선안락역)","highway":"bus_stop","osmType":"node","osmId":"5265268147","districtCode":"26260","districtName":"동래구"},"geometry":{"type":"Point","coordinates":[129.1013594,35.1969755]}},{"type":"Feature","properties":{"name":"동해선 일광역 입구","name:en":"Ilgwang Station","highway":"bus_stop","operator":"부산교통공사","osmType":"node","osmId":"5275191639","districtCode":"26710","districtName":"기장군"},"geometry":{"type":"Point","coordinates":[129.2336058,35.2668194]}},{"type":"Feature","properties":{"highway":"bus_stop","network":"44","osmType":"node","osmId":"5307678988","districtCode":"26230","districtName":"부산진구"},"geometry":{"type":"Point","coordinates":[129.0505665,35.1662268]}},{"type":"Feature","properties":{"highway":"bus_stop","network":"44","osmType":"node","osmId":"5307678989","districtCode":"26230","districtName":"부산진구"},"geometry":{"type":"Point","coordinates":[129.0503813,35.163613]}},{"type":"Feature","properties":{"name":"하단역환승센터","highway":"bus_stop","osmType":"node","osmId":"5436679405","districtCode":"26380","districtName":"사하구"},"geometry":{"type":"Point","coordinates":[128.9653612,35.1061711]}},{"type":"Feature","properties":{"name":"한국산업인력공단 남부지사","highway":"bus_stop","osmType":"node","osmId":"5472826949","districtCode":"26290","districtName":"남구"},"geometry":{"type":"Point","coordinates":[129.101434,35.1264648]}},{"type":"Feature","properties":{"name":"한국산업인력공단 남부지사","highway":"bus_stop","network":"10,155,586","osmType":"node","osmId":"5472826950","districtCode":"26290","districtName":"남구"},"geometry":{"type":"Point","coordinates":[129.1010562,35.1265798]}},{"type":"Feature","properties":{"name":"낙민한신아파트","highway":"bus_stop","operator":"정성헌","osmType":"node","osmId":"5534899221","districtCode":"26260","districtName":"동래구"},"geometry":{"type":"Point","coordinates":[129.0978046,35.194162]}},{"type":"Feature","properties":{"name":"북구보건소","highway":"bus_stop","osmType":"node","osmId":"5555459582","districtCode":"26320","districtName":"북구"},"geometry":{"type":"Point","coordinates":[129.0150741,35.2391113]}},{"type":"Feature","properties":{"highway":"bus_stop","osmType":"node","osmId":"5583500922","districtCode":"26140","districtName":"서구"},"geometry":{"type":"Point","coordinates":[129.0103509,35.0671699]}},{"type":"Feature","properties":{"name":"수협장산지점","highway":"bus_stop","osmType":"node","osmId":"5807754919","districtCode":"26350","districtName":"해운대구"},"geometry":{"type":"Point","coordinates":[129.1312401,35.1979987]}},{"type":"Feature","properties":{"name":"수협장산지점","highway":"bus_stop","osmType":"node","osmId":"5807754920","districtCode":"26350","districtName":"해운대구"},"geometry":{"type":"Point","coordinates":[129.1311017,35.198039]}},{"type":"Feature","properties":{"highway":"bus_stop","osmType":"node","osmId":"5831244885","districtCode":"26110","districtName":"중구"},"geometry":{"type":"Point","coordinates":[129.0359403,35.096994]}},{"type":"Feature","properties":{"name":"암남동주민센터","highway":"bus_stop","osmType":"node","osmId":"5831333689","districtCode":"26140","districtName":"서구"},"geometry":{"type":"Point","coordinates":[129.0213535,35.0798151]}},{"type":"Feature","properties":{"name":"구남역","highway":"bus_stop","osmType":"node","osmId":"5835485109","districtCode":"26320","districtName":"북구"},"geometry":{"type":"Point","coordinates":[128.9951098,35.1968763]}},{"type":"Feature","properties":{"name":"구남역","highway":"bus_stop","osmType":"node","osmId":"5835485110","districtCode":"26320","districtName":"북구"},"geometry":{"type":"Point","coordinates":[128.994881,35.1969507]}},{"type":"Feature","properties":{"name":"송정해수욕장입구","highway":"bus_stop","osmType":"node","osmId":"5900487285","districtCode":"26350","districtName":"해운대구"},"geometry":{"type":"Point","coordinates":[129.201309,35.1845971]}},{"type":"Feature","properties":{"name":"택시 승강장","name:en":"TAXI Stop","highway":"bus_stop","osmType":"node","osmId":"5903434187","districtCode":"26350","districtName":"해운대구"},"geometry":{"type":"Point","coordinates":[129.1583931,35.1635223]}},{"type":"Feature","properties":{"name:en":"Hanshin munhwa town","highway":"bus_stop","osmType":"node","osmId":"5936447086","districtCode":"26290","districtName":"남구"},"geometry":{"type":"Point","coordinates":[129.0970887,35.1235345]}},{"type":"Feature","properties":{"highway":"bus_stop","osmType":"node","osmId":"6016930186","districtCode":"26290","districtName":"남구"},"geometry":{"type":"Point","coordinates":[129.1125702,35.1237173]}},{"type":"Feature","properties":{"name":"국립해양박물관","highway":"bus_stop","osmType":"node","osmId":"6145335392","districtCode":"26200","districtName":"영도구"},"geometry":{"type":"Point","coordinates":[129.0789824,35.0781866]}},{"type":"Feature","properties":{"highway":"bus_stop","osmType":"node","osmId":"6202677924","districtCode":"26260","districtName":"동래구"},"geometry":{"type":"Point","coordinates":[129.0911664,35.1964987]}},{"type":"Feature","properties":{"name":"기비골아파트 104동","highway":"bus_stop","osmType":"node","osmId":"6237318179","districtCode":"26320","districtName":"북구"},"geometry":{"type":"Point","coordinates":[129.0237194,35.2157425]}},{"type":"Feature","properties":{"name":"기비골아파트 104동","highway":"bus_stop","osmType":"node","osmId":"6237318180","districtCode":"26320","districtName":"북구"},"geometry":{"type":"Point","coordinates":[129.0234897,35.2156944]}},{"type":"Feature","properties":{"name":"사하역","highway":"bus_stop","osmType":"node","osmId":"6249207651","districtCode":"26380","districtName":"사하구"},"geometry":{"type":"Point","coordinates":[128.9808826,35.1004022]}},{"type":"Feature","properties":{"name":"사하역","highway":"bus_stop","osmType":"node","osmId":"6249207652","districtCode":"26380","districtName":"사하구"},"geometry":{"type":"Point","coordinates":[128.9813319,35.1000533]}},{"type":"Feature","properties":{"name":"신호부영 3차, 5차 아파트","highway":"bus_stop","osmType":"node","osmId":"6253503409","districtCode":"26440","districtName":"강서구"},"geometry":{"type":"Point","coordinates":[128.8754743,35.0834497]}},{"type":"Feature","properties":{"name":"신호부영3차, 5차 아파트","highway":"bus_stop","osmType":"node","osmId":"6253503410","districtCode":"26440","districtName":"강서구"},"geometry":{"type":"Point","coordinates":[128.8759109,35.0832357]}},{"type":"Feature","properties":{"name:en":"Songdo beach","highway":"bus_stop","osmType":"node","osmId":"6261439689","districtCode":"26140","districtName":"서구"},"geometry":{"type":"Point","coordinates":[129.0159987,35.0762386]}},{"type":"Feature","properties":{"name:en":"Busan Station - Stop #2","highway":"bus_stop","osmType":"node","osmId":"6375188385","districtCode":"26440","districtName":"강서구"},"geometry":{"type":"Point","coordinates":[128.9473525,35.1731744]}},{"type":"Feature","properties":{"highway":"bus_stop","osmType":"node","osmId":"6388438487","districtCode":"26170","districtName":"동구"},"geometry":{"type":"Point","coordinates":[129.0563965,35.140828]}},{"type":"Feature","properties":{"highway":"bus_stop","osmType":"node","osmId":"6388443785","districtCode":"26170","districtName":"동구"},"geometry":{"type":"Point","coordinates":[129.0567071,35.1419954]}},{"type":"Feature","properties":{"name:en":"Busan Jangan High School","highway":"bus_stop","osmType":"node","osmId":"6398187186","districtCode":"26710","districtName":"기장군"},"geometry":{"type":"Point","coordinates":[129.2376671,35.3200254]}},{"type":"Feature","properties":{"name:en":"Busan Outlet","highway":"bus_stop","osmType":"node","osmId":"6398193887","districtCode":"26710","districtName":"기장군"},"geometry":{"type":"Point","coordinates":[129.2378041,35.3203571]}},{"type":"Feature","properties":{"name:en":"IIgwang Station","highway":"bus_stop","osmType":"node","osmId":"6398200385","districtCode":"26710","districtName":"기장군"},"geometry":{"type":"Point","coordinates":[129.2335048,35.2658363]}},{"type":"Feature","properties":{"name":"진동","highway":"bus_stop","osmType":"node","osmId":"6440239276","districtCode":"26440","districtName":"강서구"},"geometry":{"type":"Point","coordinates":[128.9274138,35.0983319]}},{"type":"Feature","properties":{"name":"진동","highway":"bus_stop","osmType":"node","osmId":"6440239277","districtCode":"26440","districtName":"강서구"},"geometry":{"type":"Point","coordinates":[128.9268504,35.0981538]}},{"type":"Feature","properties":{"name":"장산성당","highway":"bus_stop","network":"115-1,189-1","operator":"부산광역시","osmType":"node","osmId":"6442331256","districtCode":"26350","districtName":"해운대구"},"geometry":{"type":"Point","coordinates":[129.1251745,35.2053036]}},{"type":"Feature","properties":{"name":"수영역","highway":"bus_stop","osmType":"node","osmId":"6549875212","districtCode":"26500","districtName":"수영구"},"geometry":{"type":"Point","coordinates":[129.1164651,35.1679522]}},{"type":"Feature","properties":{"name":"남부 2번 마을버스","name:en":"Namgu 2 mauel bus","highway":"bus_stop","osmType":"node","osmId":"6699544485","districtCode":"26290","districtName":"남구"},"geometry":{"type":"Point","coordinates":[129.1137154,35.1313203]}},{"type":"Feature","properties":{"name:en":"115-1 to Haeundae Beach","highway":"bus_stop","osmType":"node","osmId":"6857353085","districtCode":"26350","districtName":"해운대구"},"geometry":{"type":"Point","coordinates":[129.1539062,35.2326113]}},{"type":"Feature","properties":{"name":"민석도서관역","highway":"bus_stop","osmType":"node","osmId":"6974524325","districtCode":"26530","districtName":"사상구"},"geometry":{"type":"Point","coordinates":[129.0116825,35.1443414]}},{"type":"Feature","properties":{"name":"동서대학교역","highway":"bus_stop","osmType":"node","osmId":"7022839815","districtCode":"26530","districtName":"사상구"},"geometry":{"type":"Point","coordinates":[129.0078222,35.1455007]}},{"type":"Feature","properties":{"name":"충무동교차로","name:en":"Chungmu-dong Intersection","highway":"bus_stop","osmType":"node","osmId":"7108568852","districtCode":"26140","districtName":"서구"},"geometry":{"type":"Point","coordinates":[129.0241692,35.095606]}},{"type":"Feature","properties":{"highway":"bus_stop","osmType":"node","osmId":"7108573419","districtCode":"26140","districtName":"서구"},"geometry":{"type":"Point","coordinates":[129.0249915,35.0822839]}},{"type":"Feature","properties":{"name":"동삼혁신지구입구","highway":"bus_stop","osmType":"node","osmId":"7249145926","districtCode":"26200","districtName":"영도구"},"geometry":{"type":"Point","coordinates":[129.0733467,35.0754673]}},{"type":"Feature","properties":{"name":"동래경찰서(수안역)","highway":"bus_stop","operator":"179, 29, 50, 52","osmType":"node","osmId":"7457468785","districtCode":"26260","districtName":"동래구"},"geometry":{"type":"Point","coordinates":[129.0842323,35.2008659]}},{"type":"Feature","properties":{"name":"망미역","highway":"bus_stop","osmType":"node","osmId":"7468754131","districtCode":"26500","districtName":"수영구"},"geometry":{"type":"Point","coordinates":[129.1093327,35.1711044]}},{"type":"Feature","properties":{"name":"팔도시장입구","highway":"bus_stop","osmType":"node","osmId":"7624781517","districtCode":"26500","districtName":"수영구"},"geometry":{"type":"Point","coordinates":[129.1161405,35.1689088]}},{"type":"Feature","properties":{"name":"영광교회","highway":"bus_stop","osmType":"node","osmId":"7624847523","districtCode":"26500","districtName":"수영구"},"geometry":{"type":"Point","coordinates":[129.1111356,35.1694619]}},{"type":"Feature","properties":{"name":"청송카센터","highway":"bus_stop","osmType":"node","osmId":"7624847528","districtCode":"26500","districtName":"수영구"},"geometry":{"type":"Point","coordinates":[129.1125598,35.1684906]}},{"type":"Feature","properties":{"name":"부산보건고","highway":"bus_stop","osmType":"node","osmId":"7796640603","districtCode":"26200","districtName":"영도구"},"geometry":{"type":"Point","coordinates":[129.041347,35.0829756]}},{"type":"Feature","properties":{"highway":"bus_stop","osmType":"node","osmId":"7814585664","districtCode":"26410","districtName":"금정구"},"geometry":{"type":"Point","coordinates":[129.1117662,35.2961396]}},{"type":"Feature","properties":{"name":"구포시장남문.반도유보라아파트","highway":"bus_stop","osmType":"node","osmId":"7814585684","districtCode":"26320","districtName":"북구"},"geometry":{"type":"Point","coordinates":[129.0029094,35.2048723]}},{"type":"Feature","properties":{"highway":"bus_stop","osmType":"node","osmId":"7814591611","districtCode":"26320","districtName":"북구"},"geometry":{"type":"Point","coordinates":[129.0196755,35.2436707]}},{"type":"Feature","properties":{"highway":"bus_stop","osmType":"node","osmId":"7814591612","districtCode":"26320","districtName":"북구"},"geometry":{"type":"Point","coordinates":[129.0394976,35.2182966]}},{"type":"Feature","properties":{"highway":"bus_stop","osmType":"node","osmId":"7814591613","districtCode":"26320","districtName":"북구"},"geometry":{"type":"Point","coordinates":[129.0173877,35.2102112]}},{"type":"Feature","properties":{"highway":"bus_stop","osmType":"node","osmId":"7814591614","districtCode":"26320","districtName":"북구"},"geometry":{"type":"Point","coordinates":[129.0178051,35.2101464]}},{"type":"Feature","properties":{"name":"경보아파트/한독온천어린이집","highway":"bus_stop","osmType":"node","osmId":"7814591625","districtCode":"26260","districtName":"동래구"},"geometry":{"type":"Point","coordinates":[129.0627303,35.2071413]}},{"type":"Feature","properties":{"highway":"bus_stop","osmType":"node","osmId":"7814591626","districtCode":"26260","districtName":"동래구"},"geometry":{"type":"Point","coordinates":[129.0727457,35.2080517]}},{"type":"Feature","properties":{"name":"복산동주민센터","highway":"bus_stop","osmType":"node","osmId":"7814591634","districtCode":"26260","districtName":"동래구"},"geometry":{"type":"Point","coordinates":[129.085913,35.2058809]}},{"type":"Feature","properties":{"highway":"bus_stop","osmType":"node","osmId":"7814591660","districtCode":"26410","districtName":"금정구"},"geometry":{"type":"Point","coordinates":[129.0948597,35.2844055]}},{"type":"Feature","properties":{"name":"우암초등학교 정류장","highway":"bus_stop","osmType":"node","osmId":"8044136771","districtCode":"26290","districtName":"남구"},"geometry":{"type":"Point","coordinates":[129.0761397,35.1247117]}},{"type":"Feature","properties":{"name":"스위트팰리스","highway":"bus_stop","osmType":"node","osmId":"8168410645","districtCode":"26440","districtName":"강서구"},"geometry":{"type":"Point","coordinates":[128.9190055,35.1092235]}},{"type":"Feature","properties":{"name":"스위트팰리스","highway":"bus_stop","osmType":"node","osmId":"8176535041","districtCode":"26440","districtName":"강서구"},"geometry":{"type":"Point","coordinates":[128.9193854,35.1094328]}},{"type":"Feature","properties":{"name":"국민은행 명지국제신도시지점","highway":"bus_stop","osmType":"node","osmId":"8181482450","districtCode":"26440","districtName":"강서구"},"geometry":{"type":"Point","coordinates":[128.9214016,35.0980647]}},{"type":"Feature","properties":{"name":"국민은행 명지국제신도시지점","highway":"bus_stop","osmType":"node","osmId":"8181482451","districtCode":"26440","districtName":"강서구"},"geometry":{"type":"Point","coordinates":[128.9215227,35.0977602]}},{"type":"Feature","properties":{"name":"금정전자공업고등학교","highway":"bus_stop","osmType":"node","osmId":"8392064105","districtCode":"26410","districtName":"금정구"},"geometry":{"type":"Point","coordinates":[129.1090542,35.2210017]}},{"type":"Feature","properties":{"name":"금정전자공업고등학교","highway":"bus_stop","osmType":"node","osmId":"8392064106","districtCode":"26410","districtName":"금정구"},"geometry":{"type":"Point","coordinates":[129.1090076,35.2211107]}},{"type":"Feature","properties":{"name":"부산경호고등학교","highway":"bus_stop","osmType":"node","osmId":"8392064107","districtCode":"26410","districtName":"금정구"},"geometry":{"type":"Point","coordinates":[129.1102382,35.2215578]}},{"type":"Feature","properties":{"name":"부산경호고등학교","highway":"bus_stop","osmType":"node","osmId":"8392064108","districtCode":"26410","districtName":"금정구"},"geometry":{"type":"Point","coordinates":[129.1102309,35.2216999]}},{"type":"Feature","properties":{"name":"부산산림교육센터","highway":"bus_stop","osmType":"node","osmId":"8392064109","districtCode":"26410","districtName":"금정구"},"geometry":{"type":"Point","coordinates":[129.1110677,35.2224242]}},{"type":"Feature","properties":{"name":"부산산림교육센터","highway":"bus_stop","osmType":"node","osmId":"8392064110","districtCode":"26410","districtName":"금정구"},"geometry":{"type":"Point","coordinates":[129.1108518,35.2223537]}},{"type":"Feature","properties":{"name":"현대맨션","highway":"bus_stop","osmType":"node","osmId":"8392064111","districtCode":"26410","districtName":"금정구"},"geometry":{"type":"Point","coordinates":[129.1124231,35.2237658]}},{"type":"Feature","properties":{"name":"현대맨션","highway":"bus_stop","osmType":"node","osmId":"8392064112","districtCode":"26410","districtName":"금정구"},"geometry":{"type":"Point","coordinates":[129.1122522,35.2237395]}},{"type":"Feature","properties":{"name":"금사중학교","highway":"bus_stop","osmType":"node","osmId":"8392064113","districtCode":"26410","districtName":"금정구"},"geometry":{"type":"Point","coordinates":[129.1070133,35.2201069]}},{"type":"Feature","properties":{"name":"금사중학교","highway":"bus_stop","osmType":"node","osmId":"8392066166","districtCode":"26410","districtName":"금정구"},"geometry":{"type":"Point","coordinates":[129.1067935,35.2201017]}},{"type":"Feature","properties":{"name":"노포동역","highway":"bus_stop","osmType":"node","osmId":"8447878340","districtCode":"26410","districtName":"금정구"},"geometry":{"type":"Point","coordinates":[129.094672,35.2834057]}},{"type":"Feature","properties":{"name":"노포동역","highway":"bus_stop","osmType":"node","osmId":"8447878341","districtCode":"26410","districtName":"금정구"},"geometry":{"type":"Point","coordinates":[129.0943299,35.2835098]}},{"type":"Feature","properties":{"name":"금정체육공원,경륜장입구","highway":"bus_stop","osmType":"node","osmId":"8447878342","districtCode":"26410","districtName":"금정구"},"geometry":{"type":"Point","coordinates":[129.0988406,35.2915402]}},{"type":"Feature","properties":{"name":"금정체육공원,경륜장입구","highway":"bus_stop","osmType":"node","osmId":"8447878343","districtCode":"26410","districtName":"금정구"},"geometry":{"type":"Point","coordinates":[129.0986469,35.2917085]}},{"type":"Feature","properties":{"name":"두구동입구","highway":"bus_stop","osmType":"node","osmId":"8447878344","districtCode":"26410","districtName":"금정구"},"geometry":{"type":"Point","coordinates":[129.10301,35.29765]}},{"type":"Feature","properties":{"name":"월평삼거리","highway":"bus_stop","osmType":"node","osmId":"8447878351","districtCode":"26710","districtName":"기장군"},"geometry":{"type":"Point","coordinates":[129.1414751,35.3584154]}},{"type":"Feature","properties":{"name":"월평삼거리","highway":"bus_stop","osmType":"node","osmId":"8447878352","districtCode":"26710","districtName":"기장군"},"geometry":{"type":"Point","coordinates":[129.1409231,35.3585122]}},{"type":"Feature","properties":{"name":"길천","highway":"bus_stop","osmType":"node","osmId":"8447881398","districtCode":"26710","districtName":"기장군"},"geometry":{"type":"Point","coordinates":[129.28253,35.32964]}},{"type":"Feature","properties":{"name":"길천","highway":"bus_stop","osmType":"node","osmId":"8447881399","districtCode":"26710","districtName":"기장군"},"geometry":{"type":"Point","coordinates":[129.2819298,35.329268]}},{"type":"Feature","properties":{"name":"월내농협","highway":"bus_stop","osmType":"node","osmId":"8447881400","districtCode":"26710","districtName":"기장군"},"geometry":{"type":"Point","coordinates":[129.2792228,35.327785]}},{"type":"Feature","properties":{"name":"월내농협","highway":"bus_stop","osmType":"node","osmId":"8447881401","districtCode":"26710","districtName":"기장군"},"geometry":{"type":"Point","coordinates":[129.2792666,35.3276692]}},{"type":"Feature","properties":{"name":"월내","highway":"bus_stop","osmType":"node","osmId":"8447881402","districtCode":"26710","districtName":"기장군"},"geometry":{"type":"Point","coordinates":[129.2770768,35.3266008]}},{"type":"Feature","properties":{"name":"월내","highway":"bus_stop","osmType":"node","osmId":"8447881403","districtCode":"26710","districtName":"기장군"},"geometry":{"type":"Point","coordinates":[129.276875,35.3263963]}},{"type":"Feature","properties":{"name":"온천장","highway":"bus_stop","osmType":"node","osmId":"8447887609","districtCode":"26260","districtName":"동래구"},"geometry":{"type":"Point","coordinates":[129.08425,35.21754]}},{"type":"Feature","properties":{"name":"온천장","highway":"bus_stop","osmType":"node","osmId":"8447887610","districtCode":"26260","districtName":"동래구"},"geometry":{"type":"Point","coordinates":[129.0833585,35.217264]}},{"type":"Feature","properties":{"name":"명륜역","highway":"bus_stop","osmType":"node","osmId":"8447887611","districtCode":"26260","districtName":"동래구"},"geometry":{"type":"Point","coordinates":[129.07969,35.21353]}},{"type":"Feature","properties":{"name":"명륜동지하철역","highway":"bus_stop","osmType":"node","osmId":"8447887612","districtCode":"26260","districtName":"동래구"},"geometry":{"type":"Point","coordinates":[129.0795,35.2126]}},{"type":"Feature","properties":{"name":"롯데백화점1","highway":"bus_stop","osmType":"node","osmId":"8447887613","districtCode":"26260","districtName":"동래구"},"geometry":{"type":"Point","coordinates":[129.07967,35.2128]}},{"type":"Feature","properties":{"name":"녹동마을","highway":"bus_stop","osmType":"node","osmId":"8447887614","districtCode":"26410","districtName":"금정구"},"geometry":{"type":"Point","coordinates":[129.08405,35.29657]}},{"type":"Feature","properties":{"name":"금정구청부산가톨릭대","highway":"bus_stop","osmType":"node","osmId":"8447887615","districtCode":"26410","districtName":"금정구"},"geometry":{"type":"Point","coordinates":[129.09316,35.24236]}},{"type":"Feature","properties":{"name":"GS마트,부산카톨릭대","highway":"bus_stop","osmType":"node","osmId":"8447887616","districtCode":"26410","districtName":"금정구"},"geometry":{"type":"Point","coordinates":[129.09293,35.24036]}},{"type":"Feature","properties":{"name":"노포삼거리","highway":"bus_stop","osmType":"node","osmId":"8447889157","districtCode":"26410","districtName":"금정구"},"geometry":{"type":"Point","coordinates":[129.0930938,35.2798858]}},{"type":"Feature","properties":{"name":"노포삼거리","highway":"bus_stop","osmType":"node","osmId":"8447889158","districtCode":"26410","districtName":"금정구"},"geometry":{"type":"Point","coordinates":[129.092712,35.2795964]}},{"type":"Feature","properties":{"name":"직장마을","highway":"bus_stop","osmType":"node","osmId":"8447889159","districtCode":"26410","districtName":"금정구"},"geometry":{"type":"Point","coordinates":[129.0908953,35.2854147]}},{"type":"Feature","properties":{"name":"직장마을","highway":"bus_stop","osmType":"node","osmId":"8447889160","districtCode":"26410","districtName":"금정구"},"geometry":{"type":"Point","coordinates":[129.0914606,35.2853795]}},{"type":"Feature","properties":{"name":"대룡마을","highway":"bus_stop","osmType":"node","osmId":"8447889161","districtCode":"26410","districtName":"금정구"},"geometry":{"type":"Point","coordinates":[129.0889509,35.290897]}},{"type":"Feature","properties":{"name":"대룡마을","highway":"bus_stop","osmType":"node","osmId":"8447889162","districtCode":"26410","districtName":"금정구"},"geometry":{"type":"Point","coordinates":[129.0884704,35.290909]}},{"type":"Feature","properties":{"name":"희락원","highway":"bus_stop","osmType":"node","osmId":"8447889163","districtCode":"26410","districtName":"금정구"},"geometry":{"type":"Point","coordinates":[129.0877244,35.2938296]}},{"type":"Feature","properties":{"name":"희락원","highway":"bus_stop","osmType":"node","osmId":"8447889164","districtCode":"26410","districtName":"금정구"},"geometry":{"type":"Point","coordinates":[129.087314,35.2933548]}},{"type":"Feature","properties":{"name":"고리스포츠문화센터","highway":"bus_stop","osmType":"node","osmId":"8447890747","districtCode":"26710","districtName":"기장군"},"geometry":{"type":"Point","coordinates":[129.2843527,35.3301021]}},{"type":"Feature","properties":{"name":"고리스포츠문화센터","highway":"bus_stop","osmType":"node","osmId":"8447890748","districtCode":"26710","districtName":"기장군"},"geometry":{"type":"Point","coordinates":[129.2839126,35.3299449]}},{"type":"Feature","properties":{"name":"길천삼거리","highway":"bus_stop","osmType":"node","osmId":"8447890749","districtCode":"26710","districtName":"기장군"},"geometry":{"type":"Point","coordinates":[129.2829891,35.3298077]}},{"type":"Feature","properties":{"name":"길천삼거리","highway":"bus_stop","osmType":"node","osmId":"8447890750","districtCode":"26710","districtName":"기장군"},"geometry":{"type":"Point","coordinates":[129.2831794,35.3296607]}},{"type":"Feature","properties":{"name":"금관빌라드앞","highway":"bus_stop","osmType":"node","osmId":"8447890751","districtCode":"26710","districtName":"기장군"},"geometry":{"type":"Point","coordinates":[129.2841355,35.3355249]}},{"type":"Feature","properties":{"name":"금관빌라드앞","highway":"bus_stop","osmType":"node","osmId":"8447890752","districtCode":"26710","districtName":"기장군"},"geometry":{"type":"Point","coordinates":[129.284063,35.3356597]}},{"type":"Feature","properties":{"name":"한빛3단지","highway":"bus_stop","osmType":"node","osmId":"8447890755","districtCode":"26710","districtName":"기장군"},"geometry":{"type":"Point","coordinates":[129.2850085,35.3377747]}},{"type":"Feature","properties":{"name":"한빛3단지","highway":"bus_stop","osmType":"node","osmId":"8447890756","districtCode":"26710","districtName":"기장군"},"geometry":{"type":"Point","coordinates":[129.2848751,35.3377185]}},{"type":"Feature","properties":{"name":"금정구청부산가톨릭대","highway":"bus_stop","osmType":"node","osmId":"8447891917","districtCode":"26410","districtName":"금정구"},"geometry":{"type":"Point","coordinates":[129.09278,35.2422]}},{"type":"Feature","properties":{"name":"범어사역","highway":"bus_stop","osmType":"node","osmId":"8447891918","districtCode":"26410","districtName":"금정구"},"geometry":{"type":"Point","coordinates":[129.09285,35.271934]}},{"type":"Feature","properties":{"name":"침례병원","highway":"bus_stop","osmType":"node","osmId":"8447891919","districtCode":"26410","districtName":"금정구"},"geometry":{"type":"Point","coordinates":[129.0926526,35.2660692]}},{"type":"Feature","properties":{"name":"팔송","highway":"bus_stop","osmType":"node","osmId":"8447891920","districtCode":"26410","districtName":"금정구"},"geometry":{"type":"Point","coordinates":[129.09285,35.27288]}},{"type":"Feature","properties":{"name":"범어사역","highway":"bus_stop","osmType":"node","osmId":"8447891921","districtCode":"26410","districtName":"금정구"},"geometry":{"type":"Point","coordinates":[129.0927775,35.274996]}},{"type":"Feature","properties":{"name":"롯데마트","highway":"bus_stop","osmType":"node","osmId":"8447891922","districtCode":"26410","districtName":"금정구"},"geometry":{"type":"Point","coordinates":[129.0923046,35.2389782]}},{"type":"Feature","properties":{"name":"팔송","highway":"bus_stop","osmType":"node","osmId":"8447891923","districtCode":"26410","districtName":"금정구"},"geometry":{"type":"Point","coordinates":[129.092568,35.2719339]}},{"type":"Feature","properties":{"name":"범어사역3번출구","highway":"bus_stop","osmType":"node","osmId":"8447891924","districtCode":"26410","districtName":"금정구"},"geometry":{"type":"Point","coordinates":[129.092547,35.2728604]}},{"type":"Feature","properties":{"name":"범어사역","highway":"bus_stop","osmType":"node","osmId":"8447891925","districtCode":"26410","districtName":"금정구"},"geometry":{"type":"Point","coordinates":[129.09254,35.27402]}},{"type":"Feature","properties":{"name":"침례병원","highway":"bus_stop","osmType":"node","osmId":"8447891926","districtCode":"26410","districtName":"금정구"},"geometry":{"type":"Point","coordinates":[129.09243,35.2659]}},{"type":"Feature","properties":{"name":"롯데마트","highway":"bus_stop","osmType":"node","osmId":"8447891927","districtCode":"26410","districtName":"금정구"},"geometry":{"type":"Point","coordinates":[129.0921585,35.2387618]}},{"type":"Feature","properties":{"name":"경남한신아파트","highway":"bus_stop","osmType":"node","osmId":"8447891928","districtCode":"26410","districtName":"금정구"},"geometry":{"type":"Point","coordinates":[129.09222,35.23658]}},{"type":"Feature","properties":{"name":"태광산업","highway":"bus_stop","osmType":"node","osmId":"8447891929","districtCode":"26410","districtName":"금정구"},"geometry":{"type":"Point","coordinates":[129.09216,35.24903]}},{"type":"Feature","properties":{"name":"태광산업","highway":"bus_stop","osmType":"node","osmId":"8447891930","districtCode":"26410","districtName":"금정구"},"geometry":{"type":"Point","coordinates":[129.09211,35.24807]}},{"type":"Feature","properties":{"name":"남산볼링장","highway":"bus_stop","osmType":"node","osmId":"8447891931","districtCode":"26410","districtName":"금정구"},"geometry":{"type":"Point","coordinates":[129.09208,35.26265]}},{"type":"Feature","properties":{"name":"남산볼링장","highway":"bus_stop","osmType":"node","osmId":"8447891932","districtCode":"26410","districtName":"금정구"},"geometry":{"type":"Point","coordinates":[129.09189,35.26318]}},{"type":"Feature","properties":{"name":"경남한신아파트","highway":"bus_stop","osmType":"node","osmId":"8447891933","districtCode":"26410","districtName":"금정구"},"geometry":{"type":"Point","coordinates":[129.09177,35.23583]}},{"type":"Feature","properties":{"name":"태광산업","highway":"bus_stop","osmType":"node","osmId":"8447891934","districtCode":"26410","districtName":"금정구"},"geometry":{"type":"Point","coordinates":[129.09176,35.24917]}},{"type":"Feature","properties":{"name":"두실지하철역","highway":"bus_stop","osmType":"node","osmId":"8447891935","districtCode":"26410","districtName":"금정구"},"geometry":{"type":"Point","coordinates":[129.09163,35.25836]}},{"type":"Feature","properties":{"name":"행림병원","highway":"bus_stop","osmType":"node","osmId":"8447891936","districtCode":"26410","districtName":"금정구"},"geometry":{"type":"Point","coordinates":[129.0916,35.25373]}},{"type":"Feature","properties":{"name":"행림병원","highway":"bus_stop","osmType":"node","osmId":"8447891937","districtCode":"26410","districtName":"금정구"},"geometry":{"type":"Point","coordinates":[129.09127,35.25425]}},{"type":"Feature","properties":{"name":"금정이마트","highway":"bus_stop","osmType":"node","osmId":"8447891938","districtCode":"26410","districtName":"금정구"},"geometry":{"type":"Point","coordinates":[129.09128,35.25066]}},{"type":"Feature","properties":{"name":"두실지하철역","highway":"bus_stop","osmType":"node","osmId":"8447891939","districtCode":"26410","districtName":"금정구"},"geometry":{"type":"Point","coordinates":[129.09124,35.25841]}},{"type":"Feature","properties":{"name":"부산대학교","highway":"bus_stop","osmType":"node","osmId":"8447891940","districtCode":"26410","districtName":"금정구"},"geometry":{"type":"Point","coordinates":[129.09085,35.22865]}},{"type":"Feature","properties":{"name":"부산대학교","highway":"bus_stop","osmType":"node","osmId":"8447891941","districtCode":"26410","districtName":"금정구"},"geometry":{"type":"Point","coordinates":[129.09039,35.22859]}},{"type":"Feature","properties":{"name":"온천장지하철역","highway":"bus_stop","osmType":"node","osmId":"8447891942","districtCode":"26410","districtName":"금정구"},"geometry":{"type":"Point","coordinates":[129.08757,35.22262]}},{"type":"Feature","properties":{"name":"온천장지하철역","highway":"bus_stop","osmType":"node","osmId":"8447891943","districtCode":"26410","districtName":"금정구"},"geometry":{"type":"Point","coordinates":[129.08674,35.22202]}},{"type":"Feature","properties":{"name":"온천장","highway":"bus_stop","osmType":"node","osmId":"8447891944","districtCode":"26260","districtName":"동래구"},"geometry":{"type":"Point","coordinates":[129.08553,35.21912]}},{"type":"Feature","properties":{"name":"스파쇼핑","highway":"bus_stop","osmType":"node","osmId":"8447891945","districtCode":"26260","districtName":"동래구"},"geometry":{"type":"Point","coordinates":[129.08511,35.21903]}},{"type":"Feature","properties":{"name":"온천장","highway":"bus_stop","osmType":"node","osmId":"8447891946","districtCode":"26260","districtName":"동래구"},"geometry":{"type":"Point","coordinates":[129.08506,35.21857]}},{"type":"Feature","properties":{"name":"스파쇼핑","highway":"bus_stop","osmType":"node","osmId":"8447891947","districtCode":"26260","districtName":"동래구"},"geometry":{"type":"Point","coordinates":[129.08488,35.21875]}},{"type":"Feature","properties":{"name":"녹동마을","highway":"bus_stop","osmType":"node","osmId":"8447891948","districtCode":"26410","districtName":"금정구"},"geometry":{"type":"Point","coordinates":[129.0843068,35.2965782]}},{"type":"Feature","properties":{"name":"길천","highway":"bus_stop","osmType":"node","osmId":"8447894739","districtCode":"26710","districtName":"기장군"},"geometry":{"type":"Point","coordinates":[129.2819935,35.3291586]}},{"type":"Feature","properties":{"name":"길천","highway":"bus_stop","osmType":"node","osmId":"8447894740","districtCode":"26710","districtName":"기장군"},"geometry":{"type":"Point","coordinates":[129.2824669,35.3318831]}},{"type":"Feature","properties":{"name":"한빛1차아파트","highway":"bus_stop","osmType":"node","osmId":"8447894741","districtCode":"26710","districtName":"기장군"},"geometry":{"type":"Point","coordinates":[129.2830231,35.3321999]}},{"type":"Feature","properties":{"name":"한빛1차아파트","highway":"bus_stop","osmType":"node","osmId":"8447894742","districtCode":"26710","districtName":"기장군"},"geometry":{"type":"Point","coordinates":[129.2829858,35.3323551]}},{"type":"Feature","properties":{"name":"개천마을","highway":"bus_stop","osmType":"node","osmId":"8447894743","districtCode":"26710","districtName":"기장군"},"geometry":{"type":"Point","coordinates":[129.2856706,35.3392753]}},{"type":"Feature","properties":{"name":"송도교차로","name:en":"Songdo Interchange","highway":"bus_stop","osmType":"node","osmId":"8462432818","districtCode":"26140","districtName":"서구"},"geometry":{"type":"Point","coordinates":[129.0186675,35.0783098]}},{"type":"Feature","properties":{"name":"송도초등학교","name:en":"Songdo Elementary School","highway":"bus_stop","osmType":"node","osmId":"8462432917","districtCode":"26140","districtName":"서구"},"geometry":{"type":"Point","coordinates":[129.0168751,35.0788189]}},{"type":"Feature","properties":{"name":"왕자맨션","highway":"bus_stop","osmType":"node","osmId":"8462884542","districtCode":"26350","districtName":"해운대구"},"geometry":{"type":"Point","coordinates":[129.1184153,35.1949782]}},{"type":"Feature","properties":{"name":"왕자아파트","highway":"bus_stop","osmType":"node","osmId":"8462884543","districtCode":"26350","districtName":"해운대구"},"geometry":{"type":"Point","coordinates":[129.1186101,35.1963919]}},{"type":"Feature","properties":{"name":"한화꿈에그린아파트","highway":"bus_stop","osmType":"node","osmId":"8462884544","districtCode":"26350","districtName":"해운대구"},"geometry":{"type":"Point","coordinates":[129.1185119,35.1986047]}},{"type":"Feature","properties":{"name":"한화꿈에그린아파트","highway":"bus_stop","osmType":"node","osmId":"8462884546","districtCode":"26350","districtName":"해운대구"},"geometry":{"type":"Point","coordinates":[129.1181671,35.1983735]}},{"type":"Feature","properties":{"name":"영원프라자","highway":"bus_stop","osmType":"node","osmId":"8462884547","districtCode":"26350","districtName":"해운대구"},"geometry":{"type":"Point","coordinates":[129.1184129,35.1949529]}},{"type":"Feature","properties":{"name":"반여동부산은행","highway":"bus_stop","osmType":"node","osmId":"8462884549","districtCode":"26350","districtName":"해운대구"},"geometry":{"type":"Point","coordinates":[129.1186397,35.1965333]}},{"type":"Feature","properties":{"name":"명호중고등학교","highway":"bus_stop","osmType":"node","osmId":"8779423489","districtCode":"26440","districtName":"강서구"},"geometry":{"type":"Point","coordinates":[128.8994025,35.079985]}},{"type":"Feature","properties":{"name":"명호중고등학교","highway":"bus_stop","osmType":"node","osmId":"8779423490","districtCode":"26440","districtName":"강서구"},"geometry":{"type":"Point","coordinates":[128.8995085,35.0805481]}},{"type":"Feature","properties":{"name":"한신휴플러스","highway":"bus_stop","osmType":"node","osmId":"8779423491","districtCode":"26440","districtName":"강서구"},"geometry":{"type":"Point","coordinates":[128.9002665,35.0797197]}},{"type":"Feature","properties":{"name":"한신휴플러스","highway":"bus_stop","osmType":"node","osmId":"8779423492","districtCode":"26440","districtName":"강서구"},"geometry":{"type":"Point","coordinates":[128.9002647,35.0795025]}},{"type":"Feature","properties":{"name":"오션초등학교","highway":"bus_stop","osmType":"node","osmId":"8779423493","districtCode":"26440","districtName":"강서구"},"geometry":{"type":"Point","coordinates":[128.9081142,35.0797002]}},{"type":"Feature","properties":{"name":"오션초등학교","highway":"bus_stop","osmType":"node","osmId":"8779423494","districtCode":"26440","districtName":"강서구"},"geometry":{"type":"Point","coordinates":[128.9092386,35.0795037]}},{"type":"Feature","properties":{"name":"부산한솔학교","highway":"bus_stop","osmType":"node","osmId":"8779423495","districtCode":"26440","districtName":"강서구"},"geometry":{"type":"Point","coordinates":[128.8982373,35.0820191]}},{"type":"Feature","properties":{"name":"두산위브112동","highway":"bus_stop","osmType":"node","osmId":"8779423496","districtCode":"26440","districtName":"강서구"},"geometry":{"type":"Point","coordinates":[128.8982373,35.0819259]}},{"type":"Feature","properties":{"name":"퀸덤아파트201동","highway":"bus_stop","osmType":"node","osmId":"8779423501","districtCode":"26440","districtName":"강서구"},"geometry":{"type":"Point","coordinates":[128.8959455,35.0862473]}},{"type":"Feature","properties":{"name":"퀸덤아파트201동","highway":"bus_stop","osmType":"node","osmId":"8779423502","districtCode":"26440","districtName":"강서구"},"geometry":{"type":"Point","coordinates":[128.8961708,35.0860498]}},{"type":"Feature","properties":{"name":"법원검찰청사거리","highway":"bus_stop","osmType":"node","osmId":"8780350661","districtCode":"26440","districtName":"강서구"},"geometry":{"type":"Point","coordinates":[128.9116996,35.0960065]}},{"type":"Feature","properties":{"name":"명원초등학교","highway":"bus_stop","osmType":"node","osmId":"8780350662","districtCode":"26440","districtName":"강서구"},"geometry":{"type":"Point","coordinates":[128.9120085,35.0938084]}},{"type":"Feature","properties":{"name":"명원초등학교","highway":"bus_stop","osmType":"node","osmId":"8780350664","districtCode":"26440","districtName":"강서구"},"geometry":{"type":"Point","coordinates":[128.9123278,35.0933214]}},{"type":"Feature","properties":{"name":"뜨란채아파트","highway":"bus_stop","osmType":"node","osmId":"8823545252","districtCode":"26260","districtName":"동래구"},"geometry":{"type":"Point","coordinates":[129.1084144,35.194028]}},{"type":"Feature","properties":{"name":"뜨란채아파트","highway":"bus_stop","osmType":"node","osmId":"8823572903","districtCode":"26260","districtName":"동래구"},"geometry":{"type":"Point","coordinates":[129.1086543,35.1939067]}},{"type":"Feature","properties":{"name":"대연-용당 셔틀버스 정류장","name:en":"Daeyeon-Yongdam Shuttle Stop","highway":"bus_stop","osmType":"node","osmId":"8824896335","districtCode":"26290","districtName":"남구"},"geometry":{"type":"Point","coordinates":[129.104406,35.1333584]}},{"type":"Feature","properties":{"name":"대연-용당 셔틀버스 승차장","name:en":"Daeyeon-Yongdam Shuttle Stop","highway":"bus_stop","operator":"국립부경대학교","osmType":"node","osmId":"8825217822","districtCode":"26290","districtName":"남구"},"geometry":{"type":"Point","coordinates":[129.1035637,35.1318493]}},{"type":"Feature","properties":{"name":"대연-용당 셔틀버스 정류장","highway":"bus_stop","osmType":"node","osmId":"9004724598","districtCode":"26290","districtName":"남구"},"geometry":{"type":"Point","coordinates":[129.0907051,35.1162625]}},{"type":"Feature","properties":{"name":"부경대학교 용당캠퍼스","highway":"bus_stop","osmType":"node","osmId":"9004736297","districtCode":"26290","districtName":"남구"},"geometry":{"type":"Point","coordinates":[129.0906313,35.1155335]}},{"type":"Feature","properties":{"name":"부경대학교 용당캠퍼스 도서관","highway":"bus_stop","osmType":"node","osmId":"9004736298","districtCode":"26290","districtName":"남구"},"geometry":{"type":"Point","coordinates":[129.0902708,35.1162614]}},{"type":"Feature","properties":{"highway":"bus_stop","osmType":"node","osmId":"9013402132","districtCode":"26230","districtName":"부산진구"},"geometry":{"type":"Point","coordinates":[129.033952,35.1410705]}},{"type":"Feature","properties":{"highway":"bus_stop","osmType":"node","osmId":"9013402133","districtCode":"26230","districtName":"부산진구"},"geometry":{"type":"Point","coordinates":[129.0342152,35.143603]}},{"type":"Feature","properties":{"name":"동해선교대역","highway":"bus_stop","osmType":"node","osmId":"9018843246","districtCode":"26470","districtName":"연제구"},"geometry":{"type":"Point","coordinates":[129.0796161,35.1938837]}},{"type":"Feature","properties":{"name":"연산역 연제초교","highway":"bus_stop","osmType":"node","osmId":"9018843247","districtCode":"26470","districtName":"연제구"},"geometry":{"type":"Point","coordinates":[129.0802281,35.1843496]}},{"type":"Feature","properties":{"name":"연산역.연제초교","highway":"bus_stop","osmType":"node","osmId":"9018843248","districtCode":"26470","districtName":"연제구"},"geometry":{"type":"Point","coordinates":[129.0799909,35.1839518]}},{"type":"Feature","properties":{"name":"부산시청","highway":"bus_stop","osmType":"node","osmId":"9018843249","districtCode":"26470","districtName":"연제구"},"geometry":{"type":"Point","coordinates":[129.0755028,35.1784226]}},{"type":"Feature","properties":{"name":"부산시청","highway":"bus_stop","osmType":"node","osmId":"9018843250","districtCode":"26470","districtName":"연제구"},"geometry":{"type":"Point","coordinates":[129.0768781,35.1800411]}},{"type":"Feature","properties":{"name":"부전역","highway":"bus_stop","osmType":"node","osmId":"9018843251","districtCode":"26230","districtName":"부산진구"},"geometry":{"type":"Point","coordinates":[129.0634663,35.1633647]}},{"type":"Feature","properties":{"highway":"bus_stop","osmType":"node","osmId":"9220541048","districtCode":"26230","districtName":"부산진구"},"geometry":{"type":"Point","coordinates":[129.0345748,35.1438824]}},{"type":"Feature","properties":{"highway":"bus_stop","osmType":"node","osmId":"9220576580","districtCode":"26230","districtName":"부산진구"},"geometry":{"type":"Point","coordinates":[129.0338695,35.1397263]}},{"type":"Feature","properties":{"highway":"bus_stop","osmType":"node","osmId":"9220576581","districtCode":"26230","districtName":"부산진구"},"geometry":{"type":"Point","coordinates":[129.0339305,35.1402643]}},{"type":"Feature","properties":{"highway":"bus_stop","osmType":"node","osmId":"9220576582","districtCode":"26230","districtName":"부산진구"},"geometry":{"type":"Point","coordinates":[129.0337861,35.1399696]}},{"type":"Feature","properties":{"name":"자연유치원","highway":"bus_stop","osmType":"node","osmId":"9252489807","districtCode":"26290","districtName":"남구"},"geometry":{"type":"Point","coordinates":[129.1110827,35.1299923]}},{"type":"Feature","properties":{"name":"자연유치원","highway":"bus_stop","osmType":"node","osmId":"9252489808","districtCode":"26290","districtName":"남구"},"geometry":{"type":"Point","coordinates":[129.1111679,35.1300772]}},{"type":"Feature","properties":{"name":"사직시장","highway":"bus_stop","osmType":"node","osmId":"9348130259","districtCode":"26260","districtName":"동래구"},"geometry":{"type":"Point","coordinates":[129.0627987,35.2015195]}},{"type":"Feature","properties":{"name":"사직시장","highway":"bus_stop","osmType":"node","osmId":"9348130260","districtCode":"26260","districtName":"동래구"},"geometry":{"type":"Point","coordinates":[129.0629296,35.2015224]}},{"type":"Feature","properties":{"name":"사직동교회","highway":"bus_stop","osmType":"node","osmId":"9348130261","districtCode":"26260","districtName":"동래구"},"geometry":{"type":"Point","coordinates":[129.061778,35.2007053]}},{"type":"Feature","properties":{"name":"사직동교회","highway":"bus_stop","osmType":"node","osmId":"9348130262","districtCode":"26260","districtName":"동래구"},"geometry":{"type":"Point","coordinates":[129.0618015,35.2006077]}},{"type":"Feature","properties":{"name":"삼익아파트정문","highway":"bus_stop","osmType":"node","osmId":"9348130263","districtCode":"26260","districtName":"동래구"},"geometry":{"type":"Point","coordinates":[129.0607495,35.199819]}},{"type":"Feature","properties":{"name":"삼익아파트정문","highway":"bus_stop","osmType":"node","osmId":"9348130264","districtCode":"26260","districtName":"동래구"},"geometry":{"type":"Point","coordinates":[129.0604769,35.1997987]}},{"type":"Feature","properties":{"name":"금강초등학교","highway":"bus_stop","osmType":"node","osmId":"9348130265","districtCode":"26260","districtName":"동래구"},"geometry":{"type":"Point","coordinates":[129.0641917,35.2022472]}},{"type":"Feature","properties":{"name":"금강초등학교","highway":"bus_stop","osmType":"node","osmId":"9348130266","districtCode":"26260","districtName":"동래구"},"geometry":{"type":"Point","coordinates":[129.0643312,35.2022757]}},{"type":"Feature","properties":{"name":"공영아파트","highway":"bus_stop","osmType":"node","osmId":"9348130267","districtCode":"26260","districtName":"동래구"},"geometry":{"type":"Point","coordinates":[129.0669997,35.200936]}},{"type":"Feature","properties":{"name":"공영아파트","highway":"bus_stop","osmType":"node","osmId":"9348130268","districtCode":"26260","districtName":"동래구"},"geometry":{"type":"Point","coordinates":[129.067329,35.2009393]}},{"type":"Feature","properties":{"name":"OK슈퍼","highway":"bus_stop","osmType":"node","osmId":"9348130269","districtCode":"26260","districtName":"동래구"},"geometry":{"type":"Point","coordinates":[129.0687276,35.2003945]}},{"type":"Feature","properties":{"name":"OK슈퍼","highway":"bus_stop","osmType":"node","osmId":"9348130270","districtCode":"26260","districtName":"동래구"},"geometry":{"type":"Point","coordinates":[129.0687032,35.2005041]}},{"type":"Feature","properties":{"name":"백제약국","highway":"bus_stop","osmType":"node","osmId":"9348130271","districtCode":"26260","districtName":"동래구"},"geometry":{"type":"Point","coordinates":[129.0704879,35.200843]}},{"type":"Feature","properties":{"name":"백제약국","highway":"bus_stop","osmType":"node","osmId":"9348130272","districtCode":"26260","districtName":"동래구"},"geometry":{"type":"Point","coordinates":[129.0702968,35.2008995]}},{"type":"Feature","properties":{"name":"농심가","highway":"bus_stop","osmType":"node","osmId":"9348130273","districtCode":"26260","districtName":"동래구"},"geometry":{"type":"Point","coordinates":[129.0719311,35.2012084]}},{"type":"Feature","properties":{"name":"농심가","highway":"bus_stop","osmType":"node","osmId":"9348130274","districtCode":"26260","districtName":"동래구"},"geometry":{"type":"Point","coordinates":[129.0719515,35.201318]}},{"type":"Feature","properties":{"name":"동남동원아파트","highway":"bus_stop","osmType":"node","osmId":"9348130275","districtCode":"26260","districtName":"동래구"},"geometry":{"type":"Point","coordinates":[129.0726508,35.2016223]}},{"type":"Feature","properties":{"name":"동남동원아파트","highway":"bus_stop","osmType":"node","osmId":"9348130276","districtCode":"26260","districtName":"동래구"},"geometry":{"type":"Point","coordinates":[129.0727133,35.2015257]}},{"type":"Feature","properties":{"name":"금정시장","highway":"bus_stop","osmType":"node","osmId":"9348130277","districtCode":"26260","districtName":"동래구"},"geometry":{"type":"Point","coordinates":[129.073821,35.2019739]}},{"type":"Feature","properties":{"name":"금정시장","highway":"bus_stop","osmType":"node","osmId":"9348130278","districtCode":"26260","districtName":"동래구"},"geometry":{"type":"Point","coordinates":[129.0738389,35.2020849]}},{"type":"Feature","properties":{"name":"동영아파트","highway":"bus_stop","osmType":"node","osmId":"9348130279","districtCode":"26260","districtName":"동래구"},"geometry":{"type":"Point","coordinates":[129.0753411,35.2026762]}},{"type":"Feature","properties":{"name":"광제약국","highway":"bus_stop","osmType":"node","osmId":"9348130280","districtCode":"26260","districtName":"동래구"},"geometry":{"type":"Point","coordinates":[129.0753004,35.2025732]}},{"type":"Feature","properties":{"name":"대우아파트","highway":"bus_stop","osmType":"node","osmId":"9348130281","districtCode":"26260","districtName":"동래구"},"geometry":{"type":"Point","coordinates":[129.0755261,35.2037758]}},{"type":"Feature","properties":{"name":"대우아파트","highway":"bus_stop","osmType":"node","osmId":"9348130282","districtCode":"26260","districtName":"동래구"},"geometry":{"type":"Point","coordinates":[129.0754366,35.2038522]}},{"type":"Feature","properties":{"name":"내성중학교","highway":"bus_stop","osmType":"node","osmId":"9348130283","districtCode":"26260","districtName":"동래구"},"geometry":{"type":"Point","coordinates":[129.077823,35.2036147]}},{"type":"Feature","properties":{"name":"대동병원","highway":"bus_stop","osmType":"node","osmId":"9348130284","districtCode":"26260","districtName":"동래구"},"geometry":{"type":"Point","coordinates":[129.0797952,35.2042071]}},{"type":"Feature","properties":{"name":"동래역2번출구","highway":"bus_stop","osmType":"node","osmId":"9348130285","districtCode":"26260","districtName":"동래구"},"geometry":{"type":"Point","coordinates":[129.0789862,35.2053997]}},{"type":"Feature","properties":{"name":"메가마트동래점","highway":"bus_stop","osmType":"node","osmId":"9348130286","districtCode":"26260","districtName":"동래구"},"geometry":{"type":"Point","coordinates":[129.0810433,35.2053565]}},{"type":"Feature","properties":{"name":"메가마트동래점후문","highway":"bus_stop","osmType":"node","osmId":"9348130287","districtCode":"26260","districtName":"동래구"},"geometry":{"type":"Point","coordinates":[129.0811023,35.2052652]}},{"type":"Feature","properties":{"name":"동래전화국","highway":"bus_stop","osmType":"node","osmId":"9348130288","districtCode":"26260","districtName":"동래구"},"geometry":{"type":"Point","coordinates":[129.0839816,35.2034539]}},{"type":"Feature","properties":{"name":"동래시장정문.수안치안센터","highway":"bus_stop","osmType":"node","osmId":"9348130289","districtCode":"26260","districtName":"동래구"},"geometry":{"type":"Point","coordinates":[129.0855961,35.2031015]}},{"type":"Feature","properties":{"name":"부산은행동래금융센터부산은행동래금융센터","highway":"bus_stop","osmType":"node","osmId":"9348130290","districtCode":"26260","districtName":"동래구"},"geometry":{"type":"Point","coordinates":[129.0844099,35.2046825]}},{"type":"Feature","properties":{"name":"부산은행동래금융센터","highway":"bus_stop","osmType":"node","osmId":"9348130291","districtCode":"26260","districtName":"동래구"},"geometry":{"type":"Point","coordinates":[129.084453,35.2046372]}},{"type":"Feature","properties":{"name":"부산은행동래금융센터부산은행동래금융센터","highway":"bus_stop","osmType":"node","osmId":"9348130292","districtCode":"26260","districtName":"동래구"},"geometry":{"type":"Point","coordinates":[129.0841788,35.2044987]}},{"type":"Feature","properties":{"name":"복산동주민센터","highway":"bus_stop","osmType":"node","osmId":"9348130293","districtCode":"26260","districtName":"동래구"},"geometry":{"type":"Point","coordinates":[129.0858364,35.2057348]}},{"type":"Feature","properties":{"name":"동래보건소/명륜역입구","highway":"bus_stop","osmType":"node","osmId":"9348130294","districtCode":"26260","districtName":"동래구"},"geometry":{"type":"Point","coordinates":[129.079526,35.2109212]}},{"type":"Feature","properties":{"name":"동래중학교","highway":"bus_stop","osmType":"node","osmId":"9348130295","districtCode":"26260","districtName":"동래구"},"geometry":{"type":"Point","coordinates":[129.0803117,35.2099409]}},{"type":"Feature","properties":{"name":"명륜역.동래중학교","highway":"bus_stop","osmType":"node","osmId":"9348130296","districtCode":"26260","districtName":"동래구"},"geometry":{"type":"Point","coordinates":[129.0802445,35.2098166]}},{"type":"Feature","properties":{"name":"동래교차로","highway":"bus_stop","osmType":"node","osmId":"9348130297","districtCode":"26260","districtName":"동래구"},"geometry":{"type":"Point","coordinates":[129.0815755,35.2082053]}},{"type":"Feature","properties":{"name":"동래교차로","highway":"bus_stop","osmType":"node","osmId":"9348130298","districtCode":"26260","districtName":"동래구"},"geometry":{"type":"Point","coordinates":[129.0817016,35.2082702]}},{"type":"Feature","properties":{"name":"동래교차로","highway":"bus_stop","osmType":"node","osmId":"9348130299","districtCode":"26260","districtName":"동래구"},"geometry":{"type":"Point","coordinates":[129.0817016,35.2080069]}},{"type":"Feature","properties":{"name":"동래중학교","highway":"bus_stop","osmType":"node","osmId":"9348130300","districtCode":"26260","districtName":"동래구"},"geometry":{"type":"Point","coordinates":[129.079063,35.2108725]}},{"type":"Feature","properties":{"name":"동래중학교","highway":"bus_stop","osmType":"node","osmId":"9348130301","districtCode":"26260","districtName":"동래구"},"geometry":{"type":"Point","coordinates":[129.0791658,35.2107694]}},{"type":"Feature","properties":{"name":"중앙여자고등학교","highway":"bus_stop","osmType":"node","osmId":"9348130302","districtCode":"26260","districtName":"동래구"},"geometry":{"type":"Point","coordinates":[129.0787848,35.2080056]}},{"type":"Feature","properties":{"name":"부산지방기상청","highway":"bus_stop","osmType":"node","osmId":"9348130303","districtCode":"26260","districtName":"동래구"},"geometry":{"type":"Point","coordinates":[129.0819928,35.2069182]}},{"type":"Feature","properties":{"name":"동래중학교","highway":"bus_stop","osmType":"node","osmId":"9348130304","districtCode":"26260","districtName":"동래구"},"geometry":{"type":"Point","coordinates":[129.0821777,35.2066564]}},{"type":"Feature","properties":{"name":"부산은행동래금융센터","highway":"bus_stop","osmType":"node","osmId":"9348130305","districtCode":"26260","districtName":"동래구"},"geometry":{"type":"Point","coordinates":[129.084636,35.2047739]}},{"type":"Feature","properties":{"name":"메가마트동래점","highway":"bus_stop","osmType":"node","osmId":"9348130306","districtCode":"26260","districtName":"동래구"},"geometry":{"type":"Point","coordinates":[129.0811613,35.2030504]}},{"type":"Feature","properties":{"name":"동일아파트","highway":"bus_stop","osmType":"node","osmId":"9348130307","districtCode":"26260","districtName":"동래구"},"geometry":{"type":"Point","coordinates":[129.0565478,35.2010309]}},{"type":"Feature","properties":{"name":"동일아파트","highway":"bus_stop","osmType":"node","osmId":"9348130308","districtCode":"26260","districtName":"동래구"},"geometry":{"type":"Point","coordinates":[129.0567104,35.2012601]}},{"type":"Feature","properties":{"name":"달북초등학교","highway":"bus_stop","osmType":"node","osmId":"9348130310","districtCode":"26260","districtName":"동래구"},"geometry":{"type":"Point","coordinates":[129.0600603,35.2024262]}},{"type":"Feature","properties":{"name":"달북초등학교","highway":"bus_stop","osmType":"node","osmId":"9348130311","districtCode":"26260","districtName":"동래구"},"geometry":{"type":"Point","coordinates":[129.0611692,35.2034674]}},{"type":"Feature","properties":{"name":"달북초등학교","highway":"bus_stop","osmType":"node","osmId":"9348130312","districtCode":"26260","districtName":"동래구"},"geometry":{"type":"Point","coordinates":[129.0610076,35.203446]}},{"type":"Feature","properties":{"name":"온천중학교","highway":"bus_stop","osmType":"node","osmId":"9348130313","districtCode":"26260","districtName":"동래구"},"geometry":{"type":"Point","coordinates":[129.0593042,35.203343]}},{"type":"Feature","properties":{"name":"온천중학교","highway":"bus_stop","osmType":"node","osmId":"9348130314","districtCode":"26260","districtName":"동래구"},"geometry":{"type":"Point","coordinates":[129.0592391,35.20326]}},{"type":"Feature","properties":{"name":"달북마을","highway":"bus_stop","osmType":"node","osmId":"9348130315","districtCode":"26260","districtName":"동래구"},"geometry":{"type":"Point","coordinates":[129.0589261,35.2048113]}},{"type":"Feature","properties":{"name":"달북마을","highway":"bus_stop","osmType":"node","osmId":"9348130316","districtCode":"26260","districtName":"동래구"},"geometry":{"type":"Point","coordinates":[129.0587716,35.204695]}},{"type":"Feature","properties":{"name":"삼정그린코아아파트","highway":"bus_stop","osmType":"node","osmId":"9348148217","districtCode":"26260","districtName":"동래구"},"geometry":{"type":"Point","coordinates":[129.0585439,35.2058876]}},{"type":"Feature","properties":{"name":"삼정그린코아포레스트","highway":"bus_stop","osmType":"node","osmId":"9348148218","districtCode":"26260","districtName":"동래구"},"geometry":{"type":"Point","coordinates":[129.0617375,35.2040246]}},{"type":"Feature","properties":{"name":"삼정그린코아포레스트","highway":"bus_stop","osmType":"node","osmId":"9348148219","districtCode":"26260","districtName":"동래구"},"geometry":{"type":"Point","coordinates":[129.0616175,35.2040728]}},{"type":"Feature","properties":{"name":"경보아파트/한독온천어린이집","highway":"bus_stop","osmType":"node","osmId":"9348148220","districtCode":"26260","districtName":"동래구"},"geometry":{"type":"Point","coordinates":[129.0630538,35.2074357]}},{"type":"Feature","properties":{"name":"미남교","highway":"bus_stop","osmType":"node","osmId":"9348148221","districtCode":"26260","districtName":"동래구"},"geometry":{"type":"Point","coordinates":[129.0641615,35.209029]}},{"type":"Feature","properties":{"name":"동서산장아파트/미남교","highway":"bus_stop","osmType":"node","osmId":"9348148222","districtCode":"26260","districtName":"동래구"},"geometry":{"type":"Point","coordinates":[129.0638584,35.2088799]}},{"type":"Feature","properties":{"name":"화신아파트","highway":"bus_stop","osmType":"node","osmId":"9348148223","districtCode":"26260","districtName":"동래구"},"geometry":{"type":"Point","coordinates":[129.0654517,35.2088032]}},{"type":"Feature","properties":{"name":"삼협아파트","highway":"bus_stop","osmType":"node","osmId":"9348148224","districtCode":"26260","districtName":"동래구"},"geometry":{"type":"Point","coordinates":[129.0644297,35.2096711]}},{"type":"Feature","properties":{"name":"금정산약수터","highway":"bus_stop","osmType":"node","osmId":"9348148225","districtCode":"26260","districtName":"동래구"},"geometry":{"type":"Point","coordinates":[129.0578366,35.211949]}},{"type":"Feature","properties":{"name":"금정산약수터","highway":"bus_stop","osmType":"node","osmId":"9348148226","districtCode":"26260","districtName":"동래구"},"geometry":{"type":"Point","coordinates":[129.0578791,35.2119577]}},{"type":"Feature","properties":{"name":"진양집","highway":"bus_stop","osmType":"node","osmId":"9348155132","districtCode":"26260","districtName":"동래구"},"geometry":{"type":"Point","coordinates":[129.0593797,35.212013]}},{"type":"Feature","properties":{"name":"진양집","highway":"bus_stop","osmType":"node","osmId":"9348155133","districtCode":"26260","districtName":"동래구"},"geometry":{"type":"Point","coordinates":[129.0590946,35.2120817]}},{"type":"Feature","properties":{"name":"원광사","highway":"bus_stop","osmType":"node","osmId":"9348155134","districtCode":"26260","districtName":"동래구"},"geometry":{"type":"Point","coordinates":[129.0605243,35.2123902]}},{"type":"Feature","properties":{"name":"원광사","highway":"bus_stop","osmType":"node","osmId":"9348155135","districtCode":"26260","districtName":"동래구"},"geometry":{"type":"Point","coordinates":[129.0604976,35.2124648]}},{"type":"Feature","properties":{"name":"무량수요양원","highway":"bus_stop","osmType":"node","osmId":"9348155136","districtCode":"26260","districtName":"동래구"},"geometry":{"type":"Point","coordinates":[129.0616811,35.2123347]}},{"type":"Feature","properties":{"name":"금솔장","highway":"bus_stop","osmType":"node","osmId":"9348155137","districtCode":"26260","districtName":"동래구"},"geometry":{"type":"Point","coordinates":[129.0618044,35.2123435]}},{"type":"Feature","properties":{"name":"무량수요양원","highway":"bus_stop","osmType":"node","osmId":"9348155138","districtCode":"26260","districtName":"동래구"},"geometry":{"type":"Point","coordinates":[129.0625176,35.2124366]}},{"type":"Feature","properties":{"name":"온천슈퍼","highway":"bus_stop","osmType":"node","osmId":"9348155139","districtCode":"26260","districtName":"동래구"},"geometry":{"type":"Point","coordinates":[129.064052,35.2122982]}},{"type":"Feature","properties":{"name":"온천슈퍼","highway":"bus_stop","osmType":"node","osmId":"9348155140","districtCode":"26260","districtName":"동래구"},"geometry":{"type":"Point","coordinates":[129.0641722,35.2122793]}},{"type":"Feature","properties":{"name":"새들원테니스장","highway":"bus_stop","osmType":"node","osmId":"9348155141","districtCode":"26260","districtName":"동래구"},"geometry":{"type":"Point","coordinates":[129.0650811,35.2125499]}},{"type":"Feature","properties":{"name":"새들원테니스장","highway":"bus_stop","osmType":"node","osmId":"9348155142","districtCode":"26260","districtName":"동래구"},"geometry":{"type":"Point","coordinates":[129.0651381,35.2128784]}},{"type":"Feature","properties":{"name":"화신아파트","highway":"bus_stop","osmType":"node","osmId":"9348155143","districtCode":"26260","districtName":"동래구"},"geometry":{"type":"Point","coordinates":[129.0657916,35.211535]}},{"type":"Feature","properties":{"name":"화신아파트","highway":"bus_stop","osmType":"node","osmId":"9348155144","districtCode":"26260","districtName":"동래구"},"geometry":{"type":"Point","coordinates":[129.0660921,35.211432]}},{"type":"Feature","properties":{"name":"대동아파트","highway":"bus_stop","osmType":"node","osmId":"9348155145","districtCode":"26260","districtName":"동래구"},"geometry":{"type":"Point","coordinates":[129.0668914,35.2115723]}},{"type":"Feature","properties":{"name":"대동아파트","highway":"bus_stop","osmType":"node","osmId":"9348155146","districtCode":"26260","districtName":"동래구"},"geometry":{"type":"Point","coordinates":[129.0669611,35.2114758]}},{"type":"Feature","properties":{"name":"하이패스","highway":"bus_stop","osmType":"node","osmId":"9348155147","districtCode":"26260","districtName":"동래구"},"geometry":{"type":"Point","coordinates":[129.0678784,35.2119361]}},{"type":"Feature","properties":{"name":"하이패스","highway":"bus_stop","osmType":"node","osmId":"9348155148","districtCode":"26260","districtName":"동래구"},"geometry":{"type":"Point","coordinates":[129.0678328,35.2120347]}},{"type":"Feature","properties":{"name":"래미안101동","highway":"bus_stop","osmType":"node","osmId":"9348155150","districtCode":"26260","districtName":"동래구"},"geometry":{"type":"Point","coordinates":[129.0689234,35.2121821]}},{"type":"Feature","properties":{"name":"래미안104동","highway":"bus_stop","osmType":"node","osmId":"9348155152","districtCode":"26260","districtName":"동래구"},"geometry":{"type":"Point","coordinates":[129.0703999,35.2122686]}},{"type":"Feature","properties":{"name":"우장춘기념관","highway":"bus_stop","osmType":"node","osmId":"9348155153","districtCode":"26260","districtName":"동래구"},"geometry":{"type":"Point","coordinates":[129.0723333,35.212427]}},{"type":"Feature","properties":{"name":"우장춘기념관","highway":"bus_stop","osmType":"node","osmId":"9348155154","districtCode":"26260","districtName":"동래구"},"geometry":{"type":"Point","coordinates":[129.0725224,35.2124899]}},{"type":"Feature","properties":{"name":"우장춘기념관","highway":"bus_stop","osmType":"node","osmId":"9348155155","districtCode":"26260","districtName":"동래구"},"geometry":{"type":"Point","coordinates":[129.0724687,35.2125682]}},{"type":"Feature","properties":{"name":"유락여자중학교","highway":"bus_stop","osmType":"node","osmId":"9348155156","districtCode":"26260","districtName":"동래구"},"geometry":{"type":"Point","coordinates":[129.0766951,35.2138788]}},{"type":"Feature","properties":{"name":"유락여자중학교","highway":"bus_stop","osmType":"node","osmId":"9348155157","districtCode":"26260","districtName":"동래구"},"geometry":{"type":"Point","coordinates":[129.076212,35.2138778]}},{"type":"Feature","properties":{"name":"원예고등학교","highway":"bus_stop","osmType":"node","osmId":"9348155158","districtCode":"26260","districtName":"동래구"},"geometry":{"type":"Point","coordinates":[129.0758883,35.2138738]}},{"type":"Feature","properties":{"name":"현대아파트","highway":"bus_stop","osmType":"node","osmId":"9348155159","districtCode":"26260","districtName":"동래구"},"geometry":{"type":"Point","coordinates":[129.0851032,35.2067659]}},{"type":"Feature","properties":{"name":"복산동주민센터","highway":"bus_stop","osmType":"node","osmId":"9348155160","districtCode":"26260","districtName":"동래구"},"geometry":{"type":"Point","coordinates":[129.0853349,35.2065467]}},{"type":"Feature","properties":{"name":"현대아파트","highway":"bus_stop","osmType":"node","osmId":"9348155161","districtCode":"26260","districtName":"동래구"},"geometry":{"type":"Point","coordinates":[129.0849771,35.2066829]}},{"type":"Feature","properties":{"name":"명륜초등학교","highway":"bus_stop","osmType":"node","osmId":"9348155162","districtCode":"26260","districtName":"동래구"},"geometry":{"type":"Point","coordinates":[129.0835542,35.207427]}},{"type":"Feature","properties":{"name":"명륜초등학교","highway":"bus_stop","osmType":"node","osmId":"9348155163","districtCode":"26260","districtName":"동래구"},"geometry":{"type":"Point","coordinates":[129.0834892,35.2072775]}},{"type":"Feature","properties":{"name":"부산은행동래금융센터","highway":"bus_stop","osmType":"node","osmId":"9348155164","districtCode":"26260","districtName":"동래구"},"geometry":{"type":"Point","coordinates":[129.0842586,35.2048929]}},{"type":"Feature","properties":{"name":"송정마을","highway":"bus_stop","osmType":"node","osmId":"9355315166","districtCode":"26440","districtName":"강서구"},"geometry":{"type":"Point","coordinates":[128.8396473,35.1015804]}},{"type":"Feature","properties":{"name":"세방물류","highway":"bus_stop","osmType":"node","osmId":"9355315209","districtCode":"26440","districtName":"강서구"},"geometry":{"type":"Point","coordinates":[128.8255134,35.0859358]}},{"type":"Feature","properties":{"name":"부산항홍보관","highway":"bus_stop","osmType":"node","osmId":"9355315496","districtCode":"26440","districtName":"강서구"},"geometry":{"type":"Point","coordinates":[128.8308921,35.0870534]}},{"type":"Feature","properties":{"name":"부산항홍보관","highway":"bus_stop","osmType":"node","osmId":"9355315497","districtCode":"26440","districtName":"강서구"},"geometry":{"type":"Point","coordinates":[128.8310546,35.0868706]}},{"type":"Feature","properties":{"name":"부산카프링","highway":"bus_stop","osmType":"node","osmId":"9355315499","districtCode":"26440","districtName":"강서구"},"geometry":{"type":"Point","coordinates":[128.827504,35.0933823]}},{"type":"Feature","properties":{"name":"부산카프링","highway":"bus_stop","osmType":"node","osmId":"9355315500","districtCode":"26440","districtName":"강서구"},"geometry":{"type":"Point","coordinates":[128.8273472,35.0939444]}},{"type":"Feature","properties":{"name":"부광산업","highway":"bus_stop","osmType":"node","osmId":"9355315506","districtCode":"26440","districtName":"강서구"},"geometry":{"type":"Point","coordinates":[128.8245804,35.0961982]}},{"type":"Feature","properties":{"name":"부광산업","highway":"bus_stop","osmType":"node","osmId":"9355315507","districtCode":"26440","districtName":"강서구"},"geometry":{"type":"Point","coordinates":[128.824238,35.0960146]}},{"type":"Feature","properties":{"name":"경제자유구역청사거리","highway":"bus_stop","osmType":"node","osmId":"9355316379","districtCode":"26440","districtName":"강서구"},"geometry":{"type":"Point","coordinates":[128.8385985,35.089095]}},{"type":"Feature","properties":{"name":"경제자유구역청사거리","highway":"bus_stop","osmType":"node","osmId":"9355316380","districtCode":"26440","districtName":"강서구"},"geometry":{"type":"Point","coordinates":[128.8385725,35.0887913]}},{"type":"Feature","properties":{"name":"경제자유구역청","highway":"bus_stop","osmType":"node","osmId":"9355316381","districtCode":"26440","districtName":"강서구"},"geometry":{"type":"Point","coordinates":[128.8399686,35.0857826]}},{"type":"Feature","properties":{"name":"경제자유구역청","highway":"bus_stop","osmType":"node","osmId":"9355316382","districtCode":"26440","districtName":"강서구"},"geometry":{"type":"Point","coordinates":[128.8414222,35.085578]}},{"type":"Feature","properties":{"name":"(주)태광","highway":"bus_stop","osmType":"node","osmId":"9355316543","districtCode":"26440","districtName":"강서구"},"geometry":{"type":"Point","coordinates":[128.8312982,35.0903152]}},{"type":"Feature","properties":{"name":"(주)태광","highway":"bus_stop","osmType":"node","osmId":"9355316544","districtCode":"26440","districtName":"강서구"},"geometry":{"type":"Point","coordinates":[128.8336969,35.088894]}},{"type":"Feature","properties":{"name":"범내골역","highway":"bus_stop","osmType":"node","osmId":"9433521869","districtCode":"26230","districtName":"부산진구"},"geometry":{"type":"Point","coordinates":[129.059332,35.1497499]}},{"type":"Feature","properties":{"name":"자성대교차로","highway":"bus_stop","osmType":"node","osmId":"9433521870","districtCode":"26170","districtName":"동구"},"geometry":{"type":"Point","coordinates":[129.0585063,35.1341378]}},{"type":"Feature","properties":{"name":"좌천역.좌천삼거리","highway":"bus_stop","osmType":"node","osmId":"9433521871","districtCode":"26170","districtName":"동구"},"geometry":{"type":"Point","coordinates":[129.0537673,35.1329687]}},{"type":"Feature","properties":{"name":"봉생병원","highway":"bus_stop","osmType":"node","osmId":"9433521872","districtCode":"26170","districtName":"동구"},"geometry":{"type":"Point","coordinates":[129.0505086,35.1304973]}},{"type":"Feature","properties":{"name":"봉생병원","highway":"bus_stop","osmType":"node","osmId":"9433521873","districtCode":"26170","districtName":"동구"},"geometry":{"type":"Point","coordinates":[129.0507975,35.1306372]}},{"type":"Feature","properties":{"name":"부산진역","highway":"bus_stop","osmType":"node","osmId":"9433521874","districtCode":"26170","districtName":"동구"},"geometry":{"type":"Point","coordinates":[129.0480878,35.1281742]}},{"type":"Feature","properties":{"name":"YMCA","name:en":"YMCA","highway":"bus_stop","network":"부산광역시 시내버스","osmType":"node","osmId":"9433521875","districtCode":"26170","districtName":"동구"},"geometry":{"type":"Point","coordinates":[129.0455163,35.125383]}},{"type":"Feature","properties":{"name":"초량역.초량교차로","highway":"bus_stop","osmType":"node","osmId":"9433521876","districtCode":"26170","districtName":"동구"},"geometry":{"type":"Point","coordinates":[129.0424409,35.1201173]}},{"type":"Feature","properties":{"name":"초량역.초량교차로","highway":"bus_stop","osmType":"node","osmId":"9433521877","districtCode":"26170","districtName":"동구"},"geometry":{"type":"Point","coordinates":[129.0421755,35.1195327]}},{"type":"Feature","properties":{"highway":"bus_stop","osmType":"node","osmId":"9657838805","districtCode":"26140","districtName":"서구"},"geometry":{"type":"Point","coordinates":[129.0120983,35.0984172]}},{"type":"Feature","properties":{"name":"마을버스정류소","highway":"bus_stop","osmType":"node","osmId":"9699796804","districtCode":"26320","districtName":"북구"},"geometry":{"type":"Point","coordinates":[129.0272586,35.2154083]}},{"type":"Feature","properties":{"name":"메가마트기장점","highway":"bus_stop","osmType":"node","osmId":"9777539169","districtCode":"26710","districtName":"기장군"},"geometry":{"type":"Point","coordinates":[129.2225857,35.254105]}},{"type":"Feature","properties":{"name":"기장경찰서","highway":"bus_stop","osmType":"node","osmId":"9777539170","districtCode":"26710","districtName":"기장군"},"geometry":{"type":"Point","coordinates":[129.2244156,35.2563245]}},{"type":"Feature","properties":{"name":"후동 입구","highway":"bus_stop","osmType":"node","osmId":"9777539171","districtCode":"26710","districtName":"기장군"},"geometry":{"type":"Point","coordinates":[129.2261627,35.260171]}},{"type":"Feature","properties":{"name":"후동 입구","highway":"bus_stop","osmType":"node","osmId":"9777539172","districtCode":"26710","districtName":"기장군"},"geometry":{"type":"Point","coordinates":[129.2276966,35.2607053]}},{"type":"Feature","properties":{"name":"한신더휴2단지","highway":"bus_stop","osmType":"node","osmId":"9777539173","districtCode":"26710","districtName":"기장군"},"geometry":{"type":"Point","coordinates":[129.2199762,35.2626264]}},{"type":"Feature","properties":{"name":"한신더휴2단지","highway":"bus_stop","osmType":"node","osmId":"9777539174","districtCode":"26710","districtName":"기장군"},"geometry":{"type":"Point","coordinates":[129.2198047,35.2626653]}},{"type":"Feature","properties":{"name":"만화리(농업기술센터 쪽)","highway":"bus_stop","osmType":"node","osmId":"9807594644","districtCode":"26710","districtName":"기장군"},"geometry":{"type":"Point","coordinates":[129.1997267,35.2562095]}},{"type":"Feature","properties":{"name":"만화리(만화리 입구 쪽)","highway":"bus_stop","osmType":"node","osmId":"9848138076","districtCode":"26710","districtName":"기장군"},"geometry":{"type":"Point","coordinates":[129.1995423,35.2562858]}},{"type":"Feature","properties":{"name":"SK텔레콤","highway":"bus_stop","osmType":"node","osmId":"10038288529","districtCode":"26350","districtName":"해운대구"},"geometry":{"type":"Point","coordinates":[129.1269544,35.1743389]}},{"type":"Feature","properties":{"name":"시청자미디어센터,KNN방송국","highway":"bus_stop","osmType":"node","osmId":"10038288530","districtCode":"26350","districtName":"해운대구"},"geometry":{"type":"Point","coordinates":[129.1296784,35.1727793]}},{"type":"Feature","properties":{"name":"롯데백화점센텀시티점","highway":"bus_stop","osmType":"node","osmId":"10038288531","districtCode":"26350","districtName":"해운대구"},"geometry":{"type":"Point","coordinates":[129.1321594,35.1696725]}},{"type":"Feature","properties":{"name":"롯데백화점센텀시티점","highway":"bus_stop","osmType":"node","osmId":"10038288532","districtCode":"26350","districtName":"해운대구"},"geometry":{"type":"Point","coordinates":[129.1317222,35.1696506]}},{"type":"Feature","properties":{"name":"시청자미디어센터.KNN방송국","highway":"bus_stop","osmType":"node","osmId":"10038288533","districtCode":"26350","districtName":"해운대구"},"geometry":{"type":"Point","coordinates":[129.1299216,35.1719722]}},{"type":"Feature","properties":{"name":"SK텔레콤","highway":"bus_stop","osmType":"node","osmId":"10038288534","districtCode":"26350","districtName":"해운대구"},"geometry":{"type":"Point","coordinates":[129.1283226,35.1733868]}},{"type":"Feature","properties":{"name":"센텀중학교","highway":"bus_stop","osmType":"node","osmId":"10038288535","districtCode":"26350","districtName":"해운대구"},"geometry":{"type":"Point","coordinates":[129.1252659,35.1753271]}},{"type":"Feature","properties":{"name":"세종텔레콤","highway":"bus_stop","osmType":"node","osmId":"10038288536","districtCode":"26350","districtName":"해운대구"},"geometry":{"type":"Point","coordinates":[129.1274113,35.1751528]}},{"type":"Feature","properties":{"name":"부산디자인진흥원","highway":"bus_stop","osmType":"node","osmId":"10038288537","districtCode":"26350","districtName":"해운대구"},"geometry":{"type":"Point","coordinates":[129.1297967,35.1740535]}},{"type":"Feature","properties":{"highway":"bus_stop","osmType":"node","osmId":"10208757695","districtCode":"26230","districtName":"부산진구"},"geometry":{"type":"Point","coordinates":[129.0337156,35.147372]}},{"type":"Feature","properties":{"highway":"bus_stop","osmType":"node","osmId":"10208757696","districtCode":"26230","districtName":"부산진구"},"geometry":{"type":"Point","coordinates":[129.0338761,35.1473701]}},{"type":"Feature","properties":{"name":"홈플러스","highway":"bus_stop","osmType":"node","osmId":"10292583310","districtCode":"26530","districtName":"사상구"},"geometry":{"type":"Point","coordinates":[128.9918046,35.1857671]}},{"type":"Feature","properties":{"name":"홈플러스","highway":"bus_stop","osmType":"node","osmId":"10292583311","districtCode":"26530","districtName":"사상구"},"geometry":{"type":"Point","coordinates":[128.9916657,35.1857394]}},{"type":"Feature","properties":{"name":"서부산유통지구역","highway":"bus_stop","osmType":"node","osmId":"10602954725","districtCode":"26440","districtName":"강서구"},"geometry":{"type":"Point","coordinates":[128.9546971,35.1664622]}},{"type":"Feature","properties":{"name":"구포시장남문.반도유보라아파트","highway":"bus_stop","osmType":"node","osmId":"10603313051","districtCode":"26320","districtName":"북구"},"geometry":{"type":"Point","coordinates":[129.0029814,35.204689]}},{"type":"Feature","properties":{"name":"기동대입구교차로","highway":"bus_stop","osmType":"node","osmId":"10698507338","districtCode":"26380","districtName":"사하구"},"geometry":{"type":"Point","coordinates":[128.9728161,35.0848832]}},{"type":"Feature","properties":{"name":"기동대입구교차로","highway":"bus_stop","osmType":"node","osmId":"10698507339","districtCode":"26380","districtName":"사하구"},"geometry":{"type":"Point","coordinates":[128.9726573,35.0848957]}},{"type":"Feature","properties":{"name":"롯데마트","highway":"bus_stop","osmType":"node","osmId":"10698507340","districtCode":"26380","districtName":"사하구"},"geometry":{"type":"Point","coordinates":[128.9728221,35.0848238]}},{"type":"Feature","properties":{"name":"롯데마트","highway":"bus_stop","osmType":"node","osmId":"10698507341","districtCode":"26380","districtName":"사하구"},"geometry":{"type":"Point","coordinates":[128.9726614,35.0848416]}},{"type":"Feature","properties":{"name":"연제도서관입구.연산더샵","highway":"bus_stop","wheelchair":"yes","osmType":"node","osmId":"10948945020","districtCode":"26470","districtName":"연제구"},"geometry":{"type":"Point","coordinates":[129.0846802,35.1747591]}},{"type":"Feature","properties":{"highway":"bus_stop","osmType":"node","osmId":"11252131056","districtCode":"26140","districtName":"서구"},"geometry":{"type":"Point","coordinates":[129.0115548,35.1012812]}},{"type":"Feature","properties":{"highway":"bus_stop","osmType":"node","osmId":"11252131057","districtCode":"26140","districtName":"서구"},"geometry":{"type":"Point","coordinates":[129.0116005,35.1014154]}},{"type":"Feature","properties":{"name":"죽전마을","highway":"bus_stop","osmType":"node","osmId":"11299048708","districtCode":"26410","districtName":"금정구"},"geometry":{"type":"Point","coordinates":[129.0543094,35.2511663]}},{"type":"Feature","properties":{"name":"당리중학교후문","highway":"bus_stop","osmType":"node","osmId":"11324932741","districtCode":"26380","districtName":"사하구"},"geometry":{"type":"Point","coordinates":[128.9814483,35.1019159]}},{"type":"Feature","properties":{"name":"사하중학교","highway":"bus_stop","osmType":"node","osmId":"11324932742","districtCode":"26380","districtName":"사하구"},"geometry":{"type":"Point","coordinates":[128.983107,35.1030534]}},{"type":"Feature","properties":{"name":"대원연립","highway":"bus_stop","osmType":"node","osmId":"11324932743","districtCode":"26380","districtName":"사하구"},"geometry":{"type":"Point","coordinates":[128.9837424,35.1046139]}},{"type":"Feature","properties":{"name":"삼성타워","highway":"bus_stop","osmType":"node","osmId":"11324932744","districtCode":"26380","districtName":"사하구"},"geometry":{"type":"Point","coordinates":[128.9841314,35.1054214]}},{"type":"Feature","properties":{"name":"대암아파트","highway":"bus_stop","osmType":"node","osmId":"11324932745","districtCode":"26380","districtName":"사하구"},"geometry":{"type":"Point","coordinates":[128.9832757,35.1050308]}},{"type":"Feature","properties":{"name":"사동초등학교","highway":"bus_stop","osmType":"node","osmId":"11324932746","districtCode":"26380","districtName":"사하구"},"geometry":{"type":"Point","coordinates":[128.9816797,35.1037778]}},{"type":"Feature","properties":{"name":"동산병원","highway":"bus_stop","osmType":"node","osmId":"11324932752","districtCode":"26380","districtName":"사하구"},"geometry":{"type":"Point","coordinates":[128.993023,35.1004428]}},{"type":"Feature","properties":{"name":"괴정역","highway":"bus_stop","osmType":"node","osmId":"11324932753","districtCode":"26380","districtName":"사하구"},"geometry":{"type":"Point","coordinates":[128.9916802,35.0997537]}},{"type":"Feature","properties":{"name":"괴정역","highway":"bus_stop","osmType":"node","osmId":"11324932754","districtCode":"26380","districtName":"사하구"},"geometry":{"type":"Point","coordinates":[128.9912135,35.0996231]}},{"type":"Feature","properties":{"name":"괴정역.괴정사거리","highway":"bus_stop","osmType":"node","osmId":"11324932755","districtCode":"26380","districtName":"사하구"},"geometry":{"type":"Point","coordinates":[128.9922198,35.0999497]}},{"type":"Feature","properties":{"name":"사하우체국","highway":"bus_stop","osmType":"node","osmId":"11324932756","districtCode":"26380","districtName":"사하구"},"geometry":{"type":"Point","coordinates":[128.9808147,35.1004129]}},{"type":"Feature","properties":{"name":"괴정역.괴정사거리","highway":"bus_stop","osmType":"node","osmId":"11324932757","districtCode":"26380","districtName":"사하구"},"geometry":{"type":"Point","coordinates":[128.9923417,35.0997962]}},{"type":"Feature","properties":{"name":"동문(남문방면)","highway":"bus_stop","osmType":"node","osmId":"11332098332","districtCode":"26410","districtName":"금정구"},"geometry":{"type":"Point","coordinates":[129.0645039,35.2432451]}},{"type":"Feature","properties":{"name":"동문(고별대방면)","highway":"bus_stop","osmType":"node","osmId":"11332098333","districtCode":"26410","districtName":"금정구"},"geometry":{"type":"Point","coordinates":[129.0644826,35.2432125]}},{"type":"Feature","properties":{"name":"남문(동해부락방면)","highway":"bus_stop","osmType":"node","osmId":"11332098334","districtCode":"26410","districtName":"금정구"},"geometry":{"type":"Point","coordinates":[129.0617812,35.2417968]}},{"type":"Feature","properties":{"name":"남문(동문방면)","highway":"bus_stop","osmType":"node","osmId":"11332098335","districtCode":"26410","districtName":"금정구"},"geometry":{"type":"Point","coordinates":[129.0619479,35.2417221]}},{"type":"Feature","properties":{"name":"양로원","highway":"bus_stop","osmType":"node","osmId":"11332141708","districtCode":"26410","districtName":"금정구"},"geometry":{"type":"Point","coordinates":[129.076618,35.2312514]}},{"type":"Feature","properties":{"name":"공해부락","highway":"bus_stop","osmType":"node","osmId":"11332188360","districtCode":"26410","districtName":"금정구"},"geometry":{"type":"Point","coordinates":[129.0559189,35.2443965]}},{"type":"Feature","properties":{"highway":"bus_stop","osmType":"node","osmId":"11337108463","districtCode":"26410","districtName":"금정구"},"geometry":{"type":"Point","coordinates":[129.0568473,35.2439294]}},{"type":"Feature","properties":{"name":"공해부락","highway":"bus_stop","osmType":"node","osmId":"11337108464","districtCode":"26410","districtName":"금정구"},"geometry":{"type":"Point","coordinates":[129.0557828,35.2443167]}},{"type":"Feature","properties":{"name":"(주)거청","highway":"bus_stop","osmType":"node","osmId":"11378424133","districtCode":"26200","districtName":"영도구"},"geometry":{"type":"Point","coordinates":[129.0680384,35.0940165]}},{"type":"Feature","properties":{"name":"에일린의뜰아파트","name:en":"Eileen Garden Apartments","highway":"bus_stop","osmType":"node","osmId":"11575907115","districtCode":"26440","districtName":"강서구"},"geometry":{"type":"Point","coordinates":[128.920467,35.0999963]}},{"type":"Feature","properties":{"name":"금강펜테리움아파트","name:en":"Geumgang Penterium Apartment","highway":"bus_stop","osmType":"node","osmId":"11575956990","districtCode":"26440","districtName":"강서구"},"geometry":{"type":"Point","coordinates":[128.9202575,35.1000902]}},{"type":"Feature","properties":{"name:en":"Jinro Apt","highway":"bus_stop","osmType":"node","osmId":"11763277769","districtCode":"26500","districtName":"수영구"},"geometry":{"type":"Point","coordinates":[129.1283986,35.1566655]}},{"type":"Feature","properties":{"highway":"bus_stop","osmType":"node","osmId":"11854065698","districtCode":"26140","districtName":"서구"},"geometry":{"type":"Point","coordinates":[129.008746,35.1152663]}},{"type":"Feature","properties":{"name":"암남동주민센터","highway":"bus_stop","osmType":"node","osmId":"11981165459","districtCode":"26140","districtName":"서구"},"geometry":{"type":"Point","coordinates":[129.0210081,35.0791997]}},{"type":"Feature","properties":{"name":"부산데파트","highway":"bus_stop","osmType":"node","osmId":"11982714922","districtCode":"26110","districtName":"중구"},"geometry":{"type":"Point","coordinates":[129.0364889,35.1010669]}},{"type":"Feature","properties":{"name":"일신하일라빌라.경동메르빌골드","highway":"bus_stop","osmType":"node","osmId":"11985327716","districtCode":"26350","districtName":"해운대구"},"geometry":{"type":"Point","coordinates":[129.1766258,35.1592392]}},{"type":"Feature","properties":{"name":"일신하일라빌라.경동메르빌골드","highway":"bus_stop","osmType":"node","osmId":"11985327717","districtCode":"26350","districtName":"해운대구"},"geometry":{"type":"Point","coordinates":[129.176532,35.1592036]}},{"type":"Feature","properties":{"name":"Seodaesin Post Office","highway":"bus_stop","osmType":"node","osmId":"12198134146","districtCode":"26140","districtName":"서구"},"geometry":{"type":"Point","coordinates":[129.0164308,35.1129478]}},{"type":"Feature","properties":{"name":"Gudeok Stadium","highway":"bus_stop","osmType":"node","osmId":"12198302101","districtCode":"26140","districtName":"서구"},"geometry":{"type":"Point","coordinates":[129.016153,35.1133866]}},{"type":"Feature","properties":{"name":"Dongsin Elementary School","highway":"bus_stop","osmType":"node","osmId":"12198332736","districtCode":"26140","districtName":"서구"},"geometry":{"type":"Point","coordinates":[129.0180346,35.1151703]}},{"type":"Feature","properties":{"name":"Jungang Park-Minju Park","highway":"bus_stop","osmType":"node","osmId":"12198374363","districtCode":"26110","districtName":"중구"},"geometry":{"type":"Point","coordinates":[129.0285675,35.1126006]}},{"type":"Feature","properties":{"name":"Busan Digital High School","highway":"bus_stop","osmType":"node","osmId":"12198481938","districtCode":"26110","districtName":"중구"},"geometry":{"type":"Point","coordinates":[129.031158,35.1081042]}},{"type":"Feature","properties":{"name":"Busan Digital High School","highway":"bus_stop","osmType":"node","osmId":"12198497202","districtCode":"26110","districtName":"중구"},"geometry":{"type":"Point","coordinates":[129.0319509,35.1095063]}},{"type":"Feature","properties":{"name":"Geobuk Mansion","highway":"bus_stop","osmType":"node","osmId":"12198593444","districtCode":"26110","districtName":"중구"},"geometry":{"type":"Point","coordinates":[129.0338546,35.1098514]}},{"type":"Feature","properties":{"name":"Geobuk Mansion","highway":"bus_stop","osmType":"node","osmId":"12198593445","districtCode":"26110","districtName":"중구"},"geometry":{"type":"Point","coordinates":[129.0338602,35.1096361]}},{"type":"Feature","properties":{"name":"Commodore Hotel","highway":"bus_stop","osmType":"node","osmId":"12198593448","districtCode":"26110","districtName":"중구"},"geometry":{"type":"Point","coordinates":[129.034912,35.1100583]}},{"type":"Feature","properties":{"name":"Commodore Hotel","highway":"bus_stop","osmType":"node","osmId":"12198593449","districtCode":"26110","districtName":"중구"},"geometry":{"type":"Point","coordinates":[129.0349192,35.1101816]}},{"type":"Feature","properties":{"name":"Seomyeon Intersection","highway":"bus_stop","osmType":"node","osmId":"12198974034","districtCode":"26230","districtName":"부산진구"},"geometry":{"type":"Point","coordinates":[129.0618081,35.157839]}},{"type":"Feature","properties":{"highway":"bus_stop","osmType":"node","osmId":"12199139066","districtCode":"26230","districtName":"부산진구"},"geometry":{"type":"Point","coordinates":[129.0554613,35.1644035]}},{"type":"Feature","properties":{"highway":"bus_stop","osmType":"node","osmId":"12199139067","districtCode":"26230","districtName":"부산진구"},"geometry":{"type":"Point","coordinates":[129.0557324,35.1620501]}},{"type":"Feature","properties":{"name":"Busanjin Police Station","highway":"bus_stop","osmType":"node","osmId":"12199139069","districtCode":"26230","districtName":"부산진구"},"geometry":{"type":"Point","coordinates":[129.0547439,35.160181]}},{"type":"Feature","properties":{"highway":"bus_stop","osmType":"node","osmId":"12200897190","districtCode":"26350","districtName":"해운대구"},"geometry":{"type":"Point","coordinates":[129.1690588,35.1656923]}},{"type":"Feature","properties":{"name":"Haeundae Rodeo Street","highway":"bus_stop","osmType":"node","osmId":"12200897191","districtCode":"26350","districtName":"해운대구"},"geometry":{"type":"Point","coordinates":[129.1703818,35.1630359]}},{"type":"Feature","properties":{"name":"Dongbackseom","highway":"bus_stop","osmType":"node","osmId":"12200914910","districtCode":"26350","districtName":"해운대구"},"geometry":{"type":"Point","coordinates":[129.1513842,35.1577237]}},{"type":"Feature","properties":{"name":"Marine City (Suyeong bay yacht Stadium)","highway":"bus_stop","osmType":"node","osmId":"12200985306","districtCode":"26350","districtName":"해운대구"},"geometry":{"type":"Point","coordinates":[129.1414591,35.1568517]}},{"type":"Feature","properties":{"name":"Park Hyatt Busan","highway":"bus_stop","osmType":"node","osmId":"12200985307","districtCode":"26350","districtName":"해운대구"},"geometry":{"type":"Point","coordinates":[129.1414304,35.1568253]}},{"type":"Feature","properties":{"name":"Gwangali Beach","highway":"bus_stop","osmType":"node","osmId":"12201098186","districtCode":"26500","districtName":"수영구"},"geometry":{"type":"Point","coordinates":[129.1181256,35.1531277]}},{"type":"Feature","properties":{"name":"다대포해수욕장역","highway":"bus_stop","osmType":"node","osmId":"12255868096","districtCode":"26380","districtName":"사하구"},"geometry":{"type":"Point","coordinates":[128.9655777,35.0481537]}},{"type":"Feature","properties":{"name":"다대포해수욕장역","highway":"bus_stop","osmType":"node","osmId":"12255868097","districtCode":"26380","districtName":"사하구"},"geometry":{"type":"Point","coordinates":[128.9658991,35.0483221]}},{"type":"Feature","properties":{"name":"사하도서관","highway":"bus_stop","osmType":"node","osmId":"12255868098","districtCode":"26380","districtName":"사하구"},"geometry":{"type":"Point","coordinates":[128.9920389,35.1023824]}},{"type":"Feature","properties":{"name":"당리시장","highway":"bus_stop","osmType":"node","osmId":"12255868099","districtCode":"26380","districtName":"사하구"},"geometry":{"type":"Point","coordinates":[128.9746941,35.1056419]}},{"type":"Feature","properties":{"name":"부산현대미술관","highway":"bus_stop","osmType":"node","osmId":"12255868100","districtCode":"26380","districtName":"사하구"},"geometry":{"type":"Point","coordinates":[128.9424111,35.1088176]}},{"type":"Feature","properties":{"osmType":"node","osmId":"12345739292","districtCode":"26140","districtName":"서구"},"geometry":{"type":"Point","coordinates":[129.0244943,35.1160428]}},{"type":"Feature","properties":{"name":"범어사역","highway":"bus_stop","osmType":"node","osmId":"12422022583","districtCode":"26410","districtName":"금정구"},"geometry":{"type":"Point","coordinates":[129.0925489,35.2723039]}},{"type":"Feature","properties":{"name":"래미안101동","highway":"bus_stop","osmType":"node","osmId":"12483949358","districtCode":"26260","districtName":"동래구"},"geometry":{"type":"Point","coordinates":[129.0694986,35.2120417]}},{"type":"Feature","properties":{"name":"온샘초등학교","highway":"bus_stop","osmType":"node","osmId":"12483949380","districtCode":"26260","districtName":"동래구"},"geometry":{"type":"Point","coordinates":[129.0704426,35.2103823]}},{"type":"Feature","properties":{"name":"온샘초등학교","highway":"bus_stop","osmType":"node","osmId":"12483949381","districtCode":"26260","districtName":"동래구"},"geometry":{"type":"Point","coordinates":[129.0707017,35.210329]}},{"type":"Feature","properties":{"name":"암남동주민센터","highway":"bus_stop","osmType":"node","osmId":"12561033903","districtCode":"26140","districtName":"서구"},"geometry":{"type":"Point","coordinates":[129.021415,35.0797652]}},{"type":"Feature","properties":{"name":"에덴금호아파트","highway":"bus_stop","osmType":"node","osmId":"12638182174","districtCode":"26200","districtName":"영도구"},"geometry":{"type":"Point","coordinates":[129.076704,35.0717114]}},{"type":"Feature","properties":{"name":"영도구청","highway":"bus_stop","osmType":"node","osmId":"12638192221","districtCode":"26200","districtName":"영도구"},"geometry":{"type":"Point","coordinates":[129.0678308,35.0899228]}},{"type":"Feature","properties":{"name":"KT동삼빌딩","highway":"bus_stop","osmType":"node","osmId":"12638192222","districtCode":"26200","districtName":"영도구"},"geometry":{"type":"Point","coordinates":[129.0725395,35.0730509]}},{"type":"Feature","properties":{"name":"에일린의뜰2단지아파트","highway":"bus_stop","osmType":"node","osmId":"12638192223","districtCode":"26200","districtName":"영도구"},"geometry":{"type":"Point","coordinates":[129.0746534,35.0737729]}},{"type":"Feature","properties":{"name":"가덕천성동","highway":"bus_stop","osmType":"node","osmId":"12646882487","districtCode":"26440","districtName":"강서구"},"geometry":{"type":"Point","coordinates":[128.8135058,35.0302126]}},{"type":"Feature","properties":{"name":"동해선좌천역","highway":"bus_stop","osmType":"node","osmId":"12647049153","districtCode":"26710","districtName":"기장군"},"geometry":{"type":"Point","coordinates":[129.2446172,35.3118124]}},{"type":"Feature","properties":{"highway":"bus_stop","osmType":"node","osmId":"12736872505","districtCode":"26230","districtName":"부산진구"},"geometry":{"type":"Point","coordinates":[129.0647481,35.1637024]}},{"type":"Feature","properties":{"name":"영선윗교차로","highway":"bus_stop","osmType":"node","osmId":"12759849733","districtCode":"26200","districtName":"영도구"},"geometry":{"type":"Point","coordinates":[129.0427785,35.0854197]}},{"type":"Feature","properties":{"name":"한성맨션","highway":"bus_stop","osmType":"node","osmId":"12770613913","districtCode":"26200","districtName":"영도구"},"geometry":{"type":"Point","coordinates":[129.0499069,35.094498]}},{"type":"Feature","properties":{"name":"대교통","highway":"bus_stop","osmType":"node","osmId":"12772617526","districtCode":"26200","districtName":"영도구"},"geometry":{"type":"Point","coordinates":[129.0387075,35.0926411]}},{"type":"Feature","properties":{"name":"영도경찰서","highway":"bus_stop","osmType":"node","osmId":"12772617527","districtCode":"26200","districtName":"영도구"},"geometry":{"type":"Point","coordinates":[129.0372037,35.0931471]}},{"type":"Feature","properties":{"name":"영도경찰서","highway":"bus_stop","osmType":"node","osmId":"12772617528","districtCode":"26200","districtName":"영도구"},"geometry":{"type":"Point","coordinates":[129.0375622,35.0928929]}},{"type":"Feature","properties":{"name":"자갈치역.비프광장","name:en":"Jagalchi Station.BIFF Square","highway":"bus_stop","osmType":"node","osmId":"12785537213","districtCode":"26110","districtName":"중구"},"geometry":{"type":"Point","coordinates":[129.0294687,35.0980446]}},{"type":"Feature","properties":{"name":"남포동","name:en":"Nampo-dong","highway":"bus_stop","osmType":"node","osmId":"12785537220","districtCode":"26110","districtName":"중구"},"geometry":{"type":"Point","coordinates":[129.0326126,35.0978389]}},{"type":"Feature","properties":{"name":"동해선교대역","highway":"bus_stop","osmType":"node","osmId":"12785591062","districtCode":"26470","districtName":"연제구"},"geometry":{"type":"Point","coordinates":[129.0798535,35.1931464]}},{"type":"Feature","properties":{"name:en":"Jagalchi Market","highway":"bus_stop","osmType":"node","osmId":"12896054901","districtCode":"26110","districtName":"중구"},"geometry":{"type":"Point","coordinates":[129.0325738,35.0975277]}},{"type":"Feature","properties":{"highway":"bus_stop","osmType":"node","osmId":"12952017570","districtCode":"26440","districtName":"강서구"},"geometry":{"type":"Point","coordinates":[128.8282435,35.0574508]}},{"type":"Feature","properties":{"highway":"bus_stop","osmType":"node","osmId":"12952031310","districtCode":"26440","districtName":"강서구"},"geometry":{"type":"Point","coordinates":[128.8210389,35.0301147]}},{"type":"Feature","properties":{"osmType":"node","osmId":"12956651313","districtCode":"26440","districtName":"강서구"},"geometry":{"type":"Point","coordinates":[128.8231766,35.0312345]}},{"type":"Feature","properties":{"osmType":"node","osmId":"12956651317","districtCode":"26440","districtName":"강서구"},"geometry":{"type":"Point","coordinates":[128.8290635,35.0580187]}},{"type":"Feature","properties":{"name":"광안리입구","highway":"bus_stop","osmType":"node","osmId":"12964463844","districtCode":"26500","districtName":"수영구"},"geometry":{"type":"Point","coordinates":[129.1141474,35.1569258]}},{"type":"Feature","properties":{"name":"상당중학교","highway":"bus_stop","osmType":"node","osmId":"13694887353","districtCode":"26350","districtName":"해운대구"},"geometry":{"type":"Point","coordinates":[129.1770771,35.1785766]}},{"type":"Feature","properties":{"highway":"bus_stop","osmType":"node","osmId":"13707055916","districtCode":"26710","districtName":"기장군"},"geometry":{"type":"Point","coordinates":[129.2199977,35.1939122]}},{"type":"Feature","properties":{"name":"오시리아관광단지 입구","highway":"bus_stop","osmType":"node","osmId":"13707055917","districtCode":"26710","districtName":"기장군"},"geometry":{"type":"Point","coordinates":[129.2126703,35.1894127]}},{"type":"Feature","properties":{"highway":"bus_stop","osmType":"node","osmId":"13710716044","districtCode":"26110","districtName":"중구"},"geometry":{"type":"Point","coordinates":[129.0305543,35.1096776]}},{"type":"Feature","properties":{"highway":"bus_stop","osmType":"node","osmId":"13726876623","districtCode":"26350","districtName":"해운대구"},"geometry":{"type":"Point","coordinates":[129.1929126,35.1605619]}},{"type":"Feature","properties":{"highway":"bus_stop","osmType":"node","osmId":"13751896115","districtCode":"26710","districtName":"기장군"},"geometry":{"type":"Point","coordinates":[129.2131092,35.2243326]}},{"type":"Feature","properties":{"highway":"bus_stop","osmType":"node","osmId":"13751896116","districtCode":"26710","districtName":"기장군"},"geometry":{"type":"Point","coordinates":[129.2128178,35.2242896]}},{"type":"Feature","properties":{"highway":"bus_stop","osmType":"node","osmId":"13886791177","districtCode":"26170","districtName":"동구"},"geometry":{"type":"Point","coordinates":[129.0654536,35.1371712]}},{"type":"Feature","properties":{"highway":"bus_stop","osmType":"node","osmId":"13886892912","districtCode":"26110","districtName":"중구"},"geometry":{"type":"Point","coordinates":[129.0363498,35.1077831]}},{"type":"Feature","properties":{"highway":"bus_stop","osmType":"node","osmId":"13886903833","districtCode":"26110","districtName":"중구"},"geometry":{"type":"Point","coordinates":[129.0362659,35.1034757]}},{"type":"Feature","properties":{"highway":"bus_stop","osmType":"node","osmId":"13888061206","districtCode":"26380","districtName":"사하구"},"geometry":{"type":"Point","coordinates":[128.9701526,35.0492646]}},{"type":"Feature","properties":{"highway":"bus_stop","osmType":"node","osmId":"13888079887","districtCode":"26380","districtName":"사하구"},"geometry":{"type":"Point","coordinates":[128.9774541,35.0800717]}},{"type":"Feature","properties":{"highway":"bus_stop","osmType":"node","osmId":"13888082779","districtCode":"26380","districtName":"사하구"},"geometry":{"type":"Point","coordinates":[128.993382,35.0864684]}},{"type":"Feature","properties":{"highway":"bus_stop","osmType":"node","osmId":"13888095413","districtCode":"26380","districtName":"사하구"},"geometry":{"type":"Point","coordinates":[128.976922,35.0752654]}},{"type":"Feature","properties":{"highway":"bus_stop","osmType":"node","osmId":"13888102099","districtCode":"26380","districtName":"사하구"},"geometry":{"type":"Point","coordinates":[128.9941385,35.0879131]}},{"type":"Feature","properties":{"highway":"bus_stop","osmType":"node","osmId":"13888106549","districtCode":"26380","districtName":"사하구"},"geometry":{"type":"Point","coordinates":[128.977358,35.0781223]}},{"type":"Feature","properties":{"name":"Goejeong Market","highway":"bus_stop","osmType":"node","osmId":"13888118651","districtCode":"26380","districtName":"사하구"},"geometry":{"type":"Point","coordinates":[128.9954711,35.1008365]}},{"type":"Feature","properties":{"highway":"bus_stop","osmType":"node","osmId":"13890120331","districtCode":"26350","districtName":"해운대구"},"geometry":{"type":"Point","coordinates":[129.1412866,35.1630223]}},{"type":"Feature","properties":{"highway":"bus_stop","osmType":"node","osmId":"13890124343","districtCode":"26350","districtName":"해운대구"},"geometry":{"type":"Point","coordinates":[129.1412698,35.1628332]}},{"type":"Feature","properties":{"name":"부산역","highway":"bus_stop","osmType":"node","osmId":"14143484482","districtCode":"26170","districtName":"동구"},"geometry":{"type":"Point","coordinates":[129.0400791,35.1163179]}}]}