{
  "type": "FeatureCollection",
  "features": [
    {
      "type": "Feature",
      "properties": {
        "adm_nm": "경상남도 거제시 일운면",
        "adm_cd2": "4831031000",
        "sgg": "48310",
        "sido": "48",
        "sidonm": "경상남도",
        "sggnm": "거제시",
        "adm_cd": "38090310",
        "id": "4831031000",
        "name": "일운면",
        "center": [
          128.694491,
          34.82068
        ],
        "areaKm2": 32.7643,
        "areaMethod": "SGIS geometry spherical area; not official cadastral area",
        "boundaryDate": "2026-07-01"
      },
      "geometry": {
        "type": "MultiPolygon",
        "coordinates": [
          [
            [
              [
                128.71196125163095,
                34.76740137152279
              ],
              [
                128.7117657325076,
                34.76740294542982
              ],
              [
                128.7108827401185,
                34.76757109916376
              ],
              [
                128.71025412771297,
                34.76770599130201
              ],
              [
                128.71011674966726,
                34.767736542530294
              ],
              [
                128.71000851742517,
                34.767813369908986
              ],
              [
                128.7099282657974,
                34.76792926782686
              ],
              [
                128.709827172118,
                34.768100832356154
              ],
              [
                128.70973557903588,
                34.768287213932986
              ],
              [
                128.7093322919091,
                34.76945183854797
              ],
              [
                128.70981475121414,
                34.772411496087706
              ],
              [
                128.7098960820371,
                34.77257173445696
              ],
              [
                128.71007313236595,
                34.772672020799774
              ],
              [
                128.71024592736615,
                34.7726724373398
              ],
              [
                128.7103847711104,
                34.77259308717384
              ],
              [
                128.71118045616188,
                34.7716889754075
              ],
              [
                128.71748579855665,
                34.77012929920753
              ],
              [
                128.7179893955215,
                34.76928281070213
              ],
              [
                128.71801809401845,
                34.76920117249575
              ],
              [
                128.71807713737968,
                34.768605077516476
              ],
              [
                128.71806844771254,
                34.768503689996464
              ],
              [
                128.71798437301533,
                34.76838357084258
              ],
              [
                128.7179113306079,
                34.76831596305855
              ],
              [
                128.71735610526252,
                34.76784236298601
              ],
              [
                128.71633507740776,
                34.767531363573426
              ],
              [
                128.71621411321107,
                34.7675118571918
              ],
              [
                128.71227178886681,
                34.767403487869935
              ],
              [
                128.71196125163095,
                34.76740137152279
              ]
            ]
          ],
          [
            [
              [
                128.7179354701615,
                34.78803479881074
              ],
              [
                128.71769319622032,
                34.78790652645414
              ],
              [
                128.7174452815252,
                34.78790083988826
              ],
              [
                128.7172839248133,
                34.78791145195304
              ],
              [
                128.71707672217428,
                34.78785421187858
              ],
              [
                128.71641149943872,
                34.78735264831131
              ],
              [
                128.7161997506229,
                34.78697653467112
              ],
              [
                128.71615798208398,
                34.78688257876877
              ],
              [
                128.71611589568346,
                34.78670695595623
              ],
              [
                128.71564650344598,
                34.7839619159212
              ],
              [
                128.7156545818165,
                34.78341381960247
              ],
              [
                128.71566171046737,
                34.783384891141004
              ],
              [
                128.7156900851645,
                34.78334954764556
              ],
              [
                128.7157672247205,
                34.78326730359891
              ],
              [
                128.71588436053503,
                34.783147547591184
              ],
              [
                128.7159341595253,
                34.78312219641407
              ],
              [
                128.7161614251307,
                34.7830558425403
              ],
              [
                128.716402072673,
                34.782947407197895
              ],
              [
                128.71667871874465,
                34.78281217896714
              ],
              [
                128.7169201649357,
                34.78258915499178
              ],
              [
                128.71710548583582,
                34.78202565076466
              ],
              [
                128.7171359386427,
                34.781884919230095
              ],
              [
                128.7170971136571,
                34.78154260006648
              ],
              [
                128.71694158488742,
                34.78127233708584
              ],
              [
                128.71666724704326,
                34.78097811658639
              ],
              [
                128.71652375185553,
                34.780849704410016
              ],
              [
                128.71635534843273,
                34.78074371119837
              ],
              [
                128.71611328725385,
                34.78069479043916
              ],
              [
                128.71530633917166,
                34.78071638205256
              ],
              [
                128.71508928456075,
                34.78074704204787
              ],
              [
                128.71265323992472,
                34.7811728864834
              ],
              [
                128.71243729466792,
                34.781259646559604
              ],
              [
                128.7122772315303,
                34.78140497543192
              ],
              [
                128.71219719022938,
                34.78161500075311
              ],
              [
                128.7109453468757,
                34.78543381090548
              ],
              [
                128.71070704691104,
                34.787375977294545
              ],
              [
                128.7108828719139,
                34.78763534472068
              ],
              [
                128.7135821220175,
                34.78980321168234
              ],
              [
                128.71443171848762,
                34.7901438649961
              ],
              [
                128.71598556979177,
                34.78945249382257
              ],
              [
                128.7169381204168,
                34.78931604723156
              ],
              [
                128.71711378801487,
                34.78924769704753
              ],
              [
                128.7177902084293,
                34.78883154622798
              ],
              [
                128.71805489620635,
                34.788603586012094
              ],
              [
                128.71812659139485,
                34.78851142846501
              ],
              [
                128.7181350570295,
                34.788261211975076
              ],
              [
                128.7179354701615,
                34.78803479881074
              ]
            ]
          ],
          [
            [
              [
                128.68073815109247,
                34.80457124094223
              ],
              [
                128.6806326506382,
                34.80454874722633
              ],
              [
                128.68051698838508,
                34.8045499000562
              ],
              [
                128.68045054094938,
                34.80455919655785
              ],
              [
                128.68037172351944,
                34.80458939193119
              ],
              [
                128.68027282861524,
                34.80464774480445
              ],
              [
                128.68021805439477,
                34.804699151237045
              ],
              [
                128.68016077549055,
                34.804771946057166
              ],
              [
                128.68013984201306,
                34.8048540140671
              ],
              [
                128.6800316329553,
                34.80549672013745
              ],
              [
                128.68002683646586,
                34.805545839289934
              ],
              [
                128.6801342340557,
                34.80607893128562
              ],
              [
                128.68015040998455,
                34.80615604787889
              ],
              [
                128.68020680500808,
                34.80630222285231
              ],
              [
                128.6802696559302,
                34.806444272988635
              ],
              [
                128.68061826254907,
                34.80719901448062
              ],
              [
                128.68067080528476,
                34.80724606782088
              ],
              [
                128.68073624846593,
                34.80725504677498
              ],
              [
                128.6808022788783,
                34.80724242414727
              ],
              [
                128.68086060676313,
                34.80719488374895
              ],
              [
                128.68183567544204,
                34.806308085476765
              ],
              [
                128.68196753429694,
                34.80617288969915
              ],
              [
                128.68202053967582,
                34.80610740511505
              ],
              [
                128.6820720740611,
                34.806010110903486
              ],
              [
                128.6820895305166,
                34.80592275811191
              ],
              [
                128.68207742088984,
                34.805871992507114
              ],
              [
                128.6820439616582,
                34.80582985893606
              ],
              [
                128.6819956282627,
                34.80580755858544
              ],
              [
                128.6830004637008,
                34.8055261718284
              ],
              [
                128.68329873079102,
                34.80536743349133
              ],
              [
                128.68317502368046,
                34.805214538563675
              ],
              [
                128.68073815109247,
                34.80457124094223
              ]
            ]
          ],
          [
            [
              [
                128.75427986248894,
                34.826630132581975
              ],
              [
                128.75447799494103,
                34.82657799496085
              ],
              [
                128.7549567080782,
                34.826603949280894
              ],
              [
                128.75500984245247,
                34.82629102901953
              ],
              [
                128.75490224364137,
                34.82591471152284
              ],
              [
                128.75454520712447,
                34.825049112190094
              ],
              [
                128.75395646541224,
                34.824531855189804
              ],
              [
                128.75280103693873,
                34.823595606276136
              ],
              [
                128.751707679637,
                34.82088410268145
              ],
              [
                128.75147794385754,
                34.81944163817584
              ],
              [
                128.7515328305486,
                34.8192108346066
              ],
              [
                128.75217197195502,
                34.81834732244842
              ],
              [
                128.75248575657426,
                34.81811279305741
              ],
              [
                128.7533036735142,
                34.81816673644189
              ],
              [
                128.7535755417746,
                34.81783423585612
              ],
              [
                128.75344143951511,
                34.817146141471454
              ],
              [
                128.75315706488075,
                34.816887371869186
              ],
              [
                128.75198217982282,
                34.81596781872163
              ],
              [
                128.75135960484536,
                34.815730335803195
              ],
              [
                128.74628855500302,
                34.8143125776871
              ],
              [
                128.7460632889975,
                34.81432017618055
              ],
              [
                128.74587781607352,
                34.81441439314812
              ],
              [
                128.74578248411606,
                34.814529783854745
              ],
              [
                128.74572392168506,
                34.81466546129424
              ],
              [
                128.74571651985482,
                34.81481173460777
              ],
              [
                128.74573491984168,
                34.815034808153825
              ],
              [
                128.7457869464335,
                34.815217653515276
              ],
              [
                128.7458718796377,
                34.815390142221034
              ],
              [
                128.7459572826343,
                34.81555909861006
              ],
              [
                128.74604502641722,
                34.8156941199471
              ],
              [
                128.74671334020783,
                34.81647702971501
              ],
              [
                128.74818114469966,
                34.82086907130802
              ],
              [
                128.7483955691411,
                34.821588884059736
              ],
              [
                128.748758077822,
                34.82271728632843
              ],
              [
                128.7494612738919,
                34.823939379503074
              ],
              [
                128.74991159306992,
                34.82450792941835
              ],
              [
                128.75039897982157,
                34.8249445095028
              ],
              [
                128.7514303939884,
                34.82566898835174
              ],
              [
                128.75314352316335,
                34.82659721919266
              ],
              [
                128.75427986248894,
                34.826630132581975
              ]
            ]
          ],
          [
            [
              [
                128.7362854426035,
                34.84520250670976
              ],
              [
                128.73588386281088,
                34.84405803772956
              ],
              [
                128.73498433779517,
                34.84273716572201
              ],
              [
                128.7342265550479,
                34.842235002349035
              ],
              [
                128.73348704426863,
                34.84260462341221
              ],
              [
                128.7323042239826,
                34.84262146502478
              ],
              [
                128.72786387418986,
                34.84170993807865
              ],
              [
                128.72716517195127,
                34.841053012188034
              ],
              [
                128.72654157770432,
                34.841010549707995
              ],
              [
                128.72560671991582,
                34.840972519479195
              ],
              [
                128.72455554047625,
                34.841652943145206
              ],
              [
                128.72347924001372,
                34.84367533439192
              ],
              [
                128.72224998623764,
                34.84602893835448
              ],
              [
                128.72035682320924,
                34.84911579321134
              ],
              [
                128.7192061940952,
                34.849493990524785
              ],
              [
                128.7171680805339,
                34.849456954129394
              ],
              [
                128.71285470443826,
                34.847576392468945
              ],
              [
                128.70919447979574,
                34.84530780650071
              ],
              [
                128.7090508969651,
                34.8443864788234
              ],
              [
                128.70546426293814,
                34.842590126312906
              ],
              [
                128.70402924856432,
                34.84245633643237
              ],
              [
                128.70314607437362,
                34.841904438493216
              ],
              [
                128.70174906176481,
                34.84059027865355
              ],
              [
                128.70128587626155,
                34.839263040238436
              ],
              [
                128.70185376650815,
                34.83491047759625
              ],
              [
                128.70266385442687,
                34.833601150827164
              ],
              [
                128.70268786971388,
                34.83357169831869
              ],
              [
                128.70406070520198,
                34.83188881150318
              ],
              [
                128.70408627551458,
                34.831868363928905
              ],
              [
                128.70672423968588,
                34.82975892840709
              ],
              [
                128.70695228394203,
                34.82957656860847
              ],
              [
                128.7103166439115,
                34.828759175226104
              ],
              [
                128.71223393550827,
                34.83127926977589
              ],
              [
                128.7159748632181,
                34.83521259672144
              ],
              [
                128.71714210078918,
                34.83701715499864
              ],
              [
                128.71902916529444,
                34.837955108474425
              ],
              [
                128.7198757767077,
                34.837413116129014
              ],
              [
                128.71921971163107,
                34.83680400940582
              ],
              [
                128.72079835654677,
                34.83536828278601
              ],
              [
                128.7231346699887,
                34.8342751753435
              ],
              [
                128.72483510682915,
                34.83354437932672
              ],
              [
                128.7258776124963,
                34.832116186285404
              ],
              [
                128.72678156081898,
                34.82918819974179
              ],
              [
                128.72586622860044,
                34.82642792895996
              ],
              [
                128.72391845674136,
                34.825572143588104
              ],
              [
                128.7220871046361,
                34.82515636964203
              ],
              [
                128.72037579003745,
                34.82535723185173
              ],
              [
                128.72004821214483,
                34.82518391011845
              ],
              [
                128.7194001167738,
                34.82484099022562
              ],
              [
                128.7191453949189,
                34.82290114711297
              ],
              [
                128.72103134987643,
                34.81563071243466
              ],
              [
                128.7238662144388,
                34.812763766407656
              ],
              [
                128.7262037101724,
                34.81175891574602
              ],
              [
                128.72768011832343,
                34.810589574147556
              ],
              [
                128.72887909937762,
                34.807896985904165
              ],
              [
                128.7317559782059,
                34.801937411311954
              ],
              [
                128.73310651473557,
                34.79988639961635
              ],
              [
                128.7335406560681,
                34.800145232025294
              ],
              [
                128.73632293769433,
                34.79992892958218
              ],
              [
                128.7373740868562,
                34.79894220573882
              ],
              [
                128.74066937057069,
                34.792534763107604
              ],
              [
                128.74105713366103,
                34.790585751677725
              ],
              [
                128.74076124431136,
                34.78670308312936
              ],
              [
                128.73982501872098,
                34.78609790601635
              ],
              [
                128.7390230032572,
                34.785579490328516
              ],
              [
                128.73872053630333,
                34.785583808047136
              ],
              [
                128.73623751907854,
                34.785619227913976
              ],
              [
                128.73528625162592,
                34.786251161072485
              ],
              [
                128.73373094718949,
                34.788746808857034
              ],
              [
                128.72993108346006,
                34.7915393426626
              ],
              [
                128.72791564676498,
                34.79253968507488
              ],
              [
                128.725863366165,
                34.79177373767932
              ],
              [
                128.72200439655637,
                34.791740011381314
              ],
              [
                128.720075821642,
                34.791767263571764
              ],
              [
                128.71699612148348,
                34.793135807892256
              ],
              [
                128.71250879007545,
                34.79381736493873
              ],
              [
                128.70930898805014,
                34.7945690364956
              ],
              [
                128.70881330894733,
                34.796519449629045
              ],
              [
                128.70927287597297,
                34.7980147803649
              ],
              [
                128.71068772511825,
                34.799054979493505
              ],
              [
                128.71337932606465,
                34.79963551120639
              ],
              [
                128.71436014636814,
                34.80041675861948
              ],
              [
                128.7143930365893,
                34.80200639883414
              ],
              [
                128.71347063937523,
                34.804051187481356
              ],
              [
                128.7125208013316,
                34.804771265965016
              ],
              [
                128.711964232252,
                34.805684435396884
              ],
              [
                128.711380361068,
                34.80664242268804
              ],
              [
                128.7099292863488,
                34.809047961591226
              ],
              [
                128.70902492742874,
                34.81197584747655
              ],
              [
                128.7080731554792,
                34.81260756942138
              ],
              [
                128.70614225961612,
                34.81254631352733
              ],
              [
                128.70569721730163,
                34.81175748922283
              ],
              [
                128.7052412589421,
                34.81043879123352
              ],
              [
                128.70372819451683,
                34.80984159219131
              ],
              [
                128.70278005677676,
                34.8094673544937
              ],
              [
                128.69995167471612,
                34.80835091069968
              ],
              [
                128.69637930879486,
                34.8069406530846
              ],
              [
                128.6958487803788,
                34.8057876196455
              ],
              [
                128.6953696592311,
                34.804746247825506
              ],
              [
                128.6975910860446,
                34.80330185652535
              ],
              [
                128.69876258598276,
                34.802932161574695
              ],
              [
                128.69949639433466,
                34.802126876197605
              ],
              [
                128.6996418811653,
                34.798767943158474
              ],
              [
                128.69907713714196,
                34.797362390844185
              ],
              [
                128.6968143000351,
                34.79677556085319
              ],
              [
                128.6945605253562,
                34.796630270100756
              ],
              [
                128.6913441967979,
                34.79658662963296
              ],
              [
                128.68920837359357,
                34.796969644149264
              ],
              [
                128.68793876190037,
                34.79778229774732
              ],
              [
                128.68776221846068,
                34.799639877948806
              ],
              [
                128.68841954100571,
                34.80033748596713
              ],
              [
                128.69014665018872,
                34.80093189342301
              ],
              [
                128.6911326826031,
                34.801978288508046
              ],
              [
                128.692921183288,
                34.8055753597147
              ],
              [
                128.69196674126425,
                34.806959158578145
              ],
              [
                128.69156774841966,
                34.80753761985868
              ],
              [
                128.67857768026397,
                34.8118693445571
              ],
              [
                128.67346199872924,
                34.81335319608742
              ],
              [
                128.67088093534593,
                34.812946938867455
              ],
              [
                128.66871967682553,
                34.81209318618671
              ],
              [
                128.66729977335189,
                34.81078753742632
              ],
              [
                128.6672802194983,
                34.80981607840665
              ],
              [
                128.66861649339276,
                34.806970894996084
              ],
              [
                128.66987933653775,
                34.805805159387134
              ],
              [
                128.66844707940592,
                34.80388131006312
              ],
              [
                128.66657168898962,
                34.80123942713165
              ],
              [
                128.6671986448939,
                34.80043577865975
              ],
              [
                128.66940802016708,
                34.798373704324526
              ],
              [
                128.6692884158804,
                34.79775696621576
              ],
              [
                128.66882957134698,
                34.79626146888309
              ],
              [
                128.66719386687905,
                34.79487042854144
              ],
              [
                128.66694049469473,
                34.79293042565949
              ],
              [
                128.66797819806305,
                34.79123775375733
              ],
              [
                128.6693515171231,
                34.79024719562783
              ],
              [
                128.6716944371203,
                34.78950834796887
              ],
              [
                128.67368913553767,
                34.7874491376812
              ],
              [
                128.67434541640236,
                34.785731402707526
              ],
              [
                128.673337298418,
                34.78621208016863
              ],
              [
                128.671995339813,
                34.78626806096899
              ],
              [
                128.6698039680934,
                34.78601511492133
              ],
              [
                128.66913585485534,
                34.78557482563358
              ],
              [
                128.66869438992126,
                34.78513013377303
              ],
              [
                128.66586791984562,
                34.78494344991604
              ],
              [
                128.66443531008233,
                34.78501937502127
              ],
              [
                128.66231453184488,
                34.785968613801806
              ],
              [
                128.66071639088437,
                34.78687310887895
              ],
              [
                128.66037492301186,
                34.786933861570176
              ],
              [
                128.65766529407577,
                34.78683954518066
              ],
              [
                128.6538859200524,
                34.7868157998831
              ],
              [
                128.65332469351256,
                34.78682366397493
              ],
              [
                128.65017178613326,
                34.78895145500203
              ],
              [
                128.64989360690765,
                34.78981855263875
              ],
              [
                128.64966156396758,
                34.790741966583624
              ],
              [
                128.64965488884246,
                34.79137470729306
              ],
              [
                128.64989181064672,
                34.792015949986364
              ],
              [
                128.65070410393605,
                34.79279375470228
              ],
              [
                128.65316547568267,
                34.79631007106861
              ],
              [
                128.6532028013014,
                34.79707946945819
              ],
              [
                128.65326703531213,
                34.798017658103475
              ],
              [
                128.65371405728848,
                34.79939510905385
              ],
              [
                128.65405083467004,
                34.79978624955883
              ],
              [
                128.65512594812648,
                34.80103492004192
              ],
              [
                128.65535400221452,
                34.80236076888874
              ],
              [
                128.655613065849,
                34.80604280115007
              ],
              [
                128.65561306248946,
                34.809460924005364
              ],
              [
                128.65555115187297,
                34.80978104305693
              ],
              [
                128.65568487640576,
                34.81419274399525
              ],
              [
                128.65577531587084,
                34.81529957370473
              ],
              [
                128.65597297570545,
                34.817212538423114
              ],
              [
                128.65616187248625,
                34.817548026940024
              ],
              [
                128.6570218938131,
                34.81841902231885
              ],
              [
                128.65740532542958,
                34.81937163045306
              ],
              [
                128.6568450889723,
                34.822102497978705
              ],
              [
                128.65641231463755,
                34.822965579604286
              ],
              [
                128.65639748420844,
                34.82299514414822
              ],
              [
                128.65748819591028,
                34.823418285382196
              ],
              [
                128.65805305182633,
                34.8235325822435
              ],
              [
                128.6628460564229,
                34.82414171241646
              ],
              [
                128.66607327386563,
                34.82453894796176
              ],
              [
                128.66792532679452,
                34.82451182691577
              ],
              [
                128.66999290720062,
                34.82421158063325
              ],
              [
                128.6705579589865,
                34.82427751297745
              ],
              [
                128.67106435005647,
                34.82439158852018
              ],
              [
                128.67433269385916,
                34.825209549346184
              ],
              [
                128.67618279468496,
                34.82568140781665
              ],
              [
                128.6777196267288,
                34.82650660177589
              ],
              [
                128.67794207515388,
                34.826682096998866
              ],
              [
                128.67886627990995,
                34.82741124755232
              ],
              [
                128.6803182409377,
                34.82861519425673
              ],
              [
                128.6820087662793,
                34.83005251810263
              ],
              [
                128.68325178459477,
                34.83124718991803
              ],
              [
                128.68014222600362,
                34.831319623265685
              ],
              [
                128.67788023930132,
                34.83144242401221
              ],
              [
                128.67556272918546,
                34.8315810996946
              ],
              [
                128.67190299578277,
                34.832135466123276
              ],
              [
                128.67119117098352,
                34.832247563327286
              ],
              [
                128.6688500292684,
                34.834471180356545
              ],
              [
                128.66879779332154,
                34.83453993130445
              ],
              [
                128.66866102348226,
                34.83475315287659
              ],
              [
                128.66668907405187,
                34.838044696130204
              ],
              [
                128.66668483920083,
                34.83810668192708
              ],
              [
                128.66748178433068,
                34.83972116896646
              ],
              [
                128.6676255712552,
                34.839908872980864
              ],
              [
                128.668825396415,
                34.840747945094165
              ],
              [
                128.66988626506244,
                34.84121258626488
              ],
              [
                128.66999808704097,
                34.84124045344812
              ],
              [
                128.67027740467435,
                34.84136522623796
              ],
              [
                128.67155371425997,
                34.84209217281416
              ],
              [
                128.67168133452395,
                34.842168293196444
              ],
              [
                128.6717568004581,
                34.84229252035755
              ],
              [
                128.67178438155418,
                34.84238906762197
              ],
              [
                128.67177161209958,
                34.842585405415946
              ],
              [
                128.67171079299055,
                34.84280227078539
              ],
              [
                128.67167021846174,
                34.84294685817257
              ],
              [
                128.6714281222005,
                34.843511192796164
              ],
              [
                128.6712346370108,
                34.84391029901306
              ],
              [
                128.6710655161536,
                34.844216464594886
              ],
              [
                128.6710371373024,
                34.844316288385784
              ],
              [
                128.671036773277,
                34.84440586059298
              ],
              [
                128.67116692477376,
                34.84584969629742
              ],
              [
                128.67134868400382,
                34.84638417574917
              ],
              [
                128.67198517230966,
                34.84789701658413
              ],
              [
                128.67233927007538,
                34.84860549544268
              ],
              [
                128.67285071700488,
                34.85099323958714
              ],
              [
                128.6734836435493,
                34.85111937348204
              ],
              [
                128.67608487967414,
                34.851546815073974
              ],
              [
                128.68599520085945,
                34.85254060420794
              ],
              [
                128.68737397461692,
                34.852485363108826
              ],
              [
                128.6885642585818,
                34.85225867485978
              ],
              [
                128.69217087527394,
                34.851924209292854
              ],
              [
                128.69350173137323,
                34.85201109202054
              ],
              [
                128.6945253452507,
                34.85209790914027
              ],
              [
                128.69807365023365,
                34.85262119232811
              ],
              [
                128.70237407622366,
                34.85492995235738
              ],
              [
                128.70340138843716,
                34.85519983721397
              ],
              [
                128.704748549428,
                34.855496815710886
              ],
              [
                128.70620803823462,
                34.855665867633085
              ],
              [
                128.70785232301506,
                34.85550592778629
              ],
              [
                128.70862747834468,
                34.85531607969767
              ],
              [
                128.71161260777112,
                34.85514777902158
              ],
              [
                128.71250364000556,
                34.85561954176576
              ],
              [
                128.71315098877122,
                34.856042090932824
              ],
              [
                128.71336203660417,
                34.85636548353587
              ],
              [
                128.71373220180473,
                34.856413410474474
              ],
              [
                128.71493952201268,
                34.85626145586301
              ],
              [
                128.7199366387476,
                34.85526036554399
              ],
              [
                128.72002776394916,
                34.8552138418234
              ],
              [
                128.719880962526,
                34.85491740112814
              ],
              [
                128.7197308232507,
                34.85468361818418
              ],
              [
                128.7196559611015,
                34.854505616278736
              ],
              [
                128.7196079986128,
                34.85434765790443
              ],
              [
                128.7196028004509,
                34.85429206106883
              ],
              [
                128.7196326405991,
                34.85423210388346
              ],
              [
                128.72063383200603,
                34.852286004889876
              ],
              [
                128.721181198258,
                34.85152125827049
              ],
              [
                128.7214888767061,
                34.85115651651139
              ],
              [
                128.7218813031639,
                34.85089739549145
              ],
              [
                128.72776386445068,
                34.847861154340464
              ],
              [
                128.7302740099973,
                34.84683216339038
              ],
              [
                128.73061002646025,
                34.846715772424744
              ],
              [
                128.7345887463318,
                34.84535330141299
              ],
              [
                128.7352229602168,
                34.845254971729695
              ],
              [
                128.7362854426035,
                34.84520250670976
              ]
            ]
          ]
        ]
      }
    },
    {
      "type": "Feature",
      "properties": {
        "adm_nm": "경상남도 거제시 동부면",
        "adm_cd2": "4831032000",
        "sgg": "48310",
        "sido": "48",
        "sidonm": "경상남도",
        "sggnm": "거제시",
        "adm_cd": "38090320",
        "id": "4831032000",
        "name": "동부면",
        "center": [
          128.613443,
          34.797799
        ],
        "areaKm2": 54.5366,
        "areaMethod": "SGIS geometry spherical area; not official cadastral area",
        "boundaryDate": "2026-07-01"
      },
      "geometry": {
        "type": "MultiPolygon",
        "coordinates": [
          [
            [
              [
                128.53158372924347,
                34.78566152230432
              ],
              [
                128.53130776868423,
                34.78553931555695
              ],
              [
                128.53097781947378,
                34.78562171955688
              ],
              [
                128.5307160832565,
                34.785763466448394
              ],
              [
                128.53069466920758,
                34.78605306532097
              ],
              [
                128.53092880510283,
                34.78659575108323
              ],
              [
                128.5310062215828,
                34.78675293679473
              ],
              [
                128.5311504764223,
                34.786988539162465
              ],
              [
                128.53119126150122,
                34.7870444179472
              ],
              [
                128.53123734735007,
                34.787095446516375
              ],
              [
                128.5312860112957,
                34.7871463621486
              ],
              [
                128.53151373302785,
                34.78736918271609
              ],
              [
                128.53158674214578,
                34.78743305707048
              ],
              [
                128.53215397198565,
                34.787913895170945
              ],
              [
                128.5322097771756,
                34.78795399318966
              ],
              [
                128.5322730483632,
                34.78799687280075
              ],
              [
                128.53233740590974,
                34.78803439052918
              ],
              [
                128.53239004516772,
                34.78806179649666
              ],
              [
                128.532474325474,
                34.788094274947696
              ],
              [
                128.53311245049542,
                34.78827360892394
              ],
              [
                128.5332036071419,
                34.78829099675651
              ],
              [
                128.5332953081441,
                34.788300148060365
              ],
              [
                128.53337415101458,
                34.788299127910406
              ],
              [
                128.53369016914587,
                34.78828818459873
              ],
              [
                128.53410191035718,
                34.78827184735244
              ],
              [
                128.53421998636222,
                34.78826688370929
              ],
              [
                128.53443093288462,
                34.788226163626284
              ],
              [
                128.53456454517197,
                34.78817739170579
              ],
              [
                128.53467419468285,
                34.788100988034955
              ],
              [
                128.53476644909608,
                34.78801610806922
              ],
              [
                128.53503552270752,
                34.78768524189372
              ],
              [
                128.53514354235844,
                34.78750665387945
              ],
              [
                128.53519680379998,
                34.787308195833425
              ],
              [
                128.5351705071628,
                34.78710006804629
              ],
              [
                128.5349708686675,
                34.78697010508118
              ],
              [
                128.53468201656554,
                34.78682581617294
              ],
              [
                128.53348922315183,
                34.7863146291547
              ],
              [
                128.53292785459283,
                34.786115493877105
              ],
              [
                128.53158372924347,
                34.78566152230432
              ]
            ]
          ],
          [
            [
              [
                128.63036791978263,
                34.839679012341435
              ],
              [
                128.63305654683134,
                34.836837406349524
              ],
              [
                128.6340143234073,
                34.837061351638326
              ],
              [
                128.63414406419344,
                34.837087979440845
              ],
              [
                128.63428189627822,
                34.83709806288172
              ],
              [
                128.63445587811304,
                34.83709305889095
              ],
              [
                128.6345810912416,
                34.83706029337532
              ],
              [
                128.63469349258298,
                34.83701917481804
              ],
              [
                128.64155471000456,
                34.83444244074263
              ],
              [
                128.64171373695413,
                34.83437245999153
              ],
              [
                128.64175117453647,
                34.83434984546349
              ],
              [
                128.64199584115988,
                34.834201989833005
              ],
              [
                128.6420650098762,
                34.834148305674255
              ],
              [
                128.6422452592753,
                34.83398997599291
              ],
              [
                128.6424233135962,
                34.833781885275656
              ],
              [
                128.64246201145554,
                34.83373226522203
              ],
              [
                128.64253631709352,
                34.83360401375739
              ],
              [
                128.6429927780532,
                34.832784745391045
              ],
              [
                128.6431269784455,
                34.83252265496521
              ],
              [
                128.64330742174832,
                34.83213360775203
              ],
              [
                128.64512566478342,
                34.83040239519848
              ],
              [
                128.64758026075796,
                34.828117360398274
              ],
              [
                128.64765592814274,
                34.82805365514742
              ],
              [
                128.64817000363584,
                34.82773395078833
              ],
              [
                128.64835759004328,
                34.82764886514063
              ],
              [
                128.64860638381697,
                34.82755078209261
              ],
              [
                128.65020389539382,
                34.82703338235435
              ],
              [
                128.65081407506838,
                34.826862244855775
              ],
              [
                128.6523043094961,
                34.826407061096525
              ],
              [
                128.6547917023668,
                34.82551833692963
              ],
              [
                128.65490657367454,
                34.825462686913745
              ],
              [
                128.65515561931224,
                34.825298714967026
              ],
              [
                128.6563618188048,
                34.82422022169013
              ],
              [
                128.65643916005178,
                34.82399649463171
              ],
              [
                128.65644708762372,
                34.8239040385989
              ],
              [
                128.65648133846224,
                34.823504222101406
              ],
              [
                128.65639748420844,
                34.82299514414822
              ],
              [
                128.65641231463755,
                34.822965579604286
              ],
              [
                128.6568450889723,
                34.822102497978705
              ],
              [
                128.65740532542958,
                34.81937163045306
              ],
              [
                128.6570218938131,
                34.81841902231885
              ],
              [
                128.65616187248625,
                34.817548026940024
              ],
              [
                128.65597297570545,
                34.817212538423114
              ],
              [
                128.65577531587084,
                34.81529957370473
              ],
              [
                128.65568487640576,
                34.81419274399525
              ],
              [
                128.65555115187297,
                34.80978104305693
              ],
              [
                128.65561306248946,
                34.809460924005364
              ],
              [
                128.655613065849,
                34.80604280115007
              ],
              [
                128.65535400221452,
                34.80236076888874
              ],
              [
                128.65512594812648,
                34.80103492004192
              ],
              [
                128.65405083467004,
                34.79978624955883
              ],
              [
                128.65371405728848,
                34.79939510905385
              ],
              [
                128.65326703531213,
                34.798017658103475
              ],
              [
                128.6532028013014,
                34.79707946945819
              ],
              [
                128.65316547568267,
                34.79631007106861
              ],
              [
                128.65070410393605,
                34.79279375470228
              ],
              [
                128.64989181064672,
                34.792015949986364
              ],
              [
                128.64965488884246,
                34.79137470729306
              ],
              [
                128.64966156396758,
                34.790741966583624
              ],
              [
                128.64989360690765,
                34.78981855263875
              ],
              [
                128.65017178613326,
                34.78895145500203
              ],
              [
                128.65332469351256,
                34.78682366397493
              ],
              [
                128.6538859200524,
                34.7868157998831
              ],
              [
                128.65766529407577,
                34.78683954518066
              ],
              [
                128.66037492301186,
                34.786933861570176
              ],
              [
                128.66071639088437,
                34.78687310887895
              ],
              [
                128.66231453184488,
                34.785968613801806
              ],
              [
                128.66443531008233,
                34.78501937502127
              ],
              [
                128.66586791984562,
                34.78494344991604
              ],
              [
                128.66869438992126,
                34.78513013377303
              ],
              [
                128.66913585485534,
                34.78557482563358
              ],
              [
                128.6698039680934,
                34.78601511492133
              ],
              [
                128.671995339813,
                34.78626806096899
              ],
              [
                128.673337298418,
                34.78621208016863
              ],
              [
                128.67434541640236,
                34.785731402707526
              ],
              [
                128.67087368820302,
                34.78307214540465
              ],
              [
                128.67117475105056,
                34.78161532869182
              ],
              [
                128.67004806072742,
                34.780101518118094
              ],
              [
                128.66765503877573,
                34.78018765354073
              ],
              [
                128.66482367265402,
                34.779046923114436
              ],
              [
                128.6623011960071,
                34.775840224757246
              ],
              [
                128.65775549918402,
                34.77401926370394
              ],
              [
                128.65555487044486,
                34.775256170579304
              ],
              [
                128.65248846208019,
                34.7771324490982
              ],
              [
                128.65087026481123,
                34.77821653641732
              ],
              [
                128.64895352408658,
                34.77901498172826
              ],
              [
                128.64625226629246,
                34.778216956632015
              ],
              [
                128.64459062040254,
                34.77699747828207
              ],
              [
                128.64344427350733,
                34.77615613937224
              ],
              [
                128.6419377811227,
                34.774277617764696
              ],
              [
                128.64132499925486,
                34.77351347701701
              ],
              [
                128.64111615152655,
                34.772962305026226
              ],
              [
                128.63902370159943,
                34.767439571297245
              ],
              [
                128.638320389206,
                34.76300473062854
              ],
              [
                128.6390179907256,
                34.76108952901735
              ],
              [
                128.64072518733934,
                34.75932541995543
              ],
              [
                128.64348507349604,
                34.758104960257484
              ],
              [
                128.64014233186737,
                34.75655483682377
              ],
              [
                128.6353676867979,
                34.755558448374146
              ],
              [
                128.6343194377098,
                34.75567332626491
              ],
              [
                128.63367542878018,
                34.75574390342072
              ],
              [
                128.63194759390913,
                34.756125119510884
              ],
              [
                128.6301643270858,
                34.75569327999595
              ],
              [
                128.62750981743162,
                34.755077746197294
              ],
              [
                128.6247065378204,
                34.754919851473296
              ],
              [
                128.62306325367234,
                34.75559275060168
              ],
              [
                128.62201965628708,
                34.76071709465178
              ],
              [
                128.621821215633,
                34.76267275897716
              ],
              [
                128.62239554270664,
                34.76380437104812
              ],
              [
                128.62294891252932,
                34.76588024769611
              ],
              [
                128.6244493733481,
                34.76797602078298
              ],
              [
                128.62389249524264,
                34.77113883440312
              ],
              [
                128.61920121285706,
                34.77597916692862
              ],
              [
                128.60862330627472,
                34.77101810152705
              ],
              [
                128.6016156257675,
                34.76866928068676
              ],
              [
                128.59907445225298,
                34.76720057840803
              ],
              [
                128.59074509719505,
                34.770481977501305
              ],
              [
                128.5942536245864,
                34.77359539424931
              ],
              [
                128.59724145379457,
                34.77618899478411
              ],
              [
                128.5970103704478,
                34.77745573133574
              ],
              [
                128.59408319096715,
                34.77802061892409
              ],
              [
                128.59226899139995,
                34.77667531059596
              ],
              [
                128.58892642120406,
                34.77556056102744
              ],
              [
                128.5817648569032,
                34.77512720109936
              ],
              [
                128.5793705202402,
                34.776843206307575
              ],
              [
                128.57799378126813,
                34.77833539089036
              ],
              [
                128.57569298897667,
                34.77825986025054
              ],
              [
                128.57478901224013,
                34.77774499578664
              ],
              [
                128.5747430389811,
                34.77532346887243
              ],
              [
                128.57357770778597,
                34.77449605405965
              ],
              [
                128.57114334252955,
                34.77410622697266
              ],
              [
                128.56793679374596,
                34.77341037139388
              ],
              [
                128.56728833071026,
                34.77289216385121
              ],
              [
                128.5680147429055,
                34.77077662175329
              ],
              [
                128.5651338545546,
                34.76702250304347
              ],
              [
                128.56395881450544,
                34.76566856123581
              ],
              [
                128.5622988146057,
                34.765689855021755
              ],
              [
                128.56064871440503,
                34.766237547818385
              ],
              [
                128.55707529044503,
                34.76638857727691
              ],
              [
                128.5545214161718,
                34.76642118769539
              ],
              [
                128.55338596901458,
                34.7671728367769
              ],
              [
                128.5524156380967,
                34.769923274969855
              ],
              [
                128.55183227189642,
                34.772879385262925
              ],
              [
                128.5518775737574,
                34.77530093572249
              ],
              [
                128.5534435871587,
                34.77707124855901
              ],
              [
                128.55526706012517,
                34.778943571957164
              ],
              [
                128.55706096372083,
                34.77923659098002
              ],
              [
                128.55961126893888,
                34.77899334293747
              ],
              [
                128.56075077908775,
                34.77845219991852
              ],
              [
                128.56166657003354,
                34.7795988671732
              ],
              [
                128.56402100619542,
                34.78251734118321
              ],
              [
                128.56480320410284,
                34.78334978561848
              ],
              [
                128.56762695291198,
                34.7840506411415
              ],
              [
                128.56803838242917,
                34.7844531027912
              ],
              [
                128.5684736400982,
                34.784878868893294
              ],
              [
                128.56854791475052,
                34.78530832960897
              ],
              [
                128.5685548494261,
                34.78582895930623
              ],
              [
                128.56692430262197,
                34.78742958592521
              ],
              [
                128.56565300705427,
                34.78776186951556
              ],
              [
                128.56334797599905,
                34.787475536369264
              ],
              [
                128.561897096183,
                34.787653982219275
              ],
              [
                128.56143607240693,
                34.78771069030992
              ],
              [
                128.56055783264352,
                34.788564415945885
              ],
              [
                128.55942413500134,
                34.78942140611486
              ],
              [
                128.55840627139355,
                34.789645053742944
              ],
              [
                128.5568656019553,
                34.78924350315023
              ],
              [
                128.55555474135073,
                34.787469996494174
              ],
              [
                128.55527558320856,
                34.78620983684955
              ],
              [
                128.55524003978465,
                34.78431472305691
              ],
              [
                128.55406884833891,
                34.783171258733674
              ],
              [
                128.55135718986406,
                34.781626180110436
              ],
              [
                128.54617979426482,
                34.778006131779016
              ],
              [
                128.5453997963131,
                34.77727884737026
              ],
              [
                128.54537037225313,
                34.775699576301925
              ],
              [
                128.54433693903658,
                34.77508082540514
              ],
              [
                128.54305595123594,
                34.774886433182004
              ],
              [
                128.5420401573795,
                34.77521522076503
              ],
              [
                128.53991017073582,
                34.777453671602935
              ],
              [
                128.54006133637307,
                34.7787154900802
              ],
              [
                128.54115152023928,
                34.78238755469796
              ],
              [
                128.54270373693547,
                34.78342101581298
              ],
              [
                128.54222222194997,
                34.78500677126189
              ],
              [
                128.53979548777738,
                34.785037467107244
              ],
              [
                128.53829014847045,
                34.78653081292924
              ],
              [
                128.53806594288758,
                34.788218617664626
              ],
              [
                128.5411412094825,
                34.788706294481955
              ],
              [
                128.54242241005983,
                34.788900703575976
              ],
              [
                128.54420865070423,
                34.78877276650512
              ],
              [
                128.54585930904648,
                34.78822527325742
              ],
              [
                128.54804837144448,
                34.789145274108854
              ],
              [
                128.54947897768045,
                34.79049610352898
              ],
              [
                128.54964409720623,
                34.79249488636577
              ],
              [
                128.55005092805402,
                34.793753447305846
              ],
              [
                128.55082521731333,
                34.7941648131391
              ],
              [
                128.55402653059198,
                34.79454526108569
              ],
              [
                128.55463756540607,
                34.793063121516106
              ],
              [
                128.56252137172768,
                34.791066672120884
              ],
              [
                128.56421565118558,
                34.79283518323844
              ],
              [
                128.57100547909087,
                34.793800902479305
              ],
              [
                128.57689127660947,
                34.79425139865462
              ],
              [
                128.5790667870003,
                34.7944338252207
              ],
              [
                128.5835958456928,
                34.797428995708884
              ],
              [
                128.5847063440699,
                34.802048154014315
              ],
              [
                128.58447903117505,
                34.80352543905295
              ],
              [
                128.58332996556942,
                34.80383592513411
              ],
              [
                128.58231936708708,
                34.804185362946164
              ],
              [
                128.581832879168,
                34.80547611861173
              ],
              [
                128.5833920514707,
                34.806824863616605
              ],
              [
                128.58495531811295,
                34.8083841615212
              ],
              [
                128.58510523096703,
                34.80954060971971
              ],
              [
                128.58526724674903,
                34.8113287454763
              ],
              [
                128.58490813375116,
                34.81259713312886
              ],
              [
                128.58403190662298,
                34.81355631483757
              ],
              [
                128.58359007859107,
                34.817183980716344
              ],
              [
                128.58451871966213,
                34.818962155210514
              ],
              [
                128.58544538151705,
                34.82063502189231
              ],
              [
                128.59076101695928,
                34.82456741904585
              ],
              [
                128.59244647466943,
                34.82580908797275
              ],
              [
                128.59337381041016,
                34.82598726341341
              ],
              [
                128.595012260243,
                34.82630205074187
              ],
              [
                128.59505688562857,
                34.82861824292392
              ],
              [
                128.59286019442325,
                34.827383306517156
              ],
              [
                128.59229192470997,
                34.827895045567764
              ],
              [
                128.5907826421659,
                34.829254172117096
              ],
              [
                128.5911776148909,
                34.82951628684158
              ],
              [
                128.59423889934413,
                34.8315776177297
              ],
              [
                128.596826584135,
                34.83347815474526
              ],
              [
                128.59788785653168,
                34.83417790959695
              ],
              [
                128.60000736495448,
                34.83306076748433
              ],
              [
                128.60109277978162,
                34.83265210058954
              ],
              [
                128.60168774085707,
                34.832794536348985
              ],
              [
                128.60185004803702,
                34.8329426293575
              ],
              [
                128.60277268420157,
                34.83471468638121
              ],
              [
                128.603400617439,
                34.83538254404842
              ],
              [
                128.60381597809948,
                34.83565877895338
              ],
              [
                128.60609645506392,
                34.836631032607535
              ],
              [
                128.6083713734559,
                34.83681943851178
              ],
              [
                128.6096014392553,
                34.836821963700224
              ],
              [
                128.61026185811275,
                34.83681322850011
              ],
              [
                128.6110078666108,
                34.83652164796002
              ],
              [
                128.6124069446919,
                34.835845787188475
              ],
              [
                128.6154852310869,
                34.83601156605017
              ],
              [
                128.61890950670877,
                34.83639804368309
              ],
              [
                128.6229486724225,
                34.83677622809233
              ],
              [
                128.62319953856868,
                34.83679165377366
              ],
              [
                128.62482440438956,
                34.836018740514675
              ],
              [
                128.6254803638592,
                34.83578460740044
              ],
              [
                128.62577640440648,
                34.835780654090165
              ],
              [
                128.62614334672654,
                34.83590722946594
              ],
              [
                128.62908269581462,
                34.838271881676754
              ],
              [
                128.62947648980284,
                34.83860466222688
              ],
              [
                128.63036791978263,
                34.839679012341435
              ]
            ]
          ]
        ]
      }
    },
    {
      "type": "Feature",
      "properties": {
        "adm_nm": "경상남도 거제시 남부면",
        "adm_cd2": "4831033000",
        "sgg": "48310",
        "sido": "48",
        "sidonm": "경상남도",
        "sggnm": "거제시",
        "adm_cd": "38090330",
        "id": "4831033000",
        "name": "남부면",
        "center": [
          128.615236,
          34.737624
        ],
        "areaKm2": 36.2648,
        "areaMethod": "SGIS geometry spherical area; not official cadastral area",
        "boundaryDate": "2026-07-01"
      },
      "geometry": {
        "type": "MultiPolygon",
        "coordinates": [
          [
            [
              [
                128.6247639062949,
                34.68423584486598
              ],
              [
                128.62422835315306,
                34.68293757890645
              ],
              [
                128.61981798346983,
                34.68177503704755
              ],
              [
                128.61895168994366,
                34.68182864905195
              ],
              [
                128.61681350825347,
                34.68206755905193
              ],
              [
                128.61595210481764,
                34.682373738309174
              ],
              [
                128.61414198401118,
                34.68374524137935
              ],
              [
                128.61425461325467,
                34.6842911734687
              ],
              [
                128.6143647994987,
                34.684710807026185
              ],
              [
                128.61467818977485,
                34.68508564796471
              ],
              [
                128.61599787637834,
                34.684731292734455
              ],
              [
                128.61695968094506,
                34.68433955289573
              ],
              [
                128.61863967665246,
                34.68414883533634
              ],
              [
                128.62007281055068,
                34.684382473358156
              ],
              [
                128.6205433645191,
                34.684965751887184
              ],
              [
                128.62141953027358,
                34.68541732519539
              ],
              [
                128.6236268560807,
                34.686103830822226
              ],
              [
                128.6239337418024,
                34.686141848420064
              ],
              [
                128.6246898373198,
                34.685668564609514
              ],
              [
                128.62462731661384,
                34.68507985794594
              ],
              [
                128.6247639062949,
                34.68423584486598
              ]
            ]
          ],
          [
            [
              [
                128.61727444510115,
                34.687409398922256
              ],
              [
                128.6164929321069,
                34.68657757105857
              ],
              [
                128.61583062493833,
                34.68662845107334
              ],
              [
                128.61513202108083,
                34.68743778909627
              ],
              [
                128.61524302892659,
                34.68789952933865
              ],
              [
                128.6178221915921,
                34.68933918903209
              ],
              [
                128.61924886214726,
                34.689236039597546
              ],
              [
                128.61985116550989,
                34.68872272192838
              ],
              [
                128.61968911859657,
                34.688261663460565
              ],
              [
                128.61809633124983,
                34.68769326593037
              ],
              [
                128.61727444510115,
                34.687409398922256
              ]
            ]
          ],
          [
            [
              [
                128.59973656176862,
                34.69345186022561
              ],
              [
                128.59901265209345,
                34.69295603054401
              ],
              [
                128.59835513251946,
                34.69325942260368
              ],
              [
                128.59780852969524,
                34.694024564925186
              ],
              [
                128.597562354998,
                34.69449100609739
              ],
              [
                128.59777773219332,
                34.69507771765318
              ],
              [
                128.59829839066373,
                34.69561832419306
              ],
              [
                128.59866036014247,
                34.695866239125216
              ],
              [
                128.59958106842646,
                34.6959805003513
              ],
              [
                128.60059572231185,
                34.695672413028745
              ],
              [
                128.6005868103176,
                34.695209326040604
              ],
              [
                128.6004726279661,
                34.69457917120537
              ],
              [
                128.59973656176862,
                34.69345186022561
              ]
            ]
          ],
          [
            [
              [
                128.61011979411666,
                34.69209403961875
              ],
              [
                128.60869060310762,
                34.69207078858957
              ],
              [
                128.6077783036171,
                34.695030505641796
              ],
              [
                128.60814924779046,
                34.69574148482788
              ],
              [
                128.60887566888445,
                34.69636355060245
              ],
              [
                128.61000045613258,
                34.69647503336023
              ],
              [
                128.61031356444298,
                34.6941969680291
              ],
              [
                128.61107307362693,
                34.693892174370006
              ],
              [
                128.6116293377537,
                34.69363216338539
              ],
              [
                128.61186891609418,
                34.69282891006332
              ],
              [
                128.61011979411666,
                34.69209403961875
              ]
            ]
          ],
          [
            [
              [
                128.61268592473823,
                34.69812394416808
              ],
              [
                128.61212311270097,
                34.698047177260904
              ],
              [
                128.60983875741772,
                34.6986668818054
              ],
              [
                128.60907757902004,
                34.69888747525484
              ],
              [
                128.60913837058706,
                34.699391994700434
              ],
              [
                128.6094979324406,
                34.699513571014684
              ],
              [
                128.61061868610372,
                34.69941455951004
              ],
              [
                128.61178557157805,
                34.69906226399253
              ],
              [
                128.61284958454303,
                34.698669213639384
              ],
              [
                128.61268592473823,
                34.69812394416808
              ]
            ]
          ],
          [
            [
              [
                128.64865453347323,
                34.70950734596832
              ],
              [
                128.64764642664122,
                34.709365444351484
              ],
              [
                128.64708144098847,
                34.709390372196566
              ],
              [
                128.64641314020307,
                34.709485792505085
              ],
              [
                128.64397773461982,
                34.710244418083235
              ],
              [
                128.64370929665878,
                34.71043813351867
              ],
              [
                128.6434875030813,
                34.71087312386957
              ],
              [
                128.64334878391261,
                34.711272449227565
              ],
              [
                128.64344039046603,
                34.71166865435525
              ],
              [
                128.643757211273,
                34.71180262871295
              ],
              [
                128.64503275789096,
                34.711699021925156
              ],
              [
                128.64778090396592,
                34.71086701716822
              ],
              [
                128.64869226007704,
                34.71035356840995
              ],
              [
                128.6489754526642,
                34.7098486157522
              ],
              [
                128.64865453347323,
                34.70950734596832
              ]
            ]
          ],
          [
            [
              [
                128.68378923662453,
                34.729191416706776
              ],
              [
                128.68338165897364,
                34.729173049915566
              ],
              [
                128.682804477162,
                34.72939695372647
              ],
              [
                128.68257427330445,
                34.72952009927738
              ],
              [
                128.68240563772184,
                34.72981035063746
              ],
              [
                128.6820301386482,
                34.73410980780311
              ],
              [
                128.68208392273664,
                34.73440339121999
              ],
              [
                128.68222764040888,
                34.73478222811771
              ],
              [
                128.68231117747533,
                34.73498902730629
              ],
              [
                128.68241234059207,
                34.73521603227327
              ],
              [
                128.6828144278166,
                34.73572934202242
              ],
              [
                128.68312171900433,
                34.735881910372285
              ],
              [
                128.68547070256668,
                34.736398306862625
              ],
              [
                128.68582833677385,
                34.73622086632343
              ],
              [
                128.6858045572367,
                34.735985981060075
              ],
              [
                128.685598684923,
                34.73568809835367
              ],
              [
                128.68555272648643,
                34.73552120724127
              ],
              [
                128.6855182655594,
                34.73453711218683
              ],
              [
                128.68545796610897,
                34.73194015426728
              ],
              [
                128.68556567267808,
                34.73175706392082
              ],
              [
                128.68578767363687,
                34.73140715518806
              ],
              [
                128.68562990165793,
                34.73112708167528
              ],
              [
                128.68479346676858,
                34.729945323849705
              ],
              [
                128.68378923662453,
                34.729191416706776
              ]
            ]
          ],
          [
            [
              [
                128.64348507349604,
                34.758104960257484
              ],
              [
                128.6444681144424,
                34.75710645686491
              ],
              [
                128.64463470123565,
                34.75552680615137
              ],
              [
                128.64572556323682,
                34.7539890774834
              ],
              [
                128.64733527309724,
                34.75200916718567
              ],
              [
                128.64877623792685,
                34.75150014714482
              ],
              [
                128.64988318307553,
                34.750778066513284
              ],
              [
                128.64939674936159,
                34.749533602208466
              ],
              [
                128.64830934343382,
                34.74791652379334
              ],
              [
                128.64743597424535,
                34.74711243234346
              ],
              [
                128.64859584743013,
                34.74573692353677
              ],
              [
                128.6528891412343,
                34.74274153609916
              ],
              [
                128.65486280077153,
                34.74249719775434
              ],
              [
                128.66211102885154,
                34.74218097424678
              ],
              [
                128.6623845660568,
                34.74266678670889
              ],
              [
                128.66400399404912,
                34.74449404923679
              ],
              [
                128.66851483207304,
                34.7457921870578
              ],
              [
                128.66989509114555,
                34.74555573480278
              ],
              [
                128.6712567379859,
                34.74439480707768
              ],
              [
                128.67283038253615,
                34.74393808242027
              ],
              [
                128.67462593479362,
                34.74467491770559
              ],
              [
                128.6760731908313,
                34.74449185417942
              ],
              [
                128.6775138365655,
                34.743982482462286
              ],
              [
                128.68087742572715,
                34.740726965289205
              ],
              [
                128.68171801353563,
                34.73989947814078
              ],
              [
                128.68358698731598,
                34.737752353183495
              ],
              [
                128.6829594740356,
                34.736074840318466
              ],
              [
                128.68154714852716,
                34.73608204348559
              ],
              [
                128.68009140215833,
                34.73640364014239
              ],
              [
                128.67873919027696,
                34.737326839522616
              ],
              [
                128.67764430738228,
                34.737417296560054
              ],
              [
                128.67579263270673,
                34.73623667969486
              ],
              [
                128.67575766551337,
                34.73450339638705
              ],
              [
                128.67620536567028,
                34.73404495743178
              ],
              [
                128.6764475169665,
                34.7324586200477
              ],
              [
                128.67684805285094,
                34.7296640091004
              ],
              [
                128.67626644367797,
                34.728013617355586
              ],
              [
                128.67489760826933,
                34.72810782371332
              ],
              [
                128.6714715344637,
                34.73041628708693
              ],
              [
                128.67063521290663,
                34.73427219581284
              ],
              [
                128.671140551498,
                34.73667745088983
              ],
              [
                128.67190334329916,
                34.7382500008924
              ],
              [
                128.67090587016372,
                34.73864057932874
              ],
              [
                128.6698902084977,
                34.7381268305569
              ],
              [
                128.6687635056327,
                34.736634637139645
              ],
              [
                128.66800079317352,
                34.735062087165524
              ],
              [
                128.66718524812248,
                34.73503249970972
              ],
              [
                128.66649190355656,
                34.73500734331646
              ],
              [
                128.66205723506255,
                34.737178574369736
              ],
              [
                128.65912895477462,
                34.736992318066534
              ],
              [
                128.6571997126096,
                34.736490894199946
              ],
              [
                128.65601494875483,
                34.736657765095316
              ],
              [
                128.65576488388848,
                34.737867257039426
              ],
              [
                128.65542794259161,
                34.73930407965306
              ],
              [
                128.65378328587977,
                34.739326407047216
              ],
              [
                128.653046319333,
                34.73903486660832
              ],
              [
                128.6528530754086,
                34.738509830088134
              ],
              [
                128.65299682625403,
                34.73654796527349
              ],
              [
                128.65166224552675,
                34.73377694791263
              ],
              [
                128.64599705520627,
                34.73382392706573
              ],
              [
                128.6441891629957,
                34.73482828464859
              ],
              [
                128.64136277283222,
                34.7351679007993
              ],
              [
                128.63889440403912,
                34.73512574043683
              ],
              [
                128.6366733920087,
                34.73372333468432
              ],
              [
                128.63408701104953,
                34.732325782299554
              ],
              [
                128.6315210003739,
                34.732133454082906
              ],
              [
                128.6300609015827,
                34.73168841130857
              ],
              [
                128.62863846817936,
                34.72984913211693
              ],
              [
                128.62829302646855,
                34.729907357487065
              ],
              [
                128.62792282148084,
                34.73022219072877
              ],
              [
                128.62741156423087,
                34.73211355719369
              ],
              [
                128.62751620640566,
                34.732790603333314
              ],
              [
                128.62853450638042,
                34.733455430336775
              ],
              [
                128.6297281734654,
                34.73374100535901
              ],
              [
                128.62983875011372,
                34.734719500914345
              ],
              [
                128.62967080796656,
                34.735475550796245
              ],
              [
                128.62804392098744,
                34.73640187555988
              ],
              [
                128.62731150290776,
                34.73633627053274
              ],
              [
                128.6264582063502,
                34.73476465573721
              ],
              [
                128.62561230655945,
                34.73356982265387
              ],
              [
                128.62497859678123,
                34.73318100733963
              ],
              [
                128.6244098267146,
                34.732832039510996
              ],
              [
                128.62330314170873,
                34.73231910970796
              ],
              [
                128.62220971551722,
                34.73248442616807
              ],
              [
                128.6215628144002,
                34.732116119391314
              ],
              [
                128.6208069091062,
                34.730844688792146
              ],
              [
                128.62096611424064,
                34.72963646918492
              ],
              [
                128.62204036927977,
                34.7284914579708
              ],
              [
                128.62249716995132,
                34.72848537893047
              ],
              [
                128.62242199315446,
                34.72931558131957
              ],
              [
                128.62189883983015,
                34.73060402923436
              ],
              [
                128.62528514011947,
                34.730860444049505
              ],
              [
                128.62790510440541,
                34.729317846888556
              ],
              [
                128.6288908608174,
                34.728324727961144
              ],
              [
                128.62824367513912,
                34.72794162931703
              ],
              [
                128.6275864392925,
                34.727045824817516
              ],
              [
                128.63040491942743,
                34.721656064844616
              ],
              [
                128.63138167967884,
                34.720210744453354
              ],
              [
                128.63318352161872,
                34.7189051351286
              ],
              [
                128.63709962961963,
                34.71824955649701
              ],
              [
                128.63855080190996,
                34.717702388592514
              ],
              [
                128.64160896654602,
                34.71524904602624
              ],
              [
                128.6425854625297,
                34.713803639532436
              ],
              [
                128.64210047213228,
                34.71237790168059
              ],
              [
                128.63755795621938,
                34.70904682173939
              ],
              [
                128.63526265609562,
                34.70847457907324
              ],
              [
                128.63308239945292,
                34.709106848102074
              ],
              [
                128.62837709085431,
                34.7114312369412
              ],
              [
                128.62779116488758,
                34.71226727913983
              ],
              [
                128.62773602942602,
                34.71234595195112
              ],
              [
                128.6275771568751,
                34.71257263642254
              ],
              [
                128.6255400450472,
                34.71305211741423
              ],
              [
                128.6233375158663,
                34.71255378190095
              ],
              [
                128.62130153908177,
                34.71122399624775
              ],
              [
                128.6209185402087,
                34.71032451066894
              ],
              [
                128.6212662695661,
                34.709415298021504
              ],
              [
                128.61975347387076,
                34.706797025769696
              ],
              [
                128.61927603049307,
                34.70615130388148
              ],
              [
                128.61881516134727,
                34.705527994404584
              ],
              [
                128.6157967281572,
                34.705341885636145
              ],
              [
                128.61514567254704,
                34.70474744903434
              ],
              [
                128.61309832507985,
                34.70281462285466
              ],
              [
                128.61023347779667,
                34.701118702171236
              ],
              [
                128.60722540289524,
                34.70145990514146
              ],
              [
                128.60504218217608,
                34.70194094278444
              ],
              [
                128.5996840657035,
                34.70359438077881
              ],
              [
                128.59878232123276,
                34.70420926807797
              ],
              [
                128.5986199332641,
                34.70526676012227
              ],
              [
                128.59747021069057,
                34.70724175853694
              ],
              [
                128.59538101514678,
                34.70787216982069
              ],
              [
                128.591828919071,
                34.70844627238892
              ],
              [
                128.59073428742022,
                34.7085359386745
              ],
              [
                128.58530934507064,
                34.70672203047444
              ],
              [
                128.5839947360426,
                34.70485454229569
              ],
              [
                128.58203798663465,
                34.70284462913773
              ],
              [
                128.58019985652666,
                34.702265382028266
              ],
              [
                128.5766307372573,
                34.70193467772353
              ],
              [
                128.57618549477922,
                34.70254348744809
              ],
              [
                128.57552478514916,
                34.70624577933303
              ],
              [
                128.5772944974635,
                34.70803207931614
              ],
              [
                128.5777626362328,
                34.70862908882318
              ],
              [
                128.57879599574574,
                34.71012335918349
              ],
              [
                128.5797666832947,
                34.713126088342904
              ],
              [
                128.57970254256998,
                34.71455918736139
              ],
              [
                128.5802798295922,
                34.716089014680506
              ],
              [
                128.5817500017231,
                34.71652224296002
              ],
              [
                128.58321445451483,
                34.716654005618466
              ],
              [
                128.58466739948292,
                34.71618283531456
              ],
              [
                128.5865770837714,
                34.715705690288495
              ],
              [
                128.58752653664325,
                34.71757789156885
              ],
              [
                128.5875538819422,
                34.719009802362464
              ],
              [
                128.58620518847215,
                34.720158103504055
              ],
              [
                128.58421841921577,
                34.72139004858704
              ],
              [
                128.58315949076268,
                34.72336374442292
              ],
              [
                128.5840831145642,
                34.72387942301994
              ],
              [
                128.5886566892864,
                34.7241214417069
              ],
              [
                128.5910218545126,
                34.72356291518331
              ],
              [
                128.59348846380374,
                34.72353070018569
              ],
              [
                128.5981852710257,
                34.725429166128244
              ],
              [
                128.60332600618744,
                34.72664315711195
              ],
              [
                128.60408014036238,
                34.72783934186594
              ],
              [
                128.60410487151648,
                34.72912051255695
              ],
              [
                128.6039410680908,
                34.73010263505303
              ],
              [
                128.6044138898423,
                34.7309256227372
              ],
              [
                128.60561325534576,
                34.73151287907847
              ],
              [
                128.6059590682324,
                34.73146746846844
              ],
              [
                128.60604005717815,
                34.73145683301056
              ],
              [
                128.6068894361461,
                34.731345291483485
              ],
              [
                128.6062153414964,
                34.734294077851395
              ],
              [
                128.60559558674623,
                34.73532669248868
              ],
              [
                128.60041227353705,
                34.7366763398692
              ],
              [
                128.59958124387654,
                34.736234966200925
              ],
              [
                128.59790904526005,
                34.73482464041312
              ],
              [
                128.59544791258435,
                34.73515839616424
              ],
              [
                128.5919249740784,
                34.73731514871539
              ],
              [
                128.59075018754982,
                34.73785641598076
              ],
              [
                128.5897575524856,
                34.73728236625644
              ],
              [
                128.58768503603082,
                34.736702125583896
              ],
              [
                128.58699767788133,
                34.73669084272101
              ],
              [
                128.58599445764617,
                34.73684558979524
              ],
              [
                128.58450903226037,
                34.737451925604596
              ],
              [
                128.58368835309656,
                34.73817103802117
              ],
              [
                128.58284542744718,
                34.73901188641164
              ],
              [
                128.58122801971743,
                34.7391340848794
              ],
              [
                128.57971067897165,
                34.73935618779524
              ],
              [
                128.57682457851124,
                34.74105440338998
              ],
              [
                128.5768531970105,
                34.74256167880007
              ],
              [
                128.57674914537182,
                34.74670903721597
              ],
              [
                128.57613236203682,
                34.74792312521341
              ],
              [
                128.57751911907135,
                34.75355884682266
              ],
              [
                128.5793669828468,
                34.754590259006406
              ],
              [
                128.58178046582574,
                34.756518903187576
              ],
              [
                128.5810766043752,
                34.75796027836925
              ],
              [
                128.57965158130116,
                34.75993868799812
              ],
              [
                128.57866629552672,
                34.761006814275035
              ],
              [
                128.5789605641716,
                34.76205834741746
              ],
              [
                128.58035019704604,
                34.763020291973895
              ],
              [
                128.58368084536127,
                34.76508774991378
              ],
              [
                128.58541460034886,
                34.76491443170693
              ],
              [
                128.58585000693512,
                34.76377805203861
              ],
              [
                128.58555565214996,
                34.76272652488609
              ],
              [
                128.58636238948108,
                34.76188683385816
              ],
              [
                128.58727493920057,
                34.76179956903567
              ],
              [
                128.5893116729139,
                34.763129893123896
              ],
              [
                128.59071298656391,
                34.764694611678266
              ],
              [
                128.59236255451643,
                34.76489921827311
              ],
              [
                128.59436469516058,
                34.7644207495041
              ],
              [
                128.595811148356,
                34.76357261454393
              ],
              [
                128.5992785238381,
                34.76322562004313
              ],
              [
                128.60001553543268,
                34.7635174779331
              ],
              [
                128.60067567449107,
                34.76456414327786
              ],
              [
                128.60108344980748,
                34.76674486074103
              ],
              [
                128.59907445225298,
                34.76720057840803
              ],
              [
                128.6016156257675,
                34.76866928068676
              ],
              [
                128.60862330627472,
                34.77101810152705
              ],
              [
                128.61920121285706,
                34.77597916692862
              ],
              [
                128.62389249524264,
                34.77113883440312
              ],
              [
                128.6244493733481,
                34.76797602078298
              ],
              [
                128.62294891252932,
                34.76588024769611
              ],
              [
                128.62239554270664,
                34.76380437104812
              ],
              [
                128.621821215633,
                34.76267275897716
              ],
              [
                128.62201965628708,
                34.76071709465178
              ],
              [
                128.62306325367234,
                34.75559275060168
              ],
              [
                128.6247065378204,
                34.754919851473296
              ],
              [
                128.62750981743162,
                34.755077746197294
              ],
              [
                128.6301643270858,
                34.75569327999595
              ],
              [
                128.63194759390913,
                34.756125119510884
              ],
              [
                128.63367542878018,
                34.75574390342072
              ],
              [
                128.6343194377098,
                34.75567332626491
              ],
              [
                128.6353676867979,
                34.755558448374146
              ],
              [
                128.64014233186737,
                34.75655483682377
              ],
              [
                128.64348507349604,
                34.758104960257484
              ]
            ]
          ]
        ]
      }
    },
    {
      "type": "Feature",
      "properties": {
        "adm_nm": "경상남도 거제시 거제면",
        "adm_cd2": "4831034000",
        "sgg": "48310",
        "sido": "48",
        "sidonm": "경상남도",
        "sggnm": "거제시",
        "adm_cd": "38090340",
        "id": "4831034000",
        "name": "거제면",
        "center": [
          128.581801,
          34.859712
        ],
        "areaKm2": 38.1716,
        "areaMethod": "SGIS geometry spherical area; not official cadastral area",
        "boundaryDate": "2026-07-01"
      },
      "geometry": {
        "type": "MultiPolygon",
        "coordinates": [
          [
            [
              [
                128.53030563290542,
                34.80200283595147
              ],
              [
                128.53017534537108,
                34.801996951533226
              ],
              [
                128.53005941655923,
                34.80199825389487
              ],
              [
                128.52999816976876,
                34.802004828277724
              ],
              [
                128.5299345154136,
                34.80201374584336
              ],
              [
                128.5286187188495,
                34.8022975009747
              ],
              [
                128.52845876808942,
                34.80234685609962
              ],
              [
                128.52829104195325,
                34.80241360421813
              ],
              [
                128.52813242804442,
                34.802507265477544
              ],
              [
                128.5280014160644,
                34.802634675674206
              ],
              [
                128.52786359799794,
                34.80279127516792
              ],
              [
                128.52781942177728,
                34.80284241257175
              ],
              [
                128.5277866513941,
                34.80288831470965
              ],
              [
                128.5277212984491,
                34.80300732414293
              ],
              [
                128.5277019927625,
                34.80305753548954
              ],
              [
                128.5269663813507,
                34.80524415915723
              ],
              [
                128.52694108225634,
                34.80532068181155
              ],
              [
                128.52691810485496,
                34.80539418573889
              ],
              [
                128.52672235208007,
                34.80626988316937
              ],
              [
                128.52659737228487,
                34.80730742563623
              ],
              [
                128.52658977902558,
                34.80739085930302
              ],
              [
                128.52634878253926,
                34.81141912195359
              ],
              [
                128.52634887738785,
                34.81147958337588
              ],
              [
                128.52636856508627,
                34.81154601393767
              ],
              [
                128.52638438720922,
                34.81159166447259
              ],
              [
                128.52641471029554,
                34.81165771134924
              ],
              [
                128.52646229570345,
                34.8117282537513
              ],
              [
                128.5265153828745,
                34.8117836449836
              ],
              [
                128.52658638235846,
                34.811853886099826
              ],
              [
                128.52733044597284,
                34.81238151697529
              ],
              [
                128.52740813314867,
                34.81243324109256
              ],
              [
                128.52750319197196,
                34.81247085711279
              ],
              [
                128.53014363875653,
                34.81339099741228
              ],
              [
                128.53137712914082,
                34.815167637812245
              ],
              [
                128.53189763307884,
                34.81690719815567
              ],
              [
                128.53265075094572,
                34.81895021374822
              ],
              [
                128.53408388245919,
                34.822331091005296
              ],
              [
                128.53413302829384,
                34.8224233537463
              ],
              [
                128.53424384793774,
                34.82255469296966
              ],
              [
                128.5343670382611,
                34.8226897114222
              ],
              [
                128.53450445763633,
                34.82280842469687
              ],
              [
                128.536511369914,
                34.82421111924844
              ],
              [
                128.53664728701426,
                34.82429632323898
              ],
              [
                128.53679087843773,
                34.82436215948449
              ],
              [
                128.5373609441536,
                34.824600000941224
              ],
              [
                128.5376981284968,
                34.82467088672952
              ],
              [
                128.5381293361541,
                34.824759182176834
              ],
              [
                128.54185031424046,
                34.82522081327452
              ],
              [
                128.54219607386136,
                34.82521509601713
              ],
              [
                128.54315082154085,
                34.824929559960495
              ],
              [
                128.54357012782282,
                34.82487775615773
              ],
              [
                128.54364443817406,
                34.82486246036312
              ],
              [
                128.54372835676375,
                34.8248377916922
              ],
              [
                128.543855805935,
                34.824781857508476
              ],
              [
                128.54689663460502,
                34.823401802332185
              ],
              [
                128.54732045344673,
                34.81945065010942
              ],
              [
                128.5472353413663,
                34.81757600440561
              ],
              [
                128.54684041225514,
                34.81648626236854
              ],
              [
                128.5460362365147,
                34.81560516993577
              ],
              [
                128.54519606513932,
                34.814646663767036
              ],
              [
                128.54376548736892,
                34.81277412672655
              ],
              [
                128.5431512634854,
                34.81174056911938
              ],
              [
                128.5424140662517,
                34.81039233438113
              ],
              [
                128.5422152234049,
                34.809820787271185
              ],
              [
                128.54199493242433,
                34.80938647497317
              ],
              [
                128.54079305611813,
                34.8071151436205
              ],
              [
                128.5407167959862,
                34.80699708887427
              ],
              [
                128.54055784244736,
                34.806847502034834
              ],
              [
                128.54022011646708,
                34.806553707274645
              ],
              [
                128.53949126597618,
                34.80595338604428
              ],
              [
                128.5351656230118,
                34.803186401591525
              ],
              [
                128.53507849331285,
                34.803140864586744
              ],
              [
                128.53497899216222,
                34.80310627053379
              ],
              [
                128.53409166362206,
                34.80285890102931
              ],
              [
                128.53389283994315,
                34.802807655761015
              ],
              [
                128.53152492634092,
                34.80221152582817
              ],
              [
                128.53136133079428,
                34.802178397245314
              ],
              [
                128.5312023225461,
                34.802148705707495
              ],
              [
                128.53043400672325,
                34.802020613019664
              ],
              [
                128.53030563290542,
                34.80200283595147
              ]
            ]
          ],
          [
            [
              [
                128.58758788990582,
                34.88355895939395
              ],
              [
                128.5907779432643,
                34.88383809416315
              ],
              [
                128.59087978203183,
                34.88384518023254
              ],
              [
                128.59100208309934,
                34.883837173789196
              ],
              [
                128.59119179564652,
                34.88379413865474
              ],
              [
                128.595115243637,
                34.882753816229545
              ],
              [
                128.59532570277887,
                34.882631869908174
              ],
              [
                128.59550961918393,
                34.88252326148488
              ],
              [
                128.59567117646023,
                34.88240450635872
              ],
              [
                128.59643262540354,
                34.88169632067431
              ],
              [
                128.59715916023106,
                34.881009215233426
              ],
              [
                128.6005271370169,
                34.87878952992955
              ],
              [
                128.60572332300785,
                34.87580290768468
              ],
              [
                128.6072390889545,
                34.875101973164924
              ],
              [
                128.6077344101827,
                34.873259648402716
              ],
              [
                128.60774601633574,
                34.873197483765786
              ],
              [
                128.60765663268305,
                34.87295775773341
              ],
              [
                128.60750333751346,
                34.8726805231418
              ],
              [
                128.60740970722716,
                34.872540285450775
              ],
              [
                128.6073536387943,
                34.872437487880916
              ],
              [
                128.60733168366838,
                34.872294394406104
              ],
              [
                128.60732835366764,
                34.87220108571057
              ],
              [
                128.60733683998282,
                34.872005217738874
              ],
              [
                128.60735633666968,
                34.871871560859454
              ],
              [
                128.60740283857024,
                34.871610524889505
              ],
              [
                128.60749096094136,
                34.8713216240172
              ],
              [
                128.6075824762838,
                34.87112798249229
              ],
              [
                128.6076890615765,
                34.87090248163431
              ],
              [
                128.60784125478952,
                34.870623119279756
              ],
              [
                128.608106828321,
                34.87029124871707
              ],
              [
                128.60823195950064,
                34.87014862263299
              ],
              [
                128.6102932729993,
                34.86889590834344
              ],
              [
                128.61156018696033,
                34.86814746760462
              ],
              [
                128.61331047646394,
                34.867257532318305
              ],
              [
                128.61323673591474,
                34.866899702433415
              ],
              [
                128.61322213548826,
                34.866797057128444
              ],
              [
                128.61322261981084,
                34.86669443150626
              ],
              [
                128.61327596484367,
                34.866576433846646
              ],
              [
                128.61473759056085,
                34.865306195924
              ],
              [
                128.6182122404731,
                34.861744327582386
              ],
              [
                128.61840172234233,
                34.86154281313946
              ],
              [
                128.61847403809674,
                34.86140001225991
              ],
              [
                128.61849357432993,
                34.8612508015046
              ],
              [
                128.61857804125592,
                34.86011300178963
              ],
              [
                128.61861424816357,
                34.859624902256456
              ],
              [
                128.61865531111806,
                34.858900516694945
              ],
              [
                128.61865099194776,
                34.858203962182245
              ],
              [
                128.61863800256805,
                34.857409469284
              ],
              [
                128.61863629755823,
                34.85730526857761
              ],
              [
                128.61864200457023,
                34.85688860297325
              ],
              [
                128.61870343124303,
                34.856649372703394
              ],
              [
                128.61880666569394,
                34.85634185031739
              ],
              [
                128.6189776821033,
                34.856056307184296
              ],
              [
                128.61928099590074,
                34.85569656123138
              ],
              [
                128.61991709421798,
                34.85512951752105
              ],
              [
                128.62042790237538,
                34.85474552329876
              ],
              [
                128.62208128044,
                34.853525529702885
              ],
              [
                128.62762562845595,
                34.84992845915729
              ],
              [
                128.62782201963455,
                34.849937352067194
              ],
              [
                128.62792307175445,
                34.8499321444016
              ],
              [
                128.62821266528138,
                34.849895718145916
              ],
              [
                128.62860659243506,
                34.84983890296909
              ],
              [
                128.62870451140572,
                34.84981573110521
              ],
              [
                128.62878950768513,
                34.849775066101
              ],
              [
                128.6288650241519,
                34.84970647034644
              ],
              [
                128.62898249404188,
                34.84951126437756
              ],
              [
                128.62908268795636,
                34.849337513361746
              ],
              [
                128.62925170876753,
                34.849017532042
              ],
              [
                128.62927677581942,
                34.84896738628146
              ],
              [
                128.62929377137368,
                34.84893338205253
              ],
              [
                128.62936260565922,
                34.848780245537625
              ],
              [
                128.62940152946814,
                34.84868365226971
              ],
              [
                128.62958225088022,
                34.84807496559768
              ],
              [
                128.63053270110848,
                34.84315976763962
              ],
              [
                128.63036791978263,
                34.839679012341435
              ],
              [
                128.62947648980284,
                34.83860466222688
              ],
              [
                128.62908269581462,
                34.838271881676754
              ],
              [
                128.62614334672654,
                34.83590722946594
              ],
              [
                128.62577640440648,
                34.835780654090165
              ],
              [
                128.6254803638592,
                34.83578460740044
              ],
              [
                128.62482440438956,
                34.836018740514675
              ],
              [
                128.62319953856868,
                34.83679165377366
              ],
              [
                128.6229486724225,
                34.83677622809233
              ],
              [
                128.61890950670877,
                34.83639804368309
              ],
              [
                128.6154852310869,
                34.83601156605017
              ],
              [
                128.6124069446919,
                34.835845787188475
              ],
              [
                128.6110078666108,
                34.83652164796002
              ],
              [
                128.61026185811275,
                34.83681322850011
              ],
              [
                128.6096014392553,
                34.836821963700224
              ],
              [
                128.6083713734559,
                34.83681943851178
              ],
              [
                128.60609645506392,
                34.836631032607535
              ],
              [
                128.60381597809948,
                34.83565877895338
              ],
              [
                128.603400617439,
                34.83538254404842
              ],
              [
                128.60277268420157,
                34.83471468638121
              ],
              [
                128.60185004803702,
                34.8329426293575
              ],
              [
                128.60168774085707,
                34.832794536348985
              ],
              [
                128.60109277978162,
                34.83265210058954
              ],
              [
                128.60000736495448,
                34.83306076748433
              ],
              [
                128.59788785653168,
                34.83417790959695
              ],
              [
                128.596826584135,
                34.83347815474526
              ],
              [
                128.59423889934413,
                34.8315776177297
              ],
              [
                128.5911776148909,
                34.82951628684158
              ],
              [
                128.5907826421659,
                34.829254172117096
              ],
              [
                128.58957054857996,
                34.83076452457842
              ],
              [
                128.58883339760933,
                34.83081609526074
              ],
              [
                128.58827396442595,
                34.830844360243496
              ],
              [
                128.58718818667816,
                34.831298955183165
              ],
              [
                128.58623404389965,
                34.83198252178161
              ],
              [
                128.58496376254408,
                34.83343776871009
              ],
              [
                128.5846401682175,
                34.83381949817415
              ],
              [
                128.58469708693244,
                34.83413335275051
              ],
              [
                128.58642060519716,
                34.83507566598072
              ],
              [
                128.5863575189544,
                34.83576858992999
              ],
              [
                128.58607463380508,
                34.83694676246466
              ],
              [
                128.5856051691106,
                34.837686928672554
              ],
              [
                128.5845850320764,
                34.83891663492203
              ],
              [
                128.58264064689038,
                34.83973891190115
              ],
              [
                128.58231140867974,
                34.83982707814202
              ],
              [
                128.57871249461994,
                34.84110723706774
              ],
              [
                128.57586155931523,
                34.843341877590284
              ],
              [
                128.57599679595694,
                34.84375959487992
              ],
              [
                128.57756490876272,
                34.84455721965441
              ],
              [
                128.58158181253293,
                34.844274394000216
              ],
              [
                128.58254054754826,
                34.843821502874256
              ],
              [
                128.58286298180465,
                34.843376878889
              ],
              [
                128.5833862261647,
                34.84278283282847
              ],
              [
                128.5872209470786,
                34.84097117263009
              ],
              [
                128.58875002579077,
                34.846362225147175
              ],
              [
                128.58863364859926,
                34.84693002771443
              ],
              [
                128.58700862372945,
                34.848482231785
              ],
              [
                128.5857702995498,
                34.84895978162387
              ],
              [
                128.58330701100147,
                34.84928546454156
              ],
              [
                128.58258034017157,
                34.849894706962274
              ],
              [
                128.57791727975177,
                34.85368842801404
              ],
              [
                128.57316611859022,
                34.854211330180256
              ],
              [
                128.57158112324262,
                34.852533003412724
              ],
              [
                128.57077532181313,
                34.8516625361121
              ],
              [
                128.56853494160077,
                34.848176409597684
              ],
              [
                128.56735024419936,
                34.846115337350625
              ],
              [
                128.56678832611846,
                34.84601771846241
              ],
              [
                128.5659237452058,
                34.84607078050596
              ],
              [
                128.56458040975846,
                34.84503940120136
              ],
              [
                128.5632045372835,
                34.843630916889346
              ],
              [
                128.56274651517032,
                34.84229452867092
              ],
              [
                128.5626873001676,
                34.84185485486494
              ],
              [
                128.5630353895031,
                34.840067677358505
              ],
              [
                128.56359159776022,
                34.83905599030973
              ],
              [
                128.56435732412157,
                34.835124201008334
              ],
              [
                128.56444327660645,
                34.834284171157236
              ],
              [
                128.56396181674427,
                34.83305294809189
              ],
              [
                128.56334434462684,
                34.832704345986734
              ],
              [
                128.56102714387896,
                34.83256069881128
              ],
              [
                128.560821427479,
                34.832547951961175
              ],
              [
                128.5587183391218,
                34.8330572899925
              ],
              [
                128.55811310437255,
                34.833358654220895
              ],
              [
                128.55606857966382,
                34.832923389182305
              ],
              [
                128.55351747753045,
                34.83262040436647
              ],
              [
                128.55318624972213,
                34.83260366031043
              ],
              [
                128.5508231680465,
                34.833367845032804
              ],
              [
                128.54456483356032,
                34.834097546854274
              ],
              [
                128.54320863329835,
                34.833716276078924
              ],
              [
                128.54143895637839,
                34.83436789624138
              ],
              [
                128.54087158064516,
                34.8353398129953
              ],
              [
                128.5404984299071,
                34.83580597113375
              ],
              [
                128.54021732837523,
                34.83574659338126
              ],
              [
                128.5378957343085,
                34.834098091978106
              ],
              [
                128.53768357570044,
                34.83363936630073
              ],
              [
                128.53775446441824,
                34.83334484325555
              ],
              [
                128.53818279671208,
                34.833108731917626
              ],
              [
                128.53863658119118,
                34.83287229355746
              ],
              [
                128.53912566001853,
                34.83179649431334
              ],
              [
                128.53914915932154,
                34.831691312949346
              ],
              [
                128.53903879852305,
                34.83123130231813
              ],
              [
                128.53887558216084,
                34.830667110373994
              ],
              [
                128.5380926765415,
                34.829628343644394
              ],
              [
                128.5376808463228,
                34.82938185705279
              ],
              [
                128.53753310755505,
                34.82934602054761
              ],
              [
                128.53653027294632,
                34.82910276222943
              ],
              [
                128.53597276256,
                34.829235634661764
              ],
              [
                128.53283069086336,
                34.8313725450213
              ],
              [
                128.53263409052258,
                34.83175253345734
              ],
              [
                128.53362327123827,
                34.832935547453616
              ],
              [
                128.5339368068858,
                34.83337204542541
              ],
              [
                128.5338130538043,
                34.8335623515213
              ],
              [
                128.53116834053026,
                34.833700513795606
              ],
              [
                128.5293352679098,
                34.83368160628014
              ],
              [
                128.52424665534835,
                34.832424116265365
              ],
              [
                128.5238352442098,
                34.83219856391238
              ],
              [
                128.52349322059516,
                34.83159461069464
              ],
              [
                128.52363857223418,
                34.83119429953047
              ],
              [
                128.5245265518333,
                34.8310363739725
              ],
              [
                128.52562390341902,
                34.83119041633703
              ],
              [
                128.5261097314441,
                34.83131017023797
              ],
              [
                128.52753936739765,
                34.830159686387745
              ],
              [
                128.52783313341314,
                34.82952681223114
              ],
              [
                128.5270727078851,
                34.82859470617821
              ],
              [
                128.52668364661127,
                34.82820110240902
              ],
              [
                128.5238509283828,
                34.827796150639905
              ],
              [
                128.5229086198017,
                34.82776600361733
              ],
              [
                128.52255545193026,
                34.82793819754038
              ],
              [
                128.52110922667504,
                34.82680273781015
              ],
              [
                128.5213301530115,
                34.82635955183293
              ],
              [
                128.52190926225907,
                34.826016739327336
              ],
              [
                128.52292249456667,
                34.825752397750136
              ],
              [
                128.5245298531267,
                34.82596298227384
              ],
              [
                128.5252431164944,
                34.82599600687711
              ],
              [
                128.5268134459218,
                34.825577828408434
              ],
              [
                128.5278424265757,
                34.8247889182393
              ],
              [
                128.52798425709815,
                34.824199881791586
              ],
              [
                128.52857279077935,
                34.82161280187121
              ],
              [
                128.52846366244918,
                34.82121567109094
              ],
              [
                128.52825700796194,
                34.82105047799202
              ],
              [
                128.52731594034137,
                34.82108326330702
              ],
              [
                128.52383156131245,
                34.822595042259906
              ],
              [
                128.52315379551968,
                34.82310688690133
              ],
              [
                128.5225565947855,
                34.82384840314196
              ],
              [
                128.5222778509196,
                34.823914813859254
              ],
              [
                128.5217427185462,
                34.82387955528188
              ],
              [
                128.52055873852808,
                34.823160276687986
              ],
              [
                128.5194252874897,
                34.822419401330244
              ],
              [
                128.52266392623093,
                34.818612200994956
              ],
              [
                128.52413966467145,
                34.817209500169426
              ],
              [
                128.5239245383042,
                34.81658300076337
              ],
              [
                128.5228003995964,
                34.814961146987805
              ],
              [
                128.52070157276475,
                34.81235278947553
              ],
              [
                128.51974559267381,
                34.81164917801924
              ],
              [
                128.5191866427764,
                34.81137238778107
              ],
              [
                128.51882701120266,
                34.81135219560198
              ],
              [
                128.51825718304138,
                34.81129762056844
              ],
              [
                128.5176254591133,
                34.8111327704256
              ],
              [
                128.516985888449,
                34.80972195720634
              ],
              [
                128.51651594601256,
                34.80811259122041
              ],
              [
                128.515841823878,
                34.8090733654386
              ],
              [
                128.51382019319504,
                34.81074048907122
              ],
              [
                128.51271315730213,
                34.81183495111281
              ],
              [
                128.51349696470066,
                34.813807485646315
              ],
              [
                128.5135905646784,
                34.81393829247634
              ],
              [
                128.51428480686673,
                34.81484636821987
              ],
              [
                128.51492791406764,
                34.8155359733045
              ],
              [
                128.5150172734639,
                34.81562413583896
              ],
              [
                128.51517513842632,
                34.815782315321925
              ],
              [
                128.5153180364178,
                34.81593787194372
              ],
              [
                128.51553653705835,
                34.81623188254803
              ],
              [
                128.51561377178345,
                34.816343249737805
              ],
              [
                128.51564929268838,
                34.81641830109226
              ],
              [
                128.515653273061,
                34.8165074265017
              ],
              [
                128.51560738346348,
                34.81666737733977
              ],
              [
                128.5154495624628,
                34.817010269512394
              ],
              [
                128.51520543086215,
                34.817511653221786
              ],
              [
                128.51508926146334,
                34.81765193308496
              ],
              [
                128.51491756183148,
                34.81780881508863
              ],
              [
                128.5145535485993,
                34.81805789124356
              ],
              [
                128.51392936443824,
                34.81848026172985
              ],
              [
                128.51239771957574,
                34.81984946917875
              ],
              [
                128.51032350227285,
                34.8235242239991
              ],
              [
                128.51031108601347,
                34.82359648915571
              ],
              [
                128.5103255686697,
                34.823681791637036
              ],
              [
                128.51037898602374,
                34.823767226130876
              ],
              [
                128.51154666933263,
                34.824934200057605
              ],
              [
                128.515638471577,
                34.8303358322269
              ],
              [
                128.51570969229968,
                34.83201744868252
              ],
              [
                128.5156342283667,
                34.833104373828824
              ],
              [
                128.51684621615158,
                34.836430439093405
              ],
              [
                128.51695590174924,
                34.83667678419225
              ],
              [
                128.51711051259184,
                34.83694792229318
              ],
              [
                128.51721485674437,
                34.837080344478736
              ],
              [
                128.51738800129195,
                34.837264831650714
              ],
              [
                128.51764508932393,
                34.837476823847005
              ],
              [
                128.51794729202535,
                34.837677363023
              ],
              [
                128.5181929155572,
                34.837794837165156
              ],
              [
                128.5184207504462,
                34.83786951991655
              ],
              [
                128.5188706828901,
                34.837977426090355
              ],
              [
                128.51926082213907,
                34.83803852029977
              ],
              [
                128.51945002216098,
                34.8380457264585
              ],
              [
                128.51978048220036,
                34.83803667766211
              ],
              [
                128.52009904874046,
                34.83800946611865
              ],
              [
                128.5204719517283,
                34.83793328545166
              ],
              [
                128.5210134887841,
                34.83778399261876
              ],
              [
                128.52123313104946,
                34.83772272549249
              ],
              [
                128.52141982019168,
                34.83764322783618
              ],
              [
                128.52182942109164,
                34.83745456653396
              ],
              [
                128.52213964766676,
                34.83731082938652
              ],
              [
                128.5223928413499,
                34.83715910822754
              ],
              [
                128.52252551601381,
                34.83707030990611
              ],
              [
                128.52278845977207,
                34.836802101375625
              ],
              [
                128.522948211854,
                34.8366365560148
              ],
              [
                128.52305476521732,
                34.836550458324396
              ],
              [
                128.52319647828728,
                34.83649861050749
              ],
              [
                128.5233975257471,
                34.83645553930006
              ],
              [
                128.5236542938758,
                34.83643703324511
              ],
              [
                128.5237956987037,
                34.83643638958409
              ],
              [
                128.52394469516003,
                34.836468656778514
              ],
              [
                128.52412103187575,
                34.83654244945535
              ],
              [
                128.52430435199682,
                34.83662967817639
              ],
              [
                128.52822895179312,
                34.838642136815835
              ],
              [
                128.5297659824958,
                34.83953152349163
              ],
              [
                128.53109089171633,
                34.84042129285197
              ],
              [
                128.53122957149242,
                34.840557729939015
              ],
              [
                128.53135450050084,
                34.84073754782731
              ],
              [
                128.53154025455686,
                34.84117225194814
              ],
              [
                128.53171943979265,
                34.84155210413547
              ],
              [
                128.53182422429225,
                34.841713960650004
              ],
              [
                128.53321705550204,
                34.84315307746044
              ],
              [
                128.5332957789041,
                34.84321707073892
              ],
              [
                128.5376894343808,
                34.84600363326976
              ],
              [
                128.53785324108114,
                34.84606796066016
              ],
              [
                128.53797173289672,
                34.84609061316516
              ],
              [
                128.53823118525887,
                34.8461138341795
              ],
              [
                128.53882158777228,
                34.846130873905345
              ],
              [
                128.53907348150503,
                34.846122947516115
              ],
              [
                128.5391698770588,
                34.84610258555444
              ],
              [
                128.53943503598617,
                34.8460250868609
              ],
              [
                128.53973550903982,
                34.845935877198826
              ],
              [
                128.53984907602438,
                34.84591854013597
              ],
              [
                128.53999344299436,
                34.845925001864664
              ],
              [
                128.54048020447055,
                34.8460320173048
              ],
              [
                128.54145526575704,
                34.84627860808409
              ],
              [
                128.54155821013842,
                34.84631456517106
              ],
              [
                128.54448929121565,
                34.8483281232188
              ],
              [
                128.5456812199312,
                34.849317544382444
              ],
              [
                128.54595235154565,
                34.8495629443112
              ],
              [
                128.5460958685942,
                34.84972494357379
              ],
              [
                128.54628116483363,
                34.84994780599336
              ],
              [
                128.54641079124363,
                34.85013490544608
              ],
              [
                128.54654801793387,
                34.85034574639312
              ],
              [
                128.54663109961888,
                34.85055637868415
              ],
              [
                128.5466738373349,
                34.850756490683544
              ],
              [
                128.54687280693827,
                34.85440842530597
              ],
              [
                128.54688653349396,
                34.85473528635798
              ],
              [
                128.5468581512913,
                34.85487728720467
              ],
              [
                128.54675695199745,
                34.85508719707678
              ],
              [
                128.54660538432242,
                34.8553594646111
              ],
              [
                128.54579217945192,
                34.85737417702473
              ],
              [
                128.54500144553012,
                34.85968454792904
              ],
              [
                128.54494511668133,
                34.859886111196246
              ],
              [
                128.54497706846672,
                34.860036849126544
              ],
              [
                128.54508663003716,
                34.86018788758504
              ],
              [
                128.54564398319897,
                34.86078394857143
              ],
              [
                128.54601980857646,
                34.861140587773605
              ],
              [
                128.54628090371986,
                34.86134334845092
              ],
              [
                128.54655448083926,
                34.86147224467088
              ],
              [
                128.54671654061417,
                34.86148991555481
              ],
              [
                128.54685281471183,
                34.86149041779883
              ],
              [
                128.55037672699225,
                34.8623668313981
              ],
              [
                128.55453273926722,
                34.86440809167451
              ],
              [
                128.5548068553727,
                34.864399458865634
              ],
              [
                128.55491423063233,
                34.864412041282634
              ],
              [
                128.55507912828466,
                34.86444215239001
              ],
              [
                128.55520042068983,
                34.86447402131365
              ],
              [
                128.55547543984335,
                34.86458853753122
              ],
              [
                128.5557533872141,
                34.86473642796165
              ],
              [
                128.5560313234741,
                34.864885596466095
              ],
              [
                128.55610579681897,
                34.86493716950667
              ],
              [
                128.55623753237717,
                34.86505243246242
              ],
              [
                128.55632566438632,
                34.865145895610056
              ],
              [
                128.55639071903022,
                34.86523385136261
              ],
              [
                128.5574283833576,
                34.86686977686145
              ],
              [
                128.55752373766043,
                34.86709264744023
              ],
              [
                128.55774805316736,
                34.868242704897256
              ],
              [
                128.55776919070823,
                34.86836463870054
              ],
              [
                128.55774769914692,
                34.86859606560527
              ],
              [
                128.55770371302003,
                34.868955679609115
              ],
              [
                128.5576765673778,
                34.86908256633088
              ],
              [
                128.55761307632542,
                34.8693061340446
              ],
              [
                128.55755614221343,
                34.86946754031818
              ],
              [
                128.55747098033362,
                34.869666677058945
              ],
              [
                128.55743634105463,
                34.86973838293196
              ],
              [
                128.55729022382675,
                34.86997576819366
              ],
              [
                128.55707671118228,
                34.87029629800377
              ],
              [
                128.55685548859074,
                34.87060140127856
              ],
              [
                128.55675512112094,
                34.870731845778764
              ],
              [
                128.55665637570797,
                34.87084885234517
              ],
              [
                128.55654355876723,
                34.870974142489466
              ],
              [
                128.55560182359955,
                34.8755028252789
              ],
              [
                128.5554633032212,
                34.87779565039453
              ],
              [
                128.55483696375947,
                34.88051466651757
              ],
              [
                128.55449590364256,
                34.881770128363186
              ],
              [
                128.55547598922846,
                34.882834049742016
              ],
              [
                128.55555464663223,
                34.88290880638569
              ],
              [
                128.55651457491223,
                34.88373899092768
              ],
              [
                128.5597902368084,
                34.886556689087065
              ],
              [
                128.55994775420982,
                34.88666711475218
              ],
              [
                128.56015046923727,
                34.88677024706663
              ],
              [
                128.56197273217163,
                34.88747860433103
              ],
              [
                128.56204162966506,
                34.887495766916466
              ],
              [
                128.5622110244969,
                34.887496373335324
              ],
              [
                128.56237365415177,
                34.8874950972696
              ],
              [
                128.56245615194683,
                34.88748328252879
              ],
              [
                128.5625307773303,
                34.88746866821637
              ],
              [
                128.56260100885106,
                34.88742981561498
              ],
              [
                128.56759128000087,
                34.88404339424717
              ],
              [
                128.5677840129552,
                34.88389886477882
              ],
              [
                128.56790876806218,
                34.88379690846246
              ],
              [
                128.56802579988317,
                34.88365860895396
              ],
              [
                128.5681623379462,
                34.88346546203852
              ],
              [
                128.5687972431775,
                34.88255356692669
              ],
              [
                128.5688792712508,
                34.882417960266515
              ],
              [
                128.56893541531082,
                34.88226456054371
              ],
              [
                128.56898369319907,
                34.882102749411416
              ],
              [
                128.56901205757825,
                34.88186080013776
              ],
              [
                128.56906047805475,
                34.88145603718652
              ],
              [
                128.56911522883945,
                34.881136914057976
              ],
              [
                128.56916121148146,
                34.88098256030129
              ],
              [
                128.56928171298904,
                34.88061155436257
              ],
              [
                128.56937661116314,
                34.88038939469575
              ],
              [
                128.56944276403675,
                34.88026488843671
              ],
              [
                128.56954835216845,
                34.88015635248885
              ],
              [
                128.56972272117895,
                34.88006759522919
              ],
              [
                128.57008454518154,
                34.87997765129027
              ],
              [
                128.57075705193685,
                34.87985808130298
              ],
              [
                128.57084634502874,
                34.8798444418513
              ],
              [
                128.571112858735,
                34.87984165750683
              ],
              [
                128.57139965489878,
                34.87984639801113
              ],
              [
                128.57166705191864,
                34.879891094868725
              ],
              [
                128.57195111869814,
                34.87998519835342
              ],
              [
                128.57231951500674,
                34.88015312309169
              ],
              [
                128.57250417359194,
                34.88025618588689
              ],
              [
                128.57278377536986,
                34.88042383573271
              ],
              [
                128.57313840655087,
                34.880692415206305
              ],
              [
                128.57786166241033,
                34.88183132965946
              ],
              [
                128.5779858434349,
                34.881853611574556
              ],
              [
                128.57959081232278,
                34.88197847489015
              ],
              [
                128.57969061245223,
                34.88198386982318
              ],
              [
                128.57987008403194,
                34.88195256357544
              ],
              [
                128.5801149388783,
                34.8818845213445
              ],
              [
                128.58031098072527,
                34.881797832326676
              ],
              [
                128.58039685626252,
                34.88174099927102
              ],
              [
                128.58052170328241,
                34.88162887071365
              ],
              [
                128.58066736636349,
                34.88143615007101
              ],
              [
                128.580735033945,
                34.88135236434494
              ],
              [
                128.58078421240455,
                34.881297088085155
              ],
              [
                128.58083131661817,
                34.881248533528954
              ],
              [
                128.58094784048797,
                34.881174992198396
              ],
              [
                128.581115440626,
                34.88107140074296
              ],
              [
                128.5812114085614,
                34.8810314068898
              ],
              [
                128.58133988416344,
                34.881008337370595
              ],
              [
                128.5814662920066,
                34.880993650334496
              ],
              [
                128.58165986035914,
                34.880990950716225
              ],
              [
                128.58189601266577,
                34.8810337695385
              ],
              [
                128.58219294096597,
                34.881140647781066
              ],
              [
                128.58303898000358,
                34.881451034827535
              ],
              [
                128.58325038210495,
                34.88155258136673
              ],
              [
                128.5834087103703,
                34.88166906210193
              ],
              [
                128.58359119166926,
                34.88184778486502
              ],
              [
                128.58373500556363,
                34.88201799371121
              ],
              [
                128.5840100991345,
                34.88241545811326
              ],
              [
                128.58436625198547,
                34.882902252105524
              ],
              [
                128.58502422906224,
                34.88374293694323
              ],
              [
                128.58507089348754,
                34.88378005208865
              ],
              [
                128.5851582614035,
                34.883830761360194
              ],
              [
                128.58533722276118,
                34.88389857872017
              ],
              [
                128.58556109506037,
                34.88395142320578
              ],
              [
                128.58577696793554,
                34.88397401979959
              ],
              [
                128.58600920545842,
                34.883984880196714
              ],
              [
                128.58627828729496,
                34.883960608708584
              ],
              [
                128.58658849186781,
                34.883865895762625
              ],
              [
                128.58758788990582,
                34.88355895939395
              ]
            ]
          ]
        ]
      }
    },
    {
      "type": "Feature",
      "properties": {
        "adm_nm": "경상남도 거제시 둔덕면",
        "adm_cd2": "4831035000",
        "sgg": "48310",
        "sido": "48",
        "sidonm": "경상남도",
        "sggnm": "거제시",
        "adm_cd": "38090350",
        "id": "4831035000",
        "name": "둔덕면",
        "center": [
          128.514536,
          34.858003
        ],
        "areaKm2": 34.0183,
        "areaMethod": "SGIS geometry spherical area; not official cadastral area",
        "boundaryDate": "2026-07-01"
      },
      "geometry": {
        "type": "MultiPolygon",
        "coordinates": [
          [
            [
              [
                128.49463584666225,
                34.82741803705633
              ],
              [
                128.4945496433539,
                34.82741622603059
              ],
              [
                128.4944837374312,
                34.82742273602596
              ],
              [
                128.49442496409972,
                34.827443217576864
              ],
              [
                128.49437038588283,
                34.827470099498505
              ],
              [
                128.4932649716513,
                34.82815203580357
              ],
              [
                128.49321270292583,
                34.82818590563639
              ],
              [
                128.4931655042374,
                34.828229923515494
              ],
              [
                128.4931244745165,
                34.828295013856824
              ],
              [
                128.49312278987242,
                34.82837966776318
              ],
              [
                128.4939577483194,
                34.83137965453027
              ],
              [
                128.49397272354506,
                34.831422407228985
              ],
              [
                128.4939892108307,
                34.83146767689927
              ],
              [
                128.4940093132868,
                34.83151529486581
              ],
              [
                128.49404720566906,
                34.83157643665362
              ],
              [
                128.49407432221412,
                34.831609482277585
              ],
              [
                128.49409981085768,
                34.831636648447876
              ],
              [
                128.49414306469205,
                34.831668272716165
              ],
              [
                128.49439526612537,
                34.83184958813623
              ],
              [
                128.49443606346418,
                34.83187862099256
              ],
              [
                128.49447908821887,
                34.83190135874133
              ],
              [
                128.49453531723364,
                34.83192585237859
              ],
              [
                128.49502318062622,
                34.83210049917191
              ],
              [
                128.49507458763333,
                34.83211221042206
              ],
              [
                128.49513440736195,
                34.8321124505607
              ],
              [
                128.49517859172943,
                34.83210438748962
              ],
              [
                128.49657665711828,
                34.83160440085359
              ],
              [
                128.49661776144137,
                34.83158716223262
              ],
              [
                128.49667412419504,
                34.83156092113444
              ],
              [
                128.4967258741565,
                34.83153522006533
              ],
              [
                128.49677190116557,
                34.83150704916472
              ],
              [
                128.4968172111589,
                34.83146911216776
              ],
              [
                128.4968560492458,
                34.831422275900344
              ],
              [
                128.49687631044756,
                34.83137877132865
              ],
              [
                128.4968941091394,
                34.83133918778078
              ],
              [
                128.49690885243177,
                34.83129906479236
              ],
              [
                128.49692016805616,
                34.831258001444084
              ],
              [
                128.49693058488594,
                34.83120615275702
              ],
              [
                128.49694432696703,
                34.83108224550604
              ],
              [
                128.49708830216179,
                34.82928976857594
              ],
              [
                128.49708951615426,
                34.82923743893043
              ],
              [
                128.49704925352822,
                34.8291140220616
              ],
              [
                128.49702877194056,
                34.829062986564736
              ],
              [
                128.49698635927257,
                34.828979643574456
              ],
              [
                128.49694690069435,
                34.828928084592285
              ],
              [
                128.49687412009402,
                34.82884987415479
              ],
              [
                128.4968311420334,
                34.82881695731453
              ],
              [
                128.49678962469685,
                34.82878937119093
              ],
              [
                128.49604889847404,
                34.82808705743795
              ],
              [
                128.49602315981898,
                34.82806487932447
              ],
              [
                128.49567831887626,
                34.827812637565636
              ],
              [
                128.49561705654304,
                34.82777859399591
              ],
              [
                128.49549398375177,
                34.82771337962528
              ],
              [
                128.49544986902418,
                34.82769113985612
              ],
              [
                128.49535647439353,
                34.82764925169924
              ],
              [
                128.49527261648572,
                34.82761908808668
              ],
              [
                128.49479851682,
                34.82746550723619
              ],
              [
                128.4947349268087,
                34.82744499726106
              ],
              [
                128.49469331309626,
                34.827433106567725
              ],
              [
                128.49463584666225,
                34.82741803705633
              ]
            ]
          ],
          [
            [
              [
                128.46941367397687,
                34.83306025405076
              ],
              [
                128.4715217307617,
                34.832911142299864
              ],
              [
                128.47167480789122,
                34.83291419740584
              ],
              [
                128.47219014034715,
                34.83295178639836
              ],
              [
                128.47295146494412,
                34.83312527851227
              ],
              [
                128.4735064166188,
                34.83256833003433
              ],
              [
                128.47353481353227,
                34.83161305765374
              ],
              [
                128.47349414282365,
                34.83151406820398
              ],
              [
                128.47344774969974,
                34.83141853124287
              ],
              [
                128.47339628336093,
                34.83131767861884
              ],
              [
                128.47331421149872,
                34.831180509568476
              ],
              [
                128.47325748234752,
                34.83109408148049
              ],
              [
                128.47317877161433,
                34.83102105209655
              ],
              [
                128.47303625811767,
                34.83091319808313
              ],
              [
                128.47293134227797,
                34.83086617555727
              ],
              [
                128.47195542561974,
                34.83044055446934
              ],
              [
                128.47159763746882,
                34.83034856302416
              ],
              [
                128.47091886506857,
                34.830185070653535
              ],
              [
                128.47059852360306,
                34.830329770280535
              ],
              [
                128.47031460615526,
                34.83036686345966
              ],
              [
                128.47045570767196,
                34.829639791379776
              ],
              [
                128.47055720741616,
                34.829491556933625
              ],
              [
                128.47169533808705,
                34.828458126096095
              ],
              [
                128.47173941191295,
                34.828418274916096
              ],
              [
                128.47176191385876,
                34.82840042227624
              ],
              [
                128.4720418700909,
                34.82819437701361
              ],
              [
                128.47236234327355,
                34.828030540692794
              ],
              [
                128.47239820097047,
                34.82801274619755
              ],
              [
                128.47243831442142,
                34.82799399971753
              ],
              [
                128.4724686718459,
                34.82798087501412
              ],
              [
                128.47250488955046,
                34.827965801718584
              ],
              [
                128.47293791245346,
                34.8277941586881
              ],
              [
                128.47303683400725,
                34.82778289487108
              ],
              [
                128.47465433496367,
                34.82835811930475
              ],
              [
                128.4756621228084,
                34.827238451444636
              ],
              [
                128.47780306137378,
                34.82566259977831
              ],
              [
                128.47823917782515,
                34.825545814609505
              ],
              [
                128.47927489431717,
                34.82524812767919
              ],
              [
                128.4793728644109,
                34.82519931861149
              ],
              [
                128.47946596228147,
                34.82511730303244
              ],
              [
                128.47950198991086,
                34.825007428253734
              ],
              [
                128.47969209241964,
                34.824017578224534
              ],
              [
                128.4796726406971,
                34.82388803808547
              ],
              [
                128.47959686807047,
                34.82370970018441
              ],
              [
                128.47942818419463,
                34.82341883116249
              ],
              [
                128.47707525370637,
                34.82097960026654
              ],
              [
                128.47695399115943,
                34.820895126635286
              ],
              [
                128.47681174835213,
                34.82080938578426
              ],
              [
                128.47641678508452,
                34.820650585739145
              ],
              [
                128.47622978282988,
                34.82061538259802
              ],
              [
                128.47598813157666,
                34.820617220398695
              ],
              [
                128.47382981100426,
                34.820779523764905
              ],
              [
                128.47352966294218,
                34.82082126635983
              ],
              [
                128.47335060502985,
                34.82086458236515
              ],
              [
                128.4729570152761,
                34.82097213416926
              ],
              [
                128.47282408012916,
                34.821019722621585
              ],
              [
                128.47133226159795,
                34.821669604773405
              ],
              [
                128.47124160073517,
                34.82172439421153
              ],
              [
                128.4711776613715,
                34.82177656627681
              ],
              [
                128.4711192892028,
                34.82184657598295
              ],
              [
                128.47108578119855,
                34.821925086142286
              ],
              [
                128.47090023559073,
                34.82274618288259
              ],
              [
                128.4708834870524,
                34.822841508054246
              ],
              [
                128.4708708178331,
                34.82295795423686
              ],
              [
                128.4708976596921,
                34.823051832333086
              ],
              [
                128.4709694122901,
                34.823161715596186
              ],
              [
                128.46853758130604,
                34.82558760948238
              ],
              [
                128.46690167137916,
                34.82552863875689
              ],
              [
                128.46445177188465,
                34.82555403165498
              ],
              [
                128.46432317012503,
                34.82558568362312
              ],
              [
                128.4640492944419,
                34.82572261800116
              ],
              [
                128.46286520009332,
                34.82720422986121
              ],
              [
                128.4627435040212,
                34.82799307446629
              ],
              [
                128.46345402529437,
                34.832671370811
              ],
              [
                128.46346497833258,
                34.83273892510807
              ],
              [
                128.46371220336795,
                34.83333845470596
              ],
              [
                128.46380678407314,
                34.83353057785258
              ],
              [
                128.46390765702876,
                34.833701706708325
              ],
              [
                128.46402566519902,
                34.833890575453935
              ],
              [
                128.46410846287222,
                34.83395721401345
              ],
              [
                128.46513589785428,
                34.834773690277494
              ],
              [
                128.46547020357892,
                34.83502479594067
              ],
              [
                128.46555631580213,
                34.83507267115724
              ],
              [
                128.4656527424823,
                34.83510784029623
              ],
              [
                128.46575590351992,
                34.83512584838705
              ],
              [
                128.465856693018,
                34.835112811738135
              ],
              [
                128.4659459559963,
                34.83509399902234
              ],
              [
                128.46696570386527,
                34.83460122310364
              ],
              [
                128.46703247680978,
                34.83456557374953
              ],
              [
                128.46718850974423,
                34.83445633104311
              ],
              [
                128.4672969779615,
                34.834372643414135
              ],
              [
                128.46737934945855,
                34.83430049339134
              ],
              [
                128.46761896664742,
                34.83407649568768
              ],
              [
                128.46771082649548,
                34.83397095127129
              ],
              [
                128.46899939648733,
                34.83315123577749
              ],
              [
                128.46905122033345,
                34.83313156933487
              ],
              [
                128.46911877248309,
                34.83311331770938
              ],
              [
                128.46941367397687,
                34.83306025405076
              ]
            ]
          ],
          [
            [
              [
                128.46202768435884,
                34.83788775643395
              ],
              [
                128.4596671907704,
                34.83691824411844
              ],
              [
                128.4571858891755,
                34.83664972318447
              ],
              [
                128.4558401696533,
                34.83654737073922
              ],
              [
                128.45569993073644,
                34.83653728947994
              ],
              [
                128.45553754697244,
                34.83653812426589
              ],
              [
                128.45542520634336,
                34.836549565008994
              ],
              [
                128.4553333054546,
                34.836595894249584
              ],
              [
                128.45526825313212,
                34.83665222460235
              ],
              [
                128.45520906037,
                34.83674537320853
              ],
              [
                128.45519941446898,
                34.836884934017824
              ],
              [
                128.45519884329943,
                34.836971538321265
              ],
              [
                128.45521631413223,
                34.8370312548909
              ],
              [
                128.45524679246023,
                34.837106931724854
              ],
              [
                128.45527256883432,
                34.837161463968876
              ],
              [
                128.45530287027802,
                34.837222578423855
              ],
              [
                128.4553474780652,
                34.83728153088794
              ],
              [
                128.45543360087285,
                34.8373466117921
              ],
              [
                128.4561503762423,
                34.837853655803514
              ],
              [
                128.45622450911057,
                34.83790311242504
              ],
              [
                128.4563125515042,
                34.83795154619616
              ],
              [
                128.4564690460492,
                34.837970248332724
              ],
              [
                128.45654813503631,
                34.83796887886946
              ],
              [
                128.45662180062163,
                34.83794520728178
              ],
              [
                128.4567155391365,
                34.83789411053051
              ],
              [
                128.45675467293898,
                34.8378660638799
              ],
              [
                128.45679265903757,
                34.83783712993083
              ],
              [
                128.4568356558753,
                34.8378023016582
              ],
              [
                128.45690191157155,
                34.83775083753647
              ],
              [
                128.45698012313144,
                34.837705707707904
              ],
              [
                128.4570468394455,
                34.83768980298574
              ],
              [
                128.45712541353842,
                34.837679878935994
              ],
              [
                128.45726832711685,
                34.8376699029738
              ],
              [
                128.45734620230564,
                34.837668290965446
              ],
              [
                128.45748416751945,
                34.83766723658136
              ],
              [
                128.45754748392784,
                34.83766695096314
              ],
              [
                128.45761670829444,
                34.83766827075856
              ],
              [
                128.45768895143445,
                34.83767159652775
              ],
              [
                128.45772994265596,
                34.83767515840834
              ],
              [
                128.45782122262702,
                34.837687123311696
              ],
              [
                128.45991210481097,
                34.83803987322165
              ],
              [
                128.45994180564014,
                34.83804939998881
              ],
              [
                128.4599797207544,
                34.83806210812561
              ],
              [
                128.460054691377,
                34.83809289189665
              ],
              [
                128.46010144973172,
                34.83811519126567
              ],
              [
                128.46019364505818,
                34.83816249473087
              ],
              [
                128.46037015254822,
                34.83825745133953
              ],
              [
                128.46040888428175,
                34.83827962550195
              ],
              [
                128.46044857559693,
                34.83830390661712
              ],
              [
                128.46050191263697,
                34.8383392018266
              ],
              [
                128.46055527029213,
                34.83837560867474
              ],
              [
                128.4617174471964,
                34.83936697249058
              ],
              [
                128.46190524626797,
                34.83914139023657
              ],
              [
                128.46228174770414,
                34.83865852844141
              ],
              [
                128.46217177149853,
                34.83803345524253
              ],
              [
                128.46211953701805,
                34.837964190426746
              ],
              [
                128.46202768435884,
                34.83788775643395
              ]
            ]
          ],
          [
            [
              [
                128.55449590364256,
                34.881770128363186
              ],
              [
                128.55483696375947,
                34.88051466651757
              ],
              [
                128.5554633032212,
                34.87779565039453
              ],
              [
                128.55560182359955,
                34.8755028252789
              ],
              [
                128.55654355876723,
                34.870974142489466
              ],
              [
                128.55665637570797,
                34.87084885234517
              ],
              [
                128.55675512112094,
                34.870731845778764
              ],
              [
                128.55685548859074,
                34.87060140127856
              ],
              [
                128.55707671118228,
                34.87029629800377
              ],
              [
                128.55729022382675,
                34.86997576819366
              ],
              [
                128.55743634105463,
                34.86973838293196
              ],
              [
                128.55747098033362,
                34.869666677058945
              ],
              [
                128.55755614221343,
                34.86946754031818
              ],
              [
                128.55761307632542,
                34.8693061340446
              ],
              [
                128.5576765673778,
                34.86908256633088
              ],
              [
                128.55770371302003,
                34.868955679609115
              ],
              [
                128.55774769914692,
                34.86859606560527
              ],
              [
                128.55776919070823,
                34.86836463870054
              ],
              [
                128.55774805316736,
                34.868242704897256
              ],
              [
                128.55752373766043,
                34.86709264744023
              ],
              [
                128.5574283833576,
                34.86686977686145
              ],
              [
                128.55639071903022,
                34.86523385136261
              ],
              [
                128.55632566438632,
                34.865145895610056
              ],
              [
                128.55623753237717,
                34.86505243246242
              ],
              [
                128.55610579681897,
                34.86493716950667
              ],
              [
                128.5560313234741,
                34.864885596466095
              ],
              [
                128.5557533872141,
                34.86473642796165
              ],
              [
                128.55547543984335,
                34.86458853753122
              ],
              [
                128.55520042068983,
                34.86447402131365
              ],
              [
                128.55507912828466,
                34.86444215239001
              ],
              [
                128.55491423063233,
                34.864412041282634
              ],
              [
                128.5548068553727,
                34.864399458865634
              ],
              [
                128.55453273926722,
                34.86440809167451
              ],
              [
                128.55037672699225,
                34.8623668313981
              ],
              [
                128.54685281471183,
                34.86149041779883
              ],
              [
                128.54671654061417,
                34.86148991555481
              ],
              [
                128.54655448083926,
                34.86147224467088
              ],
              [
                128.54628090371986,
                34.86134334845092
              ],
              [
                128.54601980857646,
                34.861140587773605
              ],
              [
                128.54564398319897,
                34.86078394857143
              ],
              [
                128.54508663003716,
                34.86018788758504
              ],
              [
                128.54497706846672,
                34.860036849126544
              ],
              [
                128.54494511668133,
                34.859886111196246
              ],
              [
                128.54500144553012,
                34.85968454792904
              ],
              [
                128.54579217945192,
                34.85737417702473
              ],
              [
                128.54660538432242,
                34.8553594646111
              ],
              [
                128.54675695199745,
                34.85508719707678
              ],
              [
                128.5468581512913,
                34.85487728720467
              ],
              [
                128.54688653349396,
                34.85473528635798
              ],
              [
                128.54687280693827,
                34.85440842530597
              ],
              [
                128.5466738373349,
                34.850756490683544
              ],
              [
                128.54663109961888,
                34.85055637868415
              ],
              [
                128.54654801793387,
                34.85034574639312
              ],
              [
                128.54641079124363,
                34.85013490544608
              ],
              [
                128.54628116483363,
                34.84994780599336
              ],
              [
                128.5460958685942,
                34.84972494357379
              ],
              [
                128.54595235154565,
                34.8495629443112
              ],
              [
                128.5456812199312,
                34.849317544382444
              ],
              [
                128.54448929121565,
                34.8483281232188
              ],
              [
                128.54155821013842,
                34.84631456517106
              ],
              [
                128.54145526575704,
                34.84627860808409
              ],
              [
                128.54048020447055,
                34.8460320173048
              ],
              [
                128.53999344299436,
                34.845925001864664
              ],
              [
                128.53984907602438,
                34.84591854013597
              ],
              [
                128.53973550903982,
                34.845935877198826
              ],
              [
                128.53943503598617,
                34.8460250868609
              ],
              [
                128.5391698770588,
                34.84610258555444
              ],
              [
                128.53907348150503,
                34.846122947516115
              ],
              [
                128.53882158777228,
                34.846130873905345
              ],
              [
                128.53823118525887,
                34.8461138341795
              ],
              [
                128.53797173289672,
                34.84609061316516
              ],
              [
                128.53785324108114,
                34.84606796066016
              ],
              [
                128.5376894343808,
                34.84600363326976
              ],
              [
                128.5332957789041,
                34.84321707073892
              ],
              [
                128.53321705550204,
                34.84315307746044
              ],
              [
                128.53182422429225,
                34.841713960650004
              ],
              [
                128.53171943979265,
                34.84155210413547
              ],
              [
                128.53154025455686,
                34.84117225194814
              ],
              [
                128.53135450050084,
                34.84073754782731
              ],
              [
                128.53122957149242,
                34.840557729939015
              ],
              [
                128.53109089171633,
                34.84042129285197
              ],
              [
                128.5297659824958,
                34.83953152349163
              ],
              [
                128.52822895179312,
                34.838642136815835
              ],
              [
                128.52430435199682,
                34.83662967817639
              ],
              [
                128.52412103187575,
                34.83654244945535
              ],
              [
                128.52394469516003,
                34.836468656778514
              ],
              [
                128.5237956987037,
                34.83643638958409
              ],
              [
                128.5236542938758,
                34.83643703324511
              ],
              [
                128.5233975257471,
                34.83645553930006
              ],
              [
                128.52319647828728,
                34.83649861050749
              ],
              [
                128.52305476521732,
                34.836550458324396
              ],
              [
                128.522948211854,
                34.8366365560148
              ],
              [
                128.52278845977207,
                34.836802101375625
              ],
              [
                128.52252551601381,
                34.83707030990611
              ],
              [
                128.5223928413499,
                34.83715910822754
              ],
              [
                128.52213964766676,
                34.83731082938652
              ],
              [
                128.52182942109164,
                34.83745456653396
              ],
              [
                128.52141982019168,
                34.83764322783618
              ],
              [
                128.52123313104946,
                34.83772272549249
              ],
              [
                128.5210134887841,
                34.83778399261876
              ],
              [
                128.5204719517283,
                34.83793328545166
              ],
              [
                128.52009904874046,
                34.83800946611865
              ],
              [
                128.51978048220036,
                34.83803667766211
              ],
              [
                128.51945002216098,
                34.8380457264585
              ],
              [
                128.51926082213907,
                34.83803852029977
              ],
              [
                128.5188706828901,
                34.837977426090355
              ],
              [
                128.5184207504462,
                34.83786951991655
              ],
              [
                128.5181929155572,
                34.837794837165156
              ],
              [
                128.51794729202535,
                34.837677363023
              ],
              [
                128.51764508932393,
                34.837476823847005
              ],
              [
                128.51738800129195,
                34.837264831650714
              ],
              [
                128.51721485674437,
                34.837080344478736
              ],
              [
                128.51711051259184,
                34.83694792229318
              ],
              [
                128.51695590174924,
                34.83667678419225
              ],
              [
                128.51684621615158,
                34.836430439093405
              ],
              [
                128.5156342283667,
                34.833104373828824
              ],
              [
                128.51570969229968,
                34.83201744868252
              ],
              [
                128.515638471577,
                34.8303358322269
              ],
              [
                128.51154666933263,
                34.824934200057605
              ],
              [
                128.51037898602374,
                34.823767226130876
              ],
              [
                128.5103255686697,
                34.823681791637036
              ],
              [
                128.51031108601347,
                34.82359648915571
              ],
              [
                128.51032350227285,
                34.8235242239991
              ],
              [
                128.51239771957574,
                34.81984946917875
              ],
              [
                128.51392936443824,
                34.81848026172985
              ],
              [
                128.5145535485993,
                34.81805789124356
              ],
              [
                128.51491756183148,
                34.81780881508863
              ],
              [
                128.51508926146334,
                34.81765193308496
              ],
              [
                128.51520543086215,
                34.817511653221786
              ],
              [
                128.5154495624628,
                34.817010269512394
              ],
              [
                128.51560738346348,
                34.81666737733977
              ],
              [
                128.515653273061,
                34.8165074265017
              ],
              [
                128.51564929268838,
                34.81641830109226
              ],
              [
                128.51561377178345,
                34.816343249737805
              ],
              [
                128.51553653705835,
                34.81623188254803
              ],
              [
                128.5153180364178,
                34.81593787194372
              ],
              [
                128.51517513842632,
                34.815782315321925
              ],
              [
                128.5150172734639,
                34.81562413583896
              ],
              [
                128.51492791406764,
                34.8155359733045
              ],
              [
                128.51428480686673,
                34.81484636821987
              ],
              [
                128.5135905646784,
                34.81393829247634
              ],
              [
                128.51349696470066,
                34.813807485646315
              ],
              [
                128.51271315730213,
                34.81183495111281
              ],
              [
                128.51382019319504,
                34.81074048907122
              ],
              [
                128.515841823878,
                34.8090733654386
              ],
              [
                128.51651594601256,
                34.80811259122041
              ],
              [
                128.51516074625982,
                34.8084651133083
              ],
              [
                128.51256652981644,
                34.80904784678017
              ],
              [
                128.5106652607049,
                34.808937573663556
              ],
              [
                128.5104942351723,
                34.808940075239704
              ],
              [
                128.51041919989308,
                34.80898060682081
              ],
              [
                128.5103443110684,
                34.80902570887713
              ],
              [
                128.5102946608448,
                34.80911025461843
              ],
              [
                128.5098106148964,
                34.81071783322286
              ],
              [
                128.5094501845191,
                34.8119325846424
              ],
              [
                128.5094380853134,
                34.81198901294917
              ],
              [
                128.50941513046405,
                34.81212333647866
              ],
              [
                128.50941711528336,
                34.81227451550477
              ],
              [
                128.50943492649077,
                34.81245048053809
              ],
              [
                128.50945817528967,
                34.81255342131291
              ],
              [
                128.50949537979264,
                34.812709284732186
              ],
              [
                128.50952737791965,
                34.81282686630848
              ],
              [
                128.50966259417697,
                34.81357046635891
              ],
              [
                128.50961865409693,
                34.81489052638725
              ],
              [
                128.50961517864334,
                34.81494414639983
              ],
              [
                128.50961194878917,
                34.8149849175332
              ],
              [
                128.50960657757523,
                34.81503693468379
              ],
              [
                128.50930393916576,
                34.81733846341719
              ],
              [
                128.50913570117177,
                34.81770474444158
              ],
              [
                128.5084053380726,
                34.81854836025377
              ],
              [
                128.50469613775184,
                34.821176887330665
              ],
              [
                128.50385105147637,
                34.82172592813397
              ],
              [
                128.50359080246844,
                34.82186166267488
              ],
              [
                128.5035455057439,
                34.821884234020246
              ],
              [
                128.5031723772402,
                34.82196274127014
              ],
              [
                128.50299380592048,
                34.821991404121995
              ],
              [
                128.5028394567227,
                34.822013133892405
              ],
              [
                128.50278468016378,
                34.822022137336866
              ],
              [
                128.50249966300228,
                34.82209778095918
              ],
              [
                128.50242187044805,
                34.8221221381579
              ],
              [
                128.5023536504524,
                34.822148073804314
              ],
              [
                128.50225263929255,
                34.82218875490385
              ],
              [
                128.50217855386967,
                34.822227415183875
              ],
              [
                128.5018122896116,
                34.822431464427396
              ],
              [
                128.50174874314663,
                34.82246846325619
              ],
              [
                128.50163495336628,
                34.82255260387018
              ],
              [
                128.5015844452496,
                34.82260207879964
              ],
              [
                128.50120135674672,
                34.823017256900684
              ],
              [
                128.500974323231,
                34.823376139447106
              ],
              [
                128.50081396711147,
                34.82373442977795
              ],
              [
                128.5007854633023,
                34.82383383926674
              ],
              [
                128.50076980085254,
                34.82389100654137
              ],
              [
                128.50074305113228,
                34.82399170277415
              ],
              [
                128.50071670633724,
                34.82410346070069
              ],
              [
                128.500567232306,
                34.82528565651478
              ],
              [
                128.50055328672954,
                34.82540750727601
              ],
              [
                128.50055822699213,
                34.82563369874533
              ],
              [
                128.50057096007535,
                34.82606018238761
              ],
              [
                128.50057830478602,
                34.82617352251139
              ],
              [
                128.5005927589249,
                34.826284555263626
              ],
              [
                128.50061962741458,
                34.8263968303688
              ],
              [
                128.50066002833435,
                34.82650803562401
              ],
              [
                128.50070839435736,
                34.8266232971123
              ],
              [
                128.50078573505675,
                34.82673944195947
              ],
              [
                128.50086556399225,
                34.82685018661056
              ],
              [
                128.50096028883328,
                34.82696408008762
              ],
              [
                128.5010727391909,
                34.82708469693938
              ],
              [
                128.5011831487725,
                34.82718990472637
              ],
              [
                128.501290875866,
                34.827290745809215
              ],
              [
                128.50143899704779,
                34.82738329928532
              ],
              [
                128.50207138542504,
                34.827758821114756
              ],
              [
                128.50214774813725,
                34.82779742416275
              ],
              [
                128.50233862937256,
                34.82788647364219
              ],
              [
                128.50267784504052,
                34.828031923887984
              ],
              [
                128.50302068678542,
                34.828176007826954
              ],
              [
                128.50140701687098,
                34.83319041747224
              ],
              [
                128.50366689578325,
                34.83468984116596
              ],
              [
                128.50729065249973,
                34.83716261643836
              ],
              [
                128.50799407725398,
                34.837652782681886
              ],
              [
                128.50771164280457,
                34.83785657153146
              ],
              [
                128.50756221987044,
                34.837948951563575
              ],
              [
                128.50753071656763,
                34.83795304392389
              ],
              [
                128.50730854917336,
                34.83781557284795
              ],
              [
                128.50639401684856,
                34.83718204386099
              ],
              [
                128.50591831307435,
                34.836809569462
              ],
              [
                128.50545635490747,
                34.836446156323404
              ],
              [
                128.50504779687367,
                34.83616322050311
              ],
              [
                128.50438181652288,
                34.835717002108204
              ],
              [
                128.50380935320126,
                34.83534398629096
              ],
              [
                128.5035480265506,
                34.8352151686257
              ],
              [
                128.50323387171065,
                34.83508072113777
              ],
              [
                128.502579957439,
                34.83485065812047
              ],
              [
                128.49663414411054,
                34.832803556443146
              ],
              [
                128.49549168669324,
                34.83315045361185
              ],
              [
                128.4943376804262,
                34.834512638295045
              ],
              [
                128.49449492700816,
                34.8346074870894
              ],
              [
                128.49449635857871,
                34.83471197855412
              ],
              [
                128.49449102001995,
                34.834745211850645
              ],
              [
                128.49448238585452,
                34.83477985623247
              ],
              [
                128.49445929946586,
                34.834833049947775
              ],
              [
                128.4944309600222,
                34.83486811511951
              ],
              [
                128.49440231304135,
                34.834900707574285
              ],
              [
                128.49321847210516,
                34.83622456162241
              ],
              [
                128.48655930747918,
                34.83931813878203
              ],
              [
                128.48640193662283,
                34.839381565344866
              ],
              [
                128.48615351984463,
                34.83943380825069
              ],
              [
                128.48527632208868,
                34.83944321287484
              ],
              [
                128.4852237786887,
                34.839328420140504
              ],
              [
                128.48491164896222,
                34.83930730845826
              ],
              [
                128.48406099906265,
                34.839309626330675
              ],
              [
                128.48252928273752,
                34.839905587787996
              ],
              [
                128.48246845889494,
                34.83993112802344
              ],
              [
                128.48228705490556,
                34.84003106656162
              ],
              [
                128.48214929660614,
                34.84011776320196
              ],
              [
                128.48204124067266,
                34.84019084554329
              ],
              [
                128.48192282614784,
                34.84028031724459
              ],
              [
                128.4818223319297,
                34.840359229294265
              ],
              [
                128.48174490438868,
                34.84043544829536
              ],
              [
                128.4816736454204,
                34.840507360434266
              ],
              [
                128.48160939034642,
                34.84058221874036
              ],
              [
                128.48156500770978,
                34.84063745929614
              ],
              [
                128.48151786038736,
                34.84071123809526
              ],
              [
                128.48118638157354,
                34.841250783116955
              ],
              [
                128.48115259969504,
                34.84130944119303
              ],
              [
                128.4809022276814,
                34.841828845835195
              ],
              [
                128.4808917280362,
                34.84187512299362
              ],
              [
                128.48089213822146,
                34.84191513447435
              ],
              [
                128.48089700019946,
                34.841948632086165
              ],
              [
                128.4809137820795,
                34.8419866034903
              ],
              [
                128.480937098011,
                34.842019427468905
              ],
              [
                128.4810081995251,
                34.84209234520623
              ],
              [
                128.481058819687,
                34.84214180931779
              ],
              [
                128.4812412981048,
                34.84230669406726
              ],
              [
                128.4814247624149,
                34.84245856414948
              ],
              [
                128.48151074434818,
                34.84253420373403
              ],
              [
                128.48154236064204,
                34.84256626538083
              ],
              [
                128.48156750651643,
                34.84259335484643
              ],
              [
                128.4817706922121,
                34.84283172875186
              ],
              [
                128.48177065539366,
                34.84293371371357
              ],
              [
                128.48160328027254,
                34.84364375613435
              ],
              [
                128.4815622676783,
                34.843804808987905
              ],
              [
                128.48041013129748,
                34.84623897007482
              ],
              [
                128.47926207189076,
                34.84660764344182
              ],
              [
                128.47903659843792,
                34.84682835322638
              ],
              [
                128.47851517722248,
                34.848062403808825
              ],
              [
                128.4783435023774,
                34.848939164555105
              ],
              [
                128.47859353546812,
                34.85133605027526
              ],
              [
                128.47864207931227,
                34.85140184771699
              ],
              [
                128.47894393242998,
                34.85180928167995
              ],
              [
                128.47918867252616,
                34.85194127361184
              ],
              [
                128.47930112388667,
                34.851959594615764
              ],
              [
                128.47939102876168,
                34.85195842877301
              ],
              [
                128.47949292493865,
                34.85194734114249
              ],
              [
                128.47967044694906,
                34.85187447154785
              ],
              [
                128.4798534812313,
                34.85180350590002
              ],
              [
                128.4800738118452,
                34.85172200940218
              ],
              [
                128.48014144710748,
                34.85169845242075
              ],
              [
                128.48024496926095,
                34.851680620620144
              ],
              [
                128.48033749485944,
                34.85167467638306
              ],
              [
                128.48041953494243,
                34.851675009620955
              ],
              [
                128.48045445945388,
                34.85168093189688
              ],
              [
                128.48080888029165,
                34.85191457804193
              ],
              [
                128.48083421289888,
                34.85195339656505
              ],
              [
                128.4808852699232,
                34.852041090923265
              ],
              [
                128.48090839219847,
                34.852081866856764
              ],
              [
                128.48092202671594,
                34.85211317370634
              ],
              [
                128.4809344479503,
                34.852146674306134
              ],
              [
                128.48104171539393,
                34.85243979857262
              ],
              [
                128.48106040764324,
                34.85250111351572
              ],
              [
                128.4810684396986,
                34.8525281931926
              ],
              [
                128.48139588518976,
                34.85446414660109
              ],
              [
                128.48141813786154,
                34.855084091234204
              ],
              [
                128.48141177814546,
                34.855161472214746
              ],
              [
                128.48136713122656,
                34.855341654309186
              ],
              [
                128.48133229402288,
                34.855421698831776
              ],
              [
                128.4813023433535,
                34.85546353052356
              ],
              [
                128.4812649758363,
                34.85550654199097
              ],
              [
                128.481186630419,
                34.85556949918462
              ],
              [
                128.48105910067275,
                34.85565121574273
              ],
              [
                128.48083020782903,
                34.85578204585096
              ],
              [
                128.4805593477698,
                34.85588521284212
              ],
              [
                128.4799738325454,
                34.85529914675791
              ],
              [
                128.47991496800336,
                34.85523005433893
              ],
              [
                128.47979855807287,
                34.85508510309902
              ],
              [
                128.47979519325128,
                34.855047460873
              ],
              [
                128.47977117621045,
                34.85499545923728
              ],
              [
                128.47969995313585,
                34.854927643020694
              ],
              [
                128.47962592978982,
                34.85487846261536
              ],
              [
                128.47955141608242,
                34.85484281461362
              ],
              [
                128.47948307768476,
                34.85481318720419
              ],
              [
                128.4794173195543,
                34.85479009086994
              ],
              [
                128.4782511746086,
                34.85468729786211
              ],
              [
                128.47808588933597,
                34.854677187223395
              ],
              [
                128.4779435459068,
                34.854671679100925
              ],
              [
                128.47783650491633,
                34.85467879327238
              ],
              [
                128.477755175744,
                34.854686561768006
              ],
              [
                128.47632317029888,
                34.855040964826024
              ],
              [
                128.47613996528585,
                34.85510167492643
              ],
              [
                128.47608055923877,
                34.85514611331121
              ],
              [
                128.47576563293836,
                34.85565899067203
              ],
              [
                128.47545354716573,
                34.85973663683374
              ],
              [
                128.4758489316636,
                34.86324635272008
              ],
              [
                128.4757392080608,
                34.8684616048898
              ],
              [
                128.47550291695902,
                34.86880045308895
              ],
              [
                128.47548638649184,
                34.86882258041901
              ],
              [
                128.47327251327548,
                34.87030907477558
              ],
              [
                128.47408818191028,
                34.870741823603645
              ],
              [
                128.4769807383794,
                34.87248001107319
              ],
              [
                128.4794911510004,
                34.87432902217487
              ],
              [
                128.4820078100323,
                34.87576759259848
              ],
              [
                128.485148193491,
                34.877356472447914
              ],
              [
                128.48535888821496,
                34.87744446943859
              ],
              [
                128.4854915341951,
                34.877528358438504
              ],
              [
                128.48694739499498,
                34.878659751460134
              ],
              [
                128.48708437660667,
                34.87878181367072
              ],
              [
                128.48714263635182,
                34.87894928783617
              ],
              [
                128.4871987673052,
                34.8791514682464
              ],
              [
                128.4872530922623,
                34.87933628452713
              ],
              [
                128.48741827485992,
                34.87984656726523
              ],
              [
                128.48744673865474,
                34.87988297276489
              ],
              [
                128.48749260020094,
                34.87989263814158
              ],
              [
                128.49034778491986,
                34.879133185440004
              ],
              [
                128.4905184195176,
                34.87907396198254
              ],
              [
                128.49161537013669,
                34.87863998072793
              ],
              [
                128.49173622451613,
                34.8785884204082
              ],
              [
                128.49298203803687,
                34.87788322002311
              ],
              [
                128.49305404128606,
                34.8778306444129
              ],
              [
                128.4931563715915,
                34.87775328715196
              ],
              [
                128.49642563109214,
                34.87519569884796
              ],
              [
                128.49649007644996,
                34.8751430875805
              ],
              [
                128.49652805602534,
                34.87510123696882
              ],
              [
                128.4965851737625,
                34.87501282089572
              ],
              [
                128.4965967058429,
                34.874977079762246
              ],
              [
                128.4972451684606,
                34.87287208966489
              ],
              [
                128.49732027537604,
                34.872618856218
              ],
              [
                128.4973322317089,
                34.872511575737484
              ],
              [
                128.49733840388947,
                34.8724276168793
              ],
              [
                128.4973427570584,
                34.872332738739836
              ],
              [
                128.49733376622112,
                34.87225958868892
              ],
              [
                128.49729684981756,
                34.8721287757679
              ],
              [
                128.4972596287229,
                34.872047740026645
              ],
              [
                128.49720370305928,
                34.87194017953195
              ],
              [
                128.49715153310697,
                34.87183574781733
              ],
              [
                128.4971049512467,
                34.871742218879376
              ],
              [
                128.4970754338151,
                34.87163632722534
              ],
              [
                128.49706454844232,
                34.871564728302
              ],
              [
                128.49705187139483,
                34.87147757955666
              ],
              [
                128.49705417649432,
                34.87141068581744
              ],
              [
                128.49705860525964,
                34.87130337599884
              ],
              [
                128.49706665213188,
                34.87122098066699
              ],
              [
                128.49710142509392,
                34.87108579793734
              ],
              [
                128.49712834890946,
                34.87100036500321
              ],
              [
                128.49721238242552,
                34.87082804414066
              ],
              [
                128.4972941998455,
                34.87071015723266
              ],
              [
                128.49828894167075,
                34.86949945671298
              ],
              [
                128.49834818930628,
                34.869444790648814
              ],
              [
                128.49841042428358,
                34.86938836332067
              ],
              [
                128.498491818477,
                34.86934676423658
              ],
              [
                128.49855293807113,
                34.86934071132997
              ],
              [
                128.4993966890154,
                34.86935730374996
              ],
              [
                128.49958229612366,
                34.86936827124607
              ],
              [
                128.5032501217983,
                34.869603245573494
              ],
              [
                128.50329960554544,
                34.86960798965355
              ],
              [
                128.50516234459184,
                34.86996698746899
              ],
              [
                128.50521306609033,
                34.86998737430707
              ],
              [
                128.50726014322439,
                34.87194951064518
              ],
              [
                128.50732853604927,
                34.87201534988069
              ],
              [
                128.50745162043543,
                34.872136712534115
              ],
              [
                128.5075472926018,
                34.87223685765303
              ],
              [
                128.50780557428638,
                34.87251332961492
              ],
              [
                128.50787871373865,
                34.87261103634494
              ],
              [
                128.5080274858298,
                34.872893951190434
              ],
              [
                128.50804823515966,
                34.87294605874824
              ],
              [
                128.50812131440549,
                34.87307229696114
              ],
              [
                128.5082633154336,
                34.87324516200425
              ],
              [
                128.50834670820916,
                34.87333051467493
              ],
              [
                128.50854492299547,
                34.873500041177984
              ],
              [
                128.50874487589695,
                34.873659610624465
              ],
              [
                128.50887863523937,
                34.873754586500354
              ],
              [
                128.5140232416091,
                34.87675758636678
              ],
              [
                128.51420187211625,
                34.876817823991495
              ],
              [
                128.51555592277788,
                34.877646926103566
              ],
              [
                128.515616159473,
                34.877685147863964
              ],
              [
                128.5158372636669,
                34.87784710030882
              ],
              [
                128.51594491028632,
                34.87793366332281
              ],
              [
                128.51603815460027,
                34.878020871403415
              ],
              [
                128.5171558141014,
                34.879237811303184
              ],
              [
                128.51722458337161,
                34.87934292382403
              ],
              [
                128.5185486873359,
                34.88191464942295
              ],
              [
                128.51859949786385,
                34.882050554431565
              ],
              [
                128.51860999249445,
                34.88211376307115
              ],
              [
                128.51827245229975,
                34.883972697170414
              ],
              [
                128.5182428313093,
                34.884061738646935
              ],
              [
                128.51770795571713,
                34.884778671012505
              ],
              [
                128.51759528426953,
                34.88492964283659
              ],
              [
                128.51733919990147,
                34.88521350624206
              ],
              [
                128.51713140124485,
                34.88537045675797
              ],
              [
                128.51702052419648,
                34.885434613371665
              ],
              [
                128.516957289354,
                34.8854809466497
              ],
              [
                128.5168875510751,
                34.88553998080451
              ],
              [
                128.51680471403506,
                34.88564342828535
              ],
              [
                128.51669837513464,
                34.88580821012903
              ],
              [
                128.5165219224782,
                34.886097677178256
              ],
              [
                128.51639586222316,
                34.88633862533487
              ],
              [
                128.5162550544203,
                34.886685423233914
              ],
              [
                128.51625241359687,
                34.8867259285536
              ],
              [
                128.51624940224437,
                34.886772246698165
              ],
              [
                128.51626956882757,
                34.886837983294605
              ],
              [
                128.51632661835953,
                34.88697058091242
              ],
              [
                128.51638390030158,
                34.887062942189246
              ],
              [
                128.51645528507373,
                34.887159594879755
              ],
              [
                128.5189080243776,
                34.8897351677747
              ],
              [
                128.52246162101287,
                34.891629269798145
              ],
              [
                128.52254714735878,
                34.891653141777084
              ],
              [
                128.52278798812347,
                34.891688080167
              ],
              [
                128.523126537606,
                34.8917183309433
              ],
              [
                128.52338428268337,
                34.89173466965416
              ],
              [
                128.52369800135057,
                34.89172496302007
              ],
              [
                128.52383628763894,
                34.891715662163485
              ],
              [
                128.52396936824874,
                34.89168336450778
              ],
              [
                128.5266746313805,
                34.89051890685782
              ],
              [
                128.52700722083716,
                34.890377688357184
              ],
              [
                128.5277813049991,
                34.889816020486386
              ],
              [
                128.52782936079606,
                34.889776820779396
              ],
              [
                128.52786686919094,
                34.88972663183503
              ],
              [
                128.52792881767732,
                34.88958570001013
              ],
              [
                128.52799917926995,
                34.88936710846186
              ],
              [
                128.52806958888925,
                34.889139750939066
              ],
              [
                128.52809999685797,
                34.88893741692319
              ],
              [
                128.52810606423293,
                34.88880611990001
              ],
              [
                128.528098917462,
                34.88866163711948
              ],
              [
                128.5280573960318,
                34.88848528917933
              ],
              [
                128.52803171777276,
                34.88832760247578
              ],
              [
                128.5280163969559,
                34.888218113846676
              ],
              [
                128.52802493797057,
                34.8881185613387
              ],
              [
                128.528063113691,
                34.887952372486815
              ],
              [
                128.5281141725551,
                34.88785408073995
              ],
              [
                128.5282024905272,
                34.887749371040506
              ],
              [
                128.52834381682726,
                34.88767223259288
              ],
              [
                128.52864219973827,
                34.88755301674786
              ],
              [
                128.52914559602297,
                34.88737221632109
              ],
              [
                128.5295687931163,
                34.88727427318485
              ],
              [
                128.52980820606797,
                34.887241277729615
              ],
              [
                128.5329619038236,
                34.88608364613258
              ],
              [
                128.53655110196075,
                34.884511761309675
              ],
              [
                128.53804740901657,
                34.883587298685846
              ],
              [
                128.5399393895322,
                34.8822430113733
              ],
              [
                128.5424501836225,
                34.880491745945015
              ],
              [
                128.54261277249853,
                34.88040917789848
              ],
              [
                128.54293233149428,
                34.880295485019886
              ],
              [
                128.54329437592057,
                34.88019288743643
              ],
              [
                128.54348865477593,
                34.88014656911423
              ],
              [
                128.54577956589722,
                34.87968792202351
              ],
              [
                128.54590174486748,
                34.8797004254301
              ],
              [
                128.54598123191482,
                34.87974667012096
              ],
              [
                128.546097271344,
                34.87990907946827
              ],
              [
                128.5463080248289,
                34.88024801636919
              ],
              [
                128.5463685200875,
                34.88036425534123
              ],
              [
                128.54651347716137,
                34.880584769479924
              ],
              [
                128.5465504726931,
                34.88062429934066
              ],
              [
                128.55108723473245,
                34.88145966099608
              ],
              [
                128.55297718767278,
                34.88174312701916
              ],
              [
                128.55333272424224,
                34.88177701965657
              ],
              [
                128.55359688212803,
                34.881794754745144
              ],
              [
                128.5540158174231,
                34.88179723311232
              ],
              [
                128.55428013864747,
                34.88178516022516
              ],
              [
                128.55449590364256,
                34.881770128363186
              ]
            ]
          ]
        ]
      }
    },
    {
      "type": "Feature",
      "properties": {
        "adm_nm": "경상남도 거제시 사등면",
        "adm_cd2": "4831036000",
        "sgg": "48310",
        "sido": "48",
        "sidonm": "경상남도",
        "sggnm": "거제시",
        "adm_cd": "38090360",
        "id": "4831036000",
        "name": "사등면",
        "center": [
          128.530392,
          34.894746
        ],
        "areaKm2": 36.5789,
        "areaMethod": "SGIS geometry spherical area; not official cadastral area",
        "boundaryDate": "2026-07-01"
      },
      "geometry": {
        "type": "MultiPolygon",
        "coordinates": [
          [
            [
              [
                128.48523610721082,
                34.89455165556294
              ],
              [
                128.48501140036942,
                34.89453066253392
              ],
              [
                128.48152922105868,
                34.89528467642151
              ],
              [
                128.48137546923147,
                34.895362449972126
              ],
              [
                128.4811900561924,
                34.895496151624165
              ],
              [
                128.4809851432813,
                34.89571013214414
              ],
              [
                128.48059436673904,
                34.896158121524536
              ],
              [
                128.48062184110012,
                34.896380569015896
              ],
              [
                128.48078975736965,
                34.89661185173015
              ],
              [
                128.48097228910711,
                34.89668806669399
              ],
              [
                128.48353096721806,
                34.897319402314004
              ],
              [
                128.48378100430733,
                34.89735486476015
              ],
              [
                128.48385962577933,
                34.897355191392705
              ],
              [
                128.48400246538245,
                34.89734195570667
              ],
              [
                128.48428900931498,
                34.89722652012761
              ],
              [
                128.4844319235605,
                34.897142332941684
              ],
              [
                128.4847672187526,
                34.896690698003994
              ],
              [
                128.48499401881088,
                34.89659840577097
              ],
              [
                128.48558492097158,
                34.89615737316449
              ],
              [
                128.48574240036837,
                34.896031991506455
              ],
              [
                128.48586564721998,
                34.89592754375978
              ],
              [
                128.48593827833685,
                34.89580438835787
              ],
              [
                128.48599875892168,
                34.89560155691645
              ],
              [
                128.48598353556332,
                34.89538267952502
              ],
              [
                128.48596524250982,
                34.89519311467015
              ],
              [
                128.48591834329267,
                34.89503493513886
              ],
              [
                128.48574957407396,
                34.894831011824934
              ],
              [
                128.4853991549308,
                34.894602244557824
              ],
              [
                128.48523610721082,
                34.89455165556294
              ]
            ]
          ],
          [
            [
              [
                128.56569473239406,
                34.9116682208218
              ],
              [
                128.5647759392215,
                34.91159841834165
              ],
              [
                128.56370955205983,
                34.911985800294715
              ],
              [
                128.5635535035301,
                34.91223889735349
              ],
              [
                128.56306522268687,
                34.9140967351555
              ],
              [
                128.56305293669595,
                34.91427719134313
              ],
              [
                128.56305185717554,
                34.91448043290334
              ],
              [
                128.5631523429627,
                34.91475376793073
              ],
              [
                128.56331229096682,
                34.91499840613329
              ],
              [
                128.56346309793793,
                34.915162138576434
              ],
              [
                128.56371864608533,
                34.91529537631495
              ],
              [
                128.56404120047267,
                34.91529655311438
              ],
              [
                128.56436769837228,
                34.915148273366135
              ],
              [
                128.56597457575594,
                34.91297085686445
              ],
              [
                128.56617797138088,
                34.912680600587095
              ],
              [
                128.56624078866884,
                34.912457889671394
              ],
              [
                128.56569473239406,
                34.9116682208218
              ]
            ]
          ],
          [
            [
              [
                128.5858988069832,
                34.913908917611934
              ],
              [
                128.5859158200417,
                34.91363238620771
              ],
              [
                128.5859246602906,
                34.913476117318
              ],
              [
                128.58592120088872,
                34.91336480262245
              ],
              [
                128.58590684484165,
                34.91324538523518
              ],
              [
                128.58588531125687,
                34.91318373632318
              ],
              [
                128.58584939619874,
                34.9131244115598
              ],
              [
                128.58580937044698,
                34.913082599378725
              ],
              [
                128.58574982794443,
                34.91303502386888
              ],
              [
                128.58331722475404,
                34.9112869191962
              ],
              [
                128.58180416609713,
                34.9102852213923
              ],
              [
                128.5816378707701,
                34.910253835561136
              ],
              [
                128.58117389467841,
                34.90976001594665
              ],
              [
                128.5797325612082,
                34.908108602875146
              ],
              [
                128.57954694927167,
                34.907870662414226
              ],
              [
                128.57939685500597,
                34.90766030755421
              ],
              [
                128.57927362665896,
                34.9074742059348
              ],
              [
                128.57925953673208,
                34.90742063019038
              ],
              [
                128.58113291776698,
                34.90164888291636
              ],
              [
                128.58141827931323,
                34.90124326123944
              ],
              [
                128.58153319515307,
                34.90108740273966
              ],
              [
                128.58281995422203,
                34.89973423009555
              ],
              [
                128.58349176162437,
                34.899072865262575
              ],
              [
                128.58501971998487,
                34.89796919065408
              ],
              [
                128.58515049853207,
                34.89789738276499
              ],
              [
                128.58529342200464,
                34.89784746423478
              ],
              [
                128.58539744911903,
                34.897829347912214
              ],
              [
                128.58552592719488,
                34.89781298243954
              ],
              [
                128.58577688081454,
                34.89775502005892
              ],
              [
                128.58595863699878,
                34.8976783564774
              ],
              [
                128.586156845597,
                34.897573181629795
              ],
              [
                128.58660662127318,
                34.89729075872957
              ],
              [
                128.5868111225738,
                34.89714864060351
              ],
              [
                128.5869831467327,
                34.89698457299475
              ],
              [
                128.58702426954284,
                34.896910775030754
              ],
              [
                128.5870594394146,
                34.89680672225554
              ],
              [
                128.587239961085,
                34.89616382357806
              ],
              [
                128.5872346112471,
                34.896010902920736
              ],
              [
                128.5861654435547,
                34.89222008971363
              ],
              [
                128.58614740690234,
                34.89215953466904
              ],
              [
                128.58572059920687,
                34.89112475543531
              ],
              [
                128.5855037519181,
                34.88927074172992
              ],
              [
                128.58673296898584,
                34.88552808448692
              ],
              [
                128.58733956561258,
                34.88402806466752
              ],
              [
                128.58758788990582,
                34.88355895939395
              ],
              [
                128.58658849186781,
                34.883865895762625
              ],
              [
                128.58627828729496,
                34.883960608708584
              ],
              [
                128.58600920545842,
                34.883984880196714
              ],
              [
                128.58577696793554,
                34.88397401979959
              ],
              [
                128.58556109506037,
                34.88395142320578
              ],
              [
                128.58533722276118,
                34.88389857872017
              ],
              [
                128.5851582614035,
                34.883830761360194
              ],
              [
                128.58507089348754,
                34.88378005208865
              ],
              [
                128.58502422906224,
                34.88374293694323
              ],
              [
                128.58436625198547,
                34.882902252105524
              ],
              [
                128.5840100991345,
                34.88241545811326
              ],
              [
                128.58373500556363,
                34.88201799371121
              ],
              [
                128.58359119166926,
                34.88184778486502
              ],
              [
                128.5834087103703,
                34.88166906210193
              ],
              [
                128.58325038210495,
                34.88155258136673
              ],
              [
                128.58303898000358,
                34.881451034827535
              ],
              [
                128.58219294096597,
                34.881140647781066
              ],
              [
                128.58189601266577,
                34.8810337695385
              ],
              [
                128.58165986035914,
                34.880990950716225
              ],
              [
                128.5814662920066,
                34.880993650334496
              ],
              [
                128.58133988416344,
                34.881008337370595
              ],
              [
                128.5812114085614,
                34.8810314068898
              ],
              [
                128.581115440626,
                34.88107140074296
              ],
              [
                128.58094784048797,
                34.881174992198396
              ],
              [
                128.58083131661817,
                34.881248533528954
              ],
              [
                128.58078421240455,
                34.881297088085155
              ],
              [
                128.580735033945,
                34.88135236434494
              ],
              [
                128.58066736636349,
                34.88143615007101
              ],
              [
                128.58052170328241,
                34.88162887071365
              ],
              [
                128.58039685626252,
                34.88174099927102
              ],
              [
                128.58031098072527,
                34.881797832326676
              ],
              [
                128.5801149388783,
                34.8818845213445
              ],
              [
                128.57987008403194,
                34.88195256357544
              ],
              [
                128.57969061245223,
                34.88198386982318
              ],
              [
                128.57959081232278,
                34.88197847489015
              ],
              [
                128.5779858434349,
                34.881853611574556
              ],
              [
                128.57786166241033,
                34.88183132965946
              ],
              [
                128.57313840655087,
                34.880692415206305
              ],
              [
                128.57278377536986,
                34.88042383573271
              ],
              [
                128.57250417359194,
                34.88025618588689
              ],
              [
                128.57231951500674,
                34.88015312309169
              ],
              [
                128.57195111869814,
                34.87998519835342
              ],
              [
                128.57166705191864,
                34.879891094868725
              ],
              [
                128.57139965489878,
                34.87984639801113
              ],
              [
                128.571112858735,
                34.87984165750683
              ],
              [
                128.57084634502874,
                34.8798444418513
              ],
              [
                128.57075705193685,
                34.87985808130298
              ],
              [
                128.57008454518154,
                34.87997765129027
              ],
              [
                128.56972272117895,
                34.88006759522919
              ],
              [
                128.56954835216845,
                34.88015635248885
              ],
              [
                128.56944276403675,
                34.88026488843671
              ],
              [
                128.56937661116314,
                34.88038939469575
              ],
              [
                128.56928171298904,
                34.88061155436257
              ],
              [
                128.56916121148146,
                34.88098256030129
              ],
              [
                128.56911522883945,
                34.881136914057976
              ],
              [
                128.56906047805475,
                34.88145603718652
              ],
              [
                128.56901205757825,
                34.88186080013776
              ],
              [
                128.56898369319907,
                34.882102749411416
              ],
              [
                128.56893541531082,
                34.88226456054371
              ],
              [
                128.5688792712508,
                34.882417960266515
              ],
              [
                128.5687972431775,
                34.88255356692669
              ],
              [
                128.5681623379462,
                34.88346546203852
              ],
              [
                128.56802579988317,
                34.88365860895396
              ],
              [
                128.56790876806218,
                34.88379690846246
              ],
              [
                128.5677840129552,
                34.88389886477882
              ],
              [
                128.56759128000087,
                34.88404339424717
              ],
              [
                128.56260100885106,
                34.88742981561498
              ],
              [
                128.5625307773303,
                34.88746866821637
              ],
              [
                128.56245615194683,
                34.88748328252879
              ],
              [
                128.56237365415177,
                34.8874950972696
              ],
              [
                128.5622110244969,
                34.887496373335324
              ],
              [
                128.56204162966506,
                34.887495766916466
              ],
              [
                128.56197273217163,
                34.88747860433103
              ],
              [
                128.56015046923727,
                34.88677024706663
              ],
              [
                128.55994775420982,
                34.88666711475218
              ],
              [
                128.5597902368084,
                34.886556689087065
              ],
              [
                128.55651457491223,
                34.88373899092768
              ],
              [
                128.55555464663223,
                34.88290880638569
              ],
              [
                128.55547598922846,
                34.882834049742016
              ],
              [
                128.55449590364256,
                34.881770128363186
              ],
              [
                128.55428013864747,
                34.88178516022516
              ],
              [
                128.5540158174231,
                34.88179723311232
              ],
              [
                128.55359688212803,
                34.881794754745144
              ],
              [
                128.55333272424224,
                34.88177701965657
              ],
              [
                128.55297718767278,
                34.88174312701916
              ],
              [
                128.55108723473245,
                34.88145966099608
              ],
              [
                128.5465504726931,
                34.88062429934066
              ],
              [
                128.54651347716137,
                34.880584769479924
              ],
              [
                128.5463685200875,
                34.88036425534123
              ],
              [
                128.5463080248289,
                34.88024801636919
              ],
              [
                128.546097271344,
                34.87990907946827
              ],
              [
                128.54598123191482,
                34.87974667012096
              ],
              [
                128.54590174486748,
                34.8797004254301
              ],
              [
                128.54577956589722,
                34.87968792202351
              ],
              [
                128.54348865477593,
                34.88014656911423
              ],
              [
                128.54329437592057,
                34.88019288743643
              ],
              [
                128.54293233149428,
                34.880295485019886
              ],
              [
                128.54261277249853,
                34.88040917789848
              ],
              [
                128.5424501836225,
                34.880491745945015
              ],
              [
                128.5399393895322,
                34.8822430113733
              ],
              [
                128.53804740901657,
                34.883587298685846
              ],
              [
                128.53655110196075,
                34.884511761309675
              ],
              [
                128.5329619038236,
                34.88608364613258
              ],
              [
                128.52980820606797,
                34.887241277729615
              ],
              [
                128.5295687931163,
                34.88727427318485
              ],
              [
                128.52914559602297,
                34.88737221632109
              ],
              [
                128.52864219973827,
                34.88755301674786
              ],
              [
                128.52834381682726,
                34.88767223259288
              ],
              [
                128.5282024905272,
                34.887749371040506
              ],
              [
                128.5281141725551,
                34.88785408073995
              ],
              [
                128.528063113691,
                34.887952372486815
              ],
              [
                128.52802493797057,
                34.8881185613387
              ],
              [
                128.5280163969559,
                34.888218113846676
              ],
              [
                128.52803171777276,
                34.88832760247578
              ],
              [
                128.5280573960318,
                34.88848528917933
              ],
              [
                128.528098917462,
                34.88866163711948
              ],
              [
                128.52810606423293,
                34.88880611990001
              ],
              [
                128.52809999685797,
                34.88893741692319
              ],
              [
                128.52806958888925,
                34.889139750939066
              ],
              [
                128.52799917926995,
                34.88936710846186
              ],
              [
                128.52792881767732,
                34.88958570001013
              ],
              [
                128.52786686919094,
                34.88972663183503
              ],
              [
                128.52782936079606,
                34.889776820779396
              ],
              [
                128.5277813049991,
                34.889816020486386
              ],
              [
                128.52700722083716,
                34.890377688357184
              ],
              [
                128.5266746313805,
                34.89051890685782
              ],
              [
                128.52396936824874,
                34.89168336450778
              ],
              [
                128.52383628763894,
                34.891715662163485
              ],
              [
                128.52369800135057,
                34.89172496302007
              ],
              [
                128.52338428268337,
                34.89173466965416
              ],
              [
                128.523126537606,
                34.8917183309433
              ],
              [
                128.52278798812347,
                34.891688080167
              ],
              [
                128.52254714735878,
                34.891653141777084
              ],
              [
                128.52246162101287,
                34.891629269798145
              ],
              [
                128.5189080243776,
                34.8897351677747
              ],
              [
                128.51645528507373,
                34.887159594879755
              ],
              [
                128.51638390030158,
                34.887062942189246
              ],
              [
                128.51632661835953,
                34.88697058091242
              ],
              [
                128.51626956882757,
                34.886837983294605
              ],
              [
                128.51624940224437,
                34.886772246698165
              ],
              [
                128.51625241359687,
                34.8867259285536
              ],
              [
                128.5162550544203,
                34.886685423233914
              ],
              [
                128.51639586222316,
                34.88633862533487
              ],
              [
                128.5165219224782,
                34.886097677178256
              ],
              [
                128.51669837513464,
                34.88580821012903
              ],
              [
                128.51680471403506,
                34.88564342828535
              ],
              [
                128.5168875510751,
                34.88553998080451
              ],
              [
                128.516957289354,
                34.8854809466497
              ],
              [
                128.51702052419648,
                34.885434613371665
              ],
              [
                128.51713140124485,
                34.88537045675797
              ],
              [
                128.51733919990147,
                34.88521350624206
              ],
              [
                128.51759528426953,
                34.88492964283659
              ],
              [
                128.51770795571713,
                34.884778671012505
              ],
              [
                128.5182428313093,
                34.884061738646935
              ],
              [
                128.51827245229975,
                34.883972697170414
              ],
              [
                128.51860999249445,
                34.88211376307115
              ],
              [
                128.51859949786385,
                34.882050554431565
              ],
              [
                128.5185486873359,
                34.88191464942295
              ],
              [
                128.51722458337161,
                34.87934292382403
              ],
              [
                128.5171558141014,
                34.879237811303184
              ],
              [
                128.51603815460027,
                34.878020871403415
              ],
              [
                128.51594491028632,
                34.87793366332281
              ],
              [
                128.5158372636669,
                34.87784710030882
              ],
              [
                128.515616159473,
                34.877685147863964
              ],
              [
                128.51555592277788,
                34.877646926103566
              ],
              [
                128.51420187211625,
                34.876817823991495
              ],
              [
                128.5140232416091,
                34.87675758636678
              ],
              [
                128.50887863523937,
                34.873754586500354
              ],
              [
                128.50874487589695,
                34.873659610624465
              ],
              [
                128.50854492299547,
                34.873500041177984
              ],
              [
                128.50834670820916,
                34.87333051467493
              ],
              [
                128.5082633154336,
                34.87324516200425
              ],
              [
                128.50812131440549,
                34.87307229696114
              ],
              [
                128.50804823515966,
                34.87294605874824
              ],
              [
                128.5080274858298,
                34.872893951190434
              ],
              [
                128.50787871373865,
                34.87261103634494
              ],
              [
                128.50780557428638,
                34.87251332961492
              ],
              [
                128.5075472926018,
                34.87223685765303
              ],
              [
                128.50745162043543,
                34.872136712534115
              ],
              [
                128.50732853604927,
                34.87201534988069
              ],
              [
                128.50726014322439,
                34.87194951064518
              ],
              [
                128.50521306609033,
                34.86998737430707
              ],
              [
                128.50516234459184,
                34.86996698746899
              ],
              [
                128.50329960554544,
                34.86960798965355
              ],
              [
                128.5032501217983,
                34.869603245573494
              ],
              [
                128.49958229612366,
                34.86936827124607
              ],
              [
                128.4993966890154,
                34.86935730374996
              ],
              [
                128.49855293807113,
                34.86934071132997
              ],
              [
                128.498491818477,
                34.86934676423658
              ],
              [
                128.49841042428358,
                34.86938836332067
              ],
              [
                128.49834818930628,
                34.869444790648814
              ],
              [
                128.49828894167075,
                34.86949945671298
              ],
              [
                128.4972941998455,
                34.87071015723266
              ],
              [
                128.49721238242552,
                34.87082804414066
              ],
              [
                128.49712834890946,
                34.87100036500321
              ],
              [
                128.49710142509392,
                34.87108579793734
              ],
              [
                128.49706665213188,
                34.87122098066699
              ],
              [
                128.49705860525964,
                34.87130337599884
              ],
              [
                128.49705417649432,
                34.87141068581744
              ],
              [
                128.49705187139483,
                34.87147757955666
              ],
              [
                128.49706454844232,
                34.871564728302
              ],
              [
                128.4970754338151,
                34.87163632722534
              ],
              [
                128.4971049512467,
                34.871742218879376
              ],
              [
                128.49715153310697,
                34.87183574781733
              ],
              [
                128.49720370305928,
                34.87194017953195
              ],
              [
                128.4972596287229,
                34.872047740026645
              ],
              [
                128.49729684981756,
                34.8721287757679
              ],
              [
                128.49733376622112,
                34.87225958868892
              ],
              [
                128.4973427570584,
                34.872332738739836
              ],
              [
                128.49733840388947,
                34.8724276168793
              ],
              [
                128.4973322317089,
                34.872511575737484
              ],
              [
                128.49732027537604,
                34.872618856218
              ],
              [
                128.4972451684606,
                34.87287208966489
              ],
              [
                128.4965967058429,
                34.874977079762246
              ],
              [
                128.4965851737625,
                34.87501282089572
              ],
              [
                128.49652805602534,
                34.87510123696882
              ],
              [
                128.49649007644996,
                34.8751430875805
              ],
              [
                128.49642563109214,
                34.87519569884796
              ],
              [
                128.4931563715915,
                34.87775328715196
              ],
              [
                128.49305404128606,
                34.8778306444129
              ],
              [
                128.49298203803687,
                34.87788322002311
              ],
              [
                128.49173622451613,
                34.8785884204082
              ],
              [
                128.49161537013669,
                34.87863998072793
              ],
              [
                128.4905184195176,
                34.87907396198254
              ],
              [
                128.49034778491986,
                34.879133185440004
              ],
              [
                128.48749260020094,
                34.87989263814158
              ],
              [
                128.48744673865474,
                34.87988297276489
              ],
              [
                128.48741827485992,
                34.87984656726523
              ],
              [
                128.4872530922623,
                34.87933628452713
              ],
              [
                128.4871987673052,
                34.8791514682464
              ],
              [
                128.48714263635182,
                34.87894928783617
              ],
              [
                128.48708437660667,
                34.87878181367072
              ],
              [
                128.48694739499498,
                34.878659751460134
              ],
              [
                128.4854915341951,
                34.877528358438504
              ],
              [
                128.48535888821496,
                34.87744446943859
              ],
              [
                128.485148193491,
                34.877356472447914
              ],
              [
                128.4820078100323,
                34.87576759259848
              ],
              [
                128.4794911510004,
                34.87432902217487
              ],
              [
                128.4769807383794,
                34.87248001107319
              ],
              [
                128.47408818191028,
                34.870741823603645
              ],
              [
                128.47327251327548,
                34.87030907477558
              ],
              [
                128.4717246377448,
                34.87267096194964
              ],
              [
                128.47208457185033,
                34.876861864482755
              ],
              [
                128.4724321845048,
                34.87749739295489
              ],
              [
                128.47377574365214,
                34.87844740909794
              ],
              [
                128.47598580920504,
                34.87934490102218
              ],
              [
                128.47610134699428,
                34.88009972717037
              ],
              [
                128.47581551857817,
                34.8812375206461
              ],
              [
                128.47557919218409,
                34.88229069487962
              ],
              [
                128.47579600803888,
                34.88300228331031
              ],
              [
                128.47652674517064,
                34.883917681442334
              ],
              [
                128.4794393282682,
                34.886991220421116
              ],
              [
                128.4812367186522,
                34.88762432122053
              ],
              [
                128.48308243638766,
                34.88810598425053
              ],
              [
                128.483899495832,
                34.88813803370813
              ],
              [
                128.48404851740074,
                34.888438382354195
              ],
              [
                128.48437602525428,
                34.889098498737845
              ],
              [
                128.48522556427247,
                34.89093669072519
              ],
              [
                128.48626789504524,
                34.892142306976545
              ],
              [
                128.48762168405054,
                34.89363820407594
              ],
              [
                128.48927787658593,
                34.89492030976141
              ],
              [
                128.49047793538406,
                34.89637604686994
              ],
              [
                128.490028575922,
                34.896927706650246
              ],
              [
                128.4900947606846,
                34.89776714971798
              ],
              [
                128.49167709648094,
                34.90060457504682
              ],
              [
                128.49293946337914,
                34.90183222377759
              ],
              [
                128.49431111924818,
                34.90147930158737
              ],
              [
                128.49577873500934,
                34.900789055481255
              ],
              [
                128.49641619746,
                34.89935280752065
              ],
              [
                128.49722042133487,
                34.89867072138134
              ],
              [
                128.49828889468316,
                34.89848951661423
              ],
              [
                128.50116399445173,
                34.90223515592805
              ],
              [
                128.50003986912412,
                34.90216500174532
              ],
              [
                128.49986348298074,
                34.90217446830516
              ],
              [
                128.49981242845004,
                34.90218151589381
              ],
              [
                128.4986689993643,
                34.90255999992571
              ],
              [
                128.49765606606152,
                34.902992597644456
              ],
              [
                128.49631485403137,
                34.90502568427071
              ],
              [
                128.4964466094663,
                34.90666253810674
              ],
              [
                128.4968677968255,
                34.90737156957185
              ],
              [
                128.4976340208114,
                34.90740414293959
              ],
              [
                128.4986919310688,
                34.90663489537988
              ],
              [
                128.4992418200729,
                34.905997941757164
              ],
              [
                128.5006569065068,
                34.90522426291139
              ],
              [
                128.50406130771842,
                34.90438400556762
              ],
              [
                128.50645121548013,
                34.903892278627005
              ],
              [
                128.5064155150171,
                34.90473298238875
              ],
              [
                128.5061330991497,
                34.90603884065429
              ],
              [
                128.5057348237013,
                34.906589933198774
              ],
              [
                128.50304783258437,
                34.907589440605726
              ],
              [
                128.50193815106567,
                34.908317347509154
              ],
              [
                128.50008512043706,
                34.91027277054829
              ],
              [
                128.49958624204905,
                34.91090910888461
              ],
              [
                128.500309099654,
                34.91136233655588
              ],
              [
                128.5028561534997,
                34.91107881627189
              ],
              [
                128.50452108731966,
                34.91000792355306
              ],
              [
                128.50643117265412,
                34.9083878263626
              ],
              [
                128.50723769356387,
                34.90783168144013
              ],
              [
                128.5083357916192,
                34.907818068417235
              ],
              [
                128.5087175940388,
                34.9078133345237
              ],
              [
                128.51179301939123,
                34.90848009582263
              ],
              [
                128.51406544889872,
                34.909133269383766
              ],
              [
                128.51540613696744,
                34.90987279449001
              ],
              [
                128.51605821939782,
                34.91057856105418
              ],
              [
                128.51613524291693,
                34.91066192646543
              ],
              [
                128.51630377084246,
                34.91150007586714
              ],
              [
                128.51564960078497,
                34.91201236090748
              ],
              [
                128.51510751753136,
                34.913069420714
              ],
              [
                128.51504246292893,
                34.91508680209077
              ],
              [
                128.5156652146487,
                34.915641724747026
              ],
              [
                128.51667510821474,
                34.915040973972
              ],
              [
                128.51825872839197,
                34.91510523465691
              ],
              [
                128.51971400506253,
                34.916515462214356
              ],
              [
                128.5204579812401,
                34.917306556230024
              ],
              [
                128.52052815517936,
                34.917381174634755
              ],
              [
                128.52080743009043,
                34.91767813768379
              ],
              [
                128.5213356064016,
                34.918637797639946
              ],
              [
                128.52212828073513,
                34.92009829044528
              ],
              [
                128.52353784312413,
                34.92168611518069
              ],
              [
                128.52524568480166,
                34.92304207627902
              ],
              [
                128.52725022424605,
                34.92377313494248
              ],
              [
                128.52821764329158,
                34.923634929607786
              ],
              [
                128.528206749734,
                34.9230469044741
              ],
              [
                128.528398464019,
                34.92237230600336
              ],
              [
                128.52890340609915,
                34.92207188319052
              ],
              [
                128.53246602206877,
                34.92066129989489
              ],
              [
                128.53312873892477,
                34.92061093591369
              ],
              [
                128.53531398366124,
                34.92007923679705
              ],
              [
                128.5409312937971,
                34.917445470764775
              ],
              [
                128.54065965005248,
                34.916566667836875
              ],
              [
                128.54395288713408,
                34.91196698993969
              ],
              [
                128.54490284830567,
                34.910904628170115
              ],
              [
                128.54655776405735,
                34.90932915834146
              ],
              [
                128.54781619865986,
                34.908388885049504
              ],
              [
                128.55024907175775,
                34.90747565641576
              ],
              [
                128.55283971012,
                34.90681244777909
              ],
              [
                128.55308520456632,
                34.906816271048044
              ],
              [
                128.55432033642657,
                34.90683552810189
              ],
              [
                128.55524044337105,
                34.90690780823534
              ],
              [
                128.55795276065857,
                34.90554381439999
              ],
              [
                128.55994706287152,
                34.90234546235462
              ],
              [
                128.56412272843576,
                34.900773854742425
              ],
              [
                128.5678730391555,
                34.899381178321875
              ],
              [
                128.57302405073227,
                34.89918864962678
              ],
              [
                128.57602671595052,
                34.9014184095731
              ],
              [
                128.5760491658644,
                34.90259444497697
              ],
              [
                128.5757686683007,
                34.90394244791956
              ],
              [
                128.57397094751556,
                34.90602429490693
              ],
              [
                128.57295519752606,
                34.9062895050244
              ],
              [
                128.57168108876868,
                34.90638997906715
              ],
              [
                128.57042057764897,
                34.907204497834286
              ],
              [
                128.57017900930353,
                34.90792181125173
              ],
              [
                128.5707028904029,
                34.90862925259985
              ],
              [
                128.57284207671034,
                34.90957415020937
              ],
              [
                128.57473802671552,
                34.90998474550679
              ],
              [
                128.57918508824562,
                34.9128368172509
              ],
              [
                128.58321866843,
                34.91428477173544
              ],
              [
                128.58560644461426,
                34.91408606039514
              ],
              [
                128.5858988069832,
                34.913908917611934
              ]
            ]
          ],
          [
            [
              [
                128.53480045337633,
                34.94179867081213
              ],
              [
                128.53465135240555,
                34.93875689847481
              ],
              [
                128.53286773974438,
                34.937333664699814
              ],
              [
                128.5312973567327,
                34.9374295385107
              ],
              [
                128.53002270221324,
                34.938510859970236
              ],
              [
                128.52662140921373,
                34.939618900543856
              ],
              [
                128.52584652198618,
                34.93772633917112
              ],
              [
                128.52545135028888,
                34.936361653572064
              ],
              [
                128.52588898286243,
                34.93495748404895
              ],
              [
                128.52597512806412,
                34.93468108409496
              ],
              [
                128.52746005527837,
                34.93496679436676
              ],
              [
                128.52903521078156,
                34.93513038982391
              ],
              [
                128.53002680760383,
                34.93374825485224
              ],
              [
                128.53117221434405,
                34.93069018849846
              ],
              [
                128.53021101864965,
                34.928723916070226
              ],
              [
                128.52482506629792,
                34.927498019449764
              ],
              [
                128.5239958496058,
                34.927660602145274
              ],
              [
                128.52294307082468,
                34.92913761311556
              ],
              [
                128.52246355183516,
                34.929810343074145
              ],
              [
                128.51949813063496,
                34.92946698384546
              ],
              [
                128.51821503392392,
                34.93009174403679
              ],
              [
                128.51841533454152,
                34.93092624689463
              ],
              [
                128.51982455159367,
                34.932126106749486
              ],
              [
                128.51920400420548,
                34.933579599814635
              ],
              [
                128.51593437302776,
                34.9368162531
              ],
              [
                128.51483884056648,
                34.93759081728757
              ],
              [
                128.51328657452353,
                34.93867542633241
              ],
              [
                128.51229324226472,
                34.939981342586336
              ],
              [
                128.5116780846912,
                34.941739094417926
              ],
              [
                128.51134449113158,
                34.94372160838315
              ],
              [
                128.5130326156844,
                34.94499417968773
              ],
              [
                128.51613490617615,
                34.945981262225466
              ],
              [
                128.51740519858723,
                34.946385419443565
              ],
              [
                128.51725330636984,
                34.948182308159495
              ],
              [
                128.51577936181502,
                34.94850505643398
              ],
              [
                128.51487981328418,
                34.949885912386605
              ],
              [
                128.51591240193744,
                34.950710045559624
              ],
              [
                128.51777869970283,
                34.95159985449281
              ],
              [
                128.51782213950207,
                34.95395814062519
              ],
              [
                128.51698699711505,
                34.95883839455673
              ],
              [
                128.51589819272675,
                34.95999335113574
              ],
              [
                128.51352155064524,
                34.96154478863205
              ],
              [
                128.5115329097866,
                34.964080548462874
              ],
              [
                128.51402654765963,
                34.968888157699354
              ],
              [
                128.51555826214218,
                34.97168442472752
              ],
              [
                128.51707046137275,
                34.97341565139777
              ],
              [
                128.51708654070015,
                34.974288455947374
              ],
              [
                128.5171054998995,
                34.975317497929424
              ],
              [
                128.5185070538311,
                34.976060897697565
              ],
              [
                128.52163527056643,
                34.97510868843593
              ],
              [
                128.52901697770275,
                34.97402684501234
              ],
              [
                128.5325121428345,
                34.97291755138544
              ],
              [
                128.53624921402408,
                34.96990283653033
              ],
              [
                128.53697071010984,
                34.96890453131208
              ],
              [
                128.53691676164738,
                34.96601376078065
              ],
              [
                128.53567184683766,
                34.96374678091893
              ],
              [
                128.5323702557652,
                34.960319446760614
              ],
              [
                128.53202701388673,
                34.96009462818176
              ],
              [
                128.53149131519362,
                34.95974375101127
              ],
              [
                128.53087213539538,
                34.95934915061273
              ],
              [
                128.52952026002805,
                34.958764489151335
              ],
              [
                128.52906203270035,
                34.95856631079847
              ],
              [
                128.52900058402247,
                34.9585397353741
              ],
              [
                128.52630943703744,
                34.95773251369677
              ],
              [
                128.52230039860777,
                34.95603270170175
              ],
              [
                128.52238023202213,
                34.955346879378325
              ],
              [
                128.52469741586626,
                34.950600182818
              ],
              [
                128.52648066290894,
                34.94700152231735
              ],
              [
                128.52941709024202,
                34.94574714540746
              ],
              [
                128.53134620378282,
                34.945038046996245
              ],
              [
                128.53316582787602,
                34.94341719483816
              ],
              [
                128.53480045337633,
                34.94179867081213
              ]
            ]
          ]
        ]
      }
    },
    {
      "type": "Feature",
      "properties": {
        "adm_nm": "경상남도 거제시 연초면",
        "adm_cd2": "4831037000",
        "sgg": "48310",
        "sido": "48",
        "sidonm": "경상남도",
        "sggnm": "거제시",
        "adm_cd": "38090370",
        "id": "4831037000",
        "name": "연초면",
        "center": [
          128.652964,
          34.926985
        ],
        "areaKm2": 40.3216,
        "areaMethod": "SGIS geometry spherical area; not official cadastral area",
        "boundaryDate": "2026-07-01"
      },
      "geometry": {
        "type": "MultiPolygon",
        "coordinates": [
          [
            [
              [
                128.6930826623198,
                34.927953604721516
              ],
              [
                128.69298523518324,
                34.927763297416064
              ],
              [
                128.69165983854307,
                34.926690594280984
              ],
              [
                128.6913283960056,
                34.92644786539151
              ],
              [
                128.68918396362568,
                34.925507420091996
              ],
              [
                128.6885531314676,
                34.92422530642908
              ],
              [
                128.68772578804942,
                34.92125322986047
              ],
              [
                128.68727138660876,
                34.918752460412655
              ],
              [
                128.68721615262805,
                34.91803046679733
              ],
              [
                128.6872819534139,
                34.91773499225881
              ],
              [
                128.68817249823445,
                34.91698086979732
              ],
              [
                128.69056369349735,
                34.91174501203469
              ],
              [
                128.69066960394304,
                34.91094072215038
              ],
              [
                128.69007174428052,
                34.90929046485406
              ],
              [
                128.68922668896047,
                34.9081841324749
              ],
              [
                128.68707117810098,
                34.906072944705706
              ],
              [
                128.68445537039995,
                34.90454467592123
              ],
              [
                128.68330295093008,
                34.90428453938531
              ],
              [
                128.68269744562477,
                34.904110485800715
              ],
              [
                128.68123106010978,
                34.90356630845019
              ],
              [
                128.67952646462726,
                34.9016934808795
              ],
              [
                128.67866537853263,
                34.90005224110638
              ],
              [
                128.67850353883435,
                34.89905036007435
              ],
              [
                128.67860169060248,
                34.897151020176935
              ],
              [
                128.6783235964568,
                34.89699888964486
              ],
              [
                128.67804550444646,
                34.89684676024468
              ],
              [
                128.67765911056875,
                34.89664176560516
              ],
              [
                128.6775039035927,
                34.896595279482796
              ],
              [
                128.67733330000624,
                34.896577283426254
              ],
              [
                128.67540533781283,
                34.89648222253757
              ],
              [
                128.67520158315628,
                34.8964750776635
              ],
              [
                128.6750205725467,
                34.89651188111771
              ],
              [
                128.6730594777098,
                34.89706155727559
              ],
              [
                128.67300847089075,
                34.89707786167164
              ],
              [
                128.67295746853065,
                34.89709417321695
              ],
              [
                128.6671523186119,
                34.8998289244199
              ],
              [
                128.6654340107199,
                34.90112417846065
              ],
              [
                128.6652784347679,
                34.901245628914864
              ],
              [
                128.6651761508563,
                34.90132570889218
              ],
              [
                128.66505682590886,
                34.90141913311033
              ],
              [
                128.66476448982596,
                34.90165435585306
              ],
              [
                128.66463940831878,
                34.90178555089009
              ],
              [
                128.6645605251068,
                34.901891577767955
              ],
              [
                128.6644929124599,
                34.9019824671683
              ],
              [
                128.6644124859266,
                34.902113789530034
              ],
              [
                128.66433895595256,
                34.90227995574508
              ],
              [
                128.6643949380623,
                34.90295913872762
              ],
              [
                128.66439239970026,
                34.90300750375255
              ],
              [
                128.66436861948495,
                34.903120937440384
              ],
              [
                128.664323783126,
                34.903199324745515
              ],
              [
                128.66376424330204,
                34.903942656521366
              ],
              [
                128.66372261639557,
                34.90395845787053
              ],
              [
                128.6636379610819,
                34.9039741229843
              ],
              [
                128.66357415970407,
                34.903971490479215
              ],
              [
                128.6635126458196,
                34.90395481109585
              ],
              [
                128.66345810731576,
                34.90393308935566
              ],
              [
                128.6633586458881,
                34.90387243239236
              ],
              [
                128.66321066328186,
                34.9037680468644
              ],
              [
                128.66310642380563,
                34.90367418456152
              ],
              [
                128.6629571400749,
                34.90352699603845
              ],
              [
                128.66284800861126,
                34.90338693153705
              ],
              [
                128.662721671984,
                34.90322606445309
              ],
              [
                128.66261456141035,
                34.90310973461771
              ],
              [
                128.662398010046,
                34.902881434985794
              ],
              [
                128.66223963604548,
                34.90271599923754
              ],
              [
                128.66215031519778,
                34.902622706639896
              ],
              [
                128.6619526278267,
                34.902449337323425
              ],
              [
                128.66192449995174,
                34.90242956970678
              ],
              [
                128.66188667754204,
                34.90240299861158
              ],
              [
                128.66180059056595,
                34.90236013723839
              ],
              [
                128.66159813345797,
                34.902295638392054
              ],
              [
                128.66151046010117,
                34.902284748916294
              ],
              [
                128.66135232429158,
                34.90228193384764
              ],
              [
                128.6605771658826,
                34.90232951112837
              ],
              [
                128.65907807738154,
                34.90244640440108
              ],
              [
                128.65824950745784,
                34.902653198829555
              ],
              [
                128.6581875560011,
                34.902682614616694
              ],
              [
                128.65811992288945,
                34.90270017673857
              ],
              [
                128.65800768326048,
                34.90272115569107
              ],
              [
                128.65788260614477,
                34.90271725917387
              ],
              [
                128.65645396069766,
                34.90259958816683
              ],
              [
                128.65628440367138,
                34.902571894636395
              ],
              [
                128.65608629381924,
                34.90250267803416
              ],
              [
                128.65582219523625,
                34.90239301922045
              ],
              [
                128.65554096205972,
                34.90225727260422
              ],
              [
                128.6553201970742,
                34.90210276512203
              ],
              [
                128.65398134533825,
                34.90114727224951
              ],
              [
                128.65358299900137,
                34.900826555522755
              ],
              [
                128.65346850093283,
                34.90070784394404
              ],
              [
                128.6532325732504,
                34.900378654858926
              ],
              [
                128.6514996907635,
                34.89845620835529
              ],
              [
                128.65139933614236,
                34.898350448831025
              ],
              [
                128.6502769877586,
                34.89757606976021
              ],
              [
                128.65019480271152,
                34.89752874838467
              ],
              [
                128.650098923872,
                34.89747354947397
              ],
              [
                128.6499396024701,
                34.897407379300645
              ],
              [
                128.6496669039484,
                34.89733398042082
              ],
              [
                128.6473807859048,
                34.89677729897845
              ],
              [
                128.64665390678257,
                34.89695349205609
              ],
              [
                128.6464410274386,
                34.897048340755525
              ],
              [
                128.64622815295618,
                34.897143180924296
              ],
              [
                128.64548713477254,
                34.897247104088954
              ],
              [
                128.6447461275398,
                34.897351009122204
              ],
              [
                128.64311355976596,
                34.89696525690576
              ],
              [
                128.6422728764046,
                34.89662487678644
              ],
              [
                128.6383143821161,
                34.8976964970978
              ],
              [
                128.63824549033515,
                34.89789969780907
              ],
              [
                128.63800651085012,
                34.898116435083686
              ],
              [
                128.6378097514632,
                34.89816588778958
              ],
              [
                128.63762106596062,
                34.89821330792199
              ],
              [
                128.63509387068785,
                34.89825007639776
              ],
              [
                128.63321195702906,
                34.89826658832486
              ],
              [
                128.62986874833138,
                34.89791459449529
              ],
              [
                128.6278872110278,
                34.89770591129661
              ],
              [
                128.62561770858852,
                34.89764854137886
              ],
              [
                128.62600855059077,
                34.898154947031394
              ],
              [
                128.6240487657358,
                34.8993909575555
              ],
              [
                128.62399641120354,
                34.89942397324121
              ],
              [
                128.62347816801977,
                34.89992776415699
              ],
              [
                128.62245510213444,
                34.90161832339314
              ],
              [
                128.6225488361783,
                34.90254867140743
              ],
              [
                128.6223420599721,
                34.90354515985982
              ],
              [
                128.62138581963978,
                34.90480005480627
              ],
              [
                128.61846214073898,
                34.905770606137004
              ],
              [
                128.6164825244588,
                34.908715984680995
              ],
              [
                128.61614424446387,
                34.910707937824306
              ],
              [
                128.61692662805325,
                34.91212600684134
              ],
              [
                128.6168110193532,
                34.913928660149644
              ],
              [
                128.61542988907695,
                34.91661762793385
              ],
              [
                128.61354130288558,
                34.91651850576405
              ],
              [
                128.61360217823378,
                34.915772404615346
              ],
              [
                128.61426417970023,
                34.91489410943066
              ],
              [
                128.61303036648457,
                34.91354410518462
              ],
              [
                128.61234410904936,
                34.91318056854573
              ],
              [
                128.61158725111426,
                34.91306637656203
              ],
              [
                128.60917793541833,
                34.91334671278549
              ],
              [
                128.6085816586672,
                34.91372725969602
              ],
              [
                128.6077796109848,
                34.91516632947683
              ],
              [
                128.60772957849235,
                34.91647124966795
              ],
              [
                128.6086046213715,
                34.91877597700494
              ],
              [
                128.60936999818605,
                34.91932482026374
              ],
              [
                128.61075352470505,
                34.9206107506615
              ],
              [
                128.61120658382285,
                34.92133901504065
              ],
              [
                128.6112356353575,
                34.92323950182189
              ],
              [
                128.61046845446208,
                34.92417223121
              ],
              [
                128.61001969962865,
                34.92429925571077
              ],
              [
                128.60948220248045,
                34.924403247205454
              ],
              [
                128.60851481050497,
                34.9240931345286
              ],
              [
                128.60834384877083,
                34.92391431426997
              ],
              [
                128.60788338819623,
                34.92390773406718
              ],
              [
                128.60766710788266,
                34.92390653475893
              ],
              [
                128.60659761410508,
                34.92390060342271
              ],
              [
                128.60360649472892,
                34.924765297796334
              ],
              [
                128.6020142053319,
                34.92661391841444
              ],
              [
                128.6025333807704,
                34.9269199203114
              ],
              [
                128.6011562225311,
                34.928663117365886
              ],
              [
                128.5984403959812,
                34.93383463576012
              ],
              [
                128.59721172378852,
                34.936395469665754
              ],
              [
                128.5933902025775,
                34.93862191660372
              ],
              [
                128.58960719055895,
                34.9414126927775
              ],
              [
                128.58905712271024,
                34.94082882240871
              ],
              [
                128.58844366957825,
                34.940833554293235
              ],
              [
                128.58727522856847,
                34.94128114283793
              ],
              [
                128.58650032755898,
                34.94251910137089
              ],
              [
                128.5881667008312,
                34.943537791216094
              ],
              [
                128.59220695334997,
                34.94528474826645
              ],
              [
                128.59382770192963,
                34.94449456337773
              ],
              [
                128.59920206995386,
                34.94441085979873
              ],
              [
                128.60718528059385,
                34.94272777339318
              ],
              [
                128.6140291929808,
                34.94052159958066
              ],
              [
                128.6159654920566,
                34.93936370486237
              ],
              [
                128.61767891252606,
                34.93770182600833
              ],
              [
                128.6181883450834,
                34.937207692027656
              ],
              [
                128.618315821851,
                34.93708405409118
              ],
              [
                128.62019164904348,
                34.9366646001372
              ],
              [
                128.6218671422553,
                34.93702481541621
              ],
              [
                128.62441088144507,
                34.93669317661318
              ],
              [
                128.6256994257806,
                34.935271688930264
              ],
              [
                128.63265430711405,
                34.93362922427085
              ],
              [
                128.63722303634694,
                34.9336654548318
              ],
              [
                128.63756830395135,
                34.934276934708706
              ],
              [
                128.64225162897287,
                34.93787510144013
              ],
              [
                128.6436995879052,
                34.93865962912435
              ],
              [
                128.6439323644041,
                34.93941014447772
              ],
              [
                128.64394216082556,
                34.93944173042493
              ],
              [
                128.64467171891894,
                34.94179397069821
              ],
              [
                128.64539982690815,
                34.94306001967688
              ],
              [
                128.6479440028241,
                34.94316176732272
              ],
              [
                128.64965053030514,
                34.94227728054986
              ],
              [
                128.6505303370063,
                34.94235737096722
              ],
              [
                128.6556931999646,
                34.94465910139292
              ],
              [
                128.6575377076511,
                34.946496348624635
              ],
              [
                128.6575762299656,
                34.946534724341625
              ],
              [
                128.65979867417425,
                34.94667532314952
              ],
              [
                128.66091729109007,
                34.945923758462285
              ],
              [
                128.66282892222947,
                34.94648929545246
              ],
              [
                128.66522426280716,
                34.94807374810008
              ],
              [
                128.666071364948,
                34.95127034632815
              ],
              [
                128.66647391070876,
                34.9530135535128
              ],
              [
                128.66683657368563,
                34.95436284987359
              ],
              [
                128.66865692854768,
                34.95592882193681
              ],
              [
                128.6697077530188,
                34.95618909223515
              ],
              [
                128.67069658180677,
                34.95630657578861
              ],
              [
                128.67257525144146,
                34.95687632155736
              ],
              [
                128.6735685203677,
                34.95732929267357
              ],
              [
                128.67362122417305,
                34.95748972872445
              ],
              [
                128.67379175570545,
                34.958008901938264
              ],
              [
                128.6730016131209,
                34.96209471813353
              ],
              [
                128.6726384611001,
                34.96391317158613
              ],
              [
                128.67205783996243,
                34.965766719913745
              ],
              [
                128.67147519280246,
                34.968572303116275
              ],
              [
                128.67171527771788,
                34.97208088554795
              ],
              [
                128.6719992961999,
                34.97270683213287
              ],
              [
                128.6738152933687,
                34.97504975527963
              ],
              [
                128.67513163119682,
                34.97580323676405
              ],
              [
                128.67881622294996,
                34.97478024370964
              ],
              [
                128.67967757644462,
                34.97378044719689
              ],
              [
                128.68088469128065,
                34.97037913160054
              ],
              [
                128.68123945277227,
                34.96930494757449
              ],
              [
                128.68098645755026,
                34.96785566075631
              ],
              [
                128.6812291326286,
                34.964367039008145
              ],
              [
                128.68241812549965,
                34.96273211143448
              ],
              [
                128.68462253630727,
                34.96187366249379
              ],
              [
                128.68628295125382,
                34.96043972859477
              ],
              [
                128.68740490029862,
                34.95795782356119
              ],
              [
                128.68865425974005,
                34.95737115726606
              ],
              [
                128.69124936316047,
                34.956802968732674
              ],
              [
                128.6960770163357,
                34.95663515393857
              ],
              [
                128.6967559365244,
                34.95663051239552
              ],
              [
                128.69799032289444,
                34.95703389687013
              ],
              [
                128.69804805140737,
                34.95705276495924
              ],
              [
                128.69824468741766,
                34.95711701207699
              ],
              [
                128.69869677576983,
                34.95705981397871
              ],
              [
                128.7003660711413,
                34.955027606575406
              ],
              [
                128.70101209620762,
                34.95375545156523
              ],
              [
                128.69992804870634,
                34.95137160506099
              ],
              [
                128.69800785440367,
                34.94991445501739
              ],
              [
                128.6963496815712,
                34.94916539819877
              ],
              [
                128.69193846417835,
                34.947451470758544
              ],
              [
                128.68874475786797,
                34.946412049123005
              ],
              [
                128.68863507020262,
                34.946355035147924
              ],
              [
                128.68855098475203,
                34.94631132196837
              ],
              [
                128.68710258250132,
                34.943378464442944
              ],
              [
                128.68718609875282,
                34.9418709009714
              ],
              [
                128.6895762045455,
                34.9367213861104
              ],
              [
                128.6896943106862,
                34.936514005746275
              ],
              [
                128.69079973843725,
                34.936233826543635
              ],
              [
                128.6913756192618,
                34.93561294880099
              ],
              [
                128.6917191959815,
                34.93483516383119
              ],
              [
                128.69186968747314,
                34.93418663289137
              ],
              [
                128.69184575396645,
                34.9338727734143
              ],
              [
                128.6925669351523,
                34.929849772629
              ],
              [
                128.6930826623198,
                34.927953604721516
              ]
            ]
          ]
        ]
      }
    },
    {
      "type": "Feature",
      "properties": {
        "adm_nm": "경상남도 거제시 하청면",
        "adm_cd2": "4831038000",
        "sgg": "48310",
        "sido": "48",
        "sidonm": "경상남도",
        "sggnm": "거제시",
        "adm_cd": "38090380",
        "id": "4831038000",
        "name": "하청면",
        "center": [
          128.623263,
          34.947022
        ],
        "areaKm2": 32.5482,
        "areaMethod": "SGIS geometry spherical area; not official cadastral area",
        "boundaryDate": "2026-07-01"
      },
      "geometry": {
        "type": "MultiPolygon",
        "coordinates": [
          [
            [
              [
                128.6330798700394,
                34.9715392909406
              ],
              [
                128.63084252970998,
                34.971315376080256
              ],
              [
                128.6307361401113,
                34.971336921724074
              ],
              [
                128.63061881020906,
                34.97139104522941
              ],
              [
                128.63028406182397,
                34.97166794294431
              ],
              [
                128.630194120783,
                34.97174477437038
              ],
              [
                128.63011813892533,
                34.971826499112474
              ],
              [
                128.62965028928204,
                34.97245351842568
              ],
              [
                128.62957409282,
                34.972567489176264
              ],
              [
                128.62957362366618,
                34.97267214250524
              ],
              [
                128.62959113031908,
                34.972760580369425
              ],
              [
                128.6296457519864,
                34.97285137078745
              ],
              [
                128.63000436016728,
                34.97323657022342
              ],
              [
                128.6313190636361,
                34.97369006474012
              ],
              [
                128.63555889786633,
                34.97700781590062
              ],
              [
                128.63567372716545,
                34.977064393911355
              ],
              [
                128.63582225683663,
                34.977087781973886
              ],
              [
                128.63596141444543,
                34.977065303997996
              ],
              [
                128.63607210664262,
                34.977003713769456
              ],
              [
                128.63614338978832,
                34.976935160603894
              ],
              [
                128.63618148210918,
                34.97687298002978
              ],
              [
                128.63620750275442,
                34.9767886398567
              ],
              [
                128.63621922271307,
                34.97671372538225
              ],
              [
                128.6362236564057,
                34.97658193399228
              ],
              [
                128.6362274512521,
                34.97645473004631
              ],
              [
                128.63621124724816,
                34.976298913384
              ],
              [
                128.63613107694576,
                34.97575315684602
              ],
              [
                128.63610558841563,
                34.975633136516095
              ],
              [
                128.63604597015024,
                34.975534103974795
              ],
              [
                128.63498271831318,
                34.974104411862484
              ],
              [
                128.6348873816915,
                34.974017973715
              ],
              [
                128.63419969907295,
                34.97346912429647
              ],
              [
                128.63412573143404,
                34.97343074059992
              ],
              [
                128.63403939411083,
                34.97340379847789
              ],
              [
                128.6339399535794,
                34.97338300553986
              ],
              [
                128.63354019320974,
                34.973299468405095
              ],
              [
                128.63342901570678,
                34.97329588060408
              ],
              [
                128.63361792604368,
                34.97214334870023
              ],
              [
                128.63363332095452,
                34.97202893594708
              ],
              [
                128.63360375323094,
                34.9718963249271
              ],
              [
                128.63355060703304,
                34.97179323524583
              ],
              [
                128.63347411593233,
                34.97168867369918
              ],
              [
                128.63337077075295,
                34.97160636934062
              ],
              [
                128.6332063533461,
                34.971554470803504
              ],
              [
                128.6330798700394,
                34.9715392909406
              ]
            ]
          ],
          [
            [
              [
                128.62438040403134,
                35.00960795455931
              ],
              [
                128.62468767465433,
                35.009540416271456
              ],
              [
                128.62577443379868,
                35.00962795221364
              ],
              [
                128.62615170011352,
                35.00960727150358
              ],
              [
                128.62686430156128,
                35.00950594988742
              ],
              [
                128.62714799227362,
                35.009357273614704
              ],
              [
                128.62886990945847,
                35.00763658021879
              ],
              [
                128.62901050277566,
                35.00748308645767
              ],
              [
                128.62958020621292,
                35.006403858029444
              ],
              [
                128.62958229988752,
                35.005940430375816
              ],
              [
                128.62933398094586,
                35.005628515499644
              ],
              [
                128.62910612114604,
                35.005526473038245
              ],
              [
                128.62881371530005,
                35.00543680283613
              ],
              [
                128.62850579170214,
                35.00539015664403
              ],
              [
                128.6280912505496,
                35.005345923519066
              ],
              [
                128.62747931256945,
                35.00534396602398
              ],
              [
                128.62722331349957,
                35.00541284296444
              ],
              [
                128.62673251687627,
                35.005659358719164
              ],
              [
                128.6265718921216,
                35.00580695487719
              ],
              [
                128.625967150921,
                35.006474949361454
              ],
              [
                128.62582061269768,
                35.006657233248994
              ],
              [
                128.62538008005072,
                35.0073556950555
              ],
              [
                128.62471793222667,
                35.007769119569346
              ],
              [
                128.6221535566412,
                35.008075395200954
              ],
              [
                128.61898447999573,
                35.00836230972562
              ],
              [
                128.6145600078094,
                35.01045246259043
              ],
              [
                128.61363730890272,
                35.01137196249192
              ],
              [
                128.6133737356195,
                35.01275657982516
              ],
              [
                128.61363592790792,
                35.014023649866175
              ],
              [
                128.61463577703398,
                35.01537413514901
              ],
              [
                128.6158943498876,
                35.01598110185118
              ],
              [
                128.61744123681976,
                35.016202869161326
              ],
              [
                128.6186340917484,
                35.01615994469314
              ],
              [
                128.6197079112978,
                35.015796042105144
              ],
              [
                128.62037706526687,
                35.015051810305096
              ],
              [
                128.62065738300183,
                35.013966303109
              ],
              [
                128.62101736585677,
                35.01294516891991
              ],
              [
                128.6216009888972,
                35.01225106677923
              ],
              [
                128.62375594317837,
                35.00995776357608
              ],
              [
                128.6239864749374,
                35.00975097203691
              ],
              [
                128.6240956969759,
                35.00969175593635
              ],
              [
                128.62438040403134,
                35.00960795455931
              ]
            ]
          ],
          [
            [
              [
                128.64041787574502,
                35.015322545111545
              ],
              [
                128.64021156946527,
                35.01526580588463
              ],
              [
                128.63964425685754,
                35.01639474479318
              ],
              [
                128.63808132679227,
                35.01894112113714
              ],
              [
                128.63799155069924,
                35.0190631064824
              ],
              [
                128.63791229744473,
                35.01920454511996
              ],
              [
                128.63794039411164,
                35.019394111454424
              ],
              [
                128.63805738409425,
                35.01959282664401
              ],
              [
                128.63915263591258,
                35.020772015493414
              ],
              [
                128.6394010092982,
                35.02100608693335
              ],
              [
                128.63958264880915,
                35.021099130692335
              ],
              [
                128.63973431407234,
                35.02114169474901
              ],
              [
                128.64023992578072,
                35.02125732539313
              ],
              [
                128.64051356566245,
                35.02131536023301
              ],
              [
                128.64101888572839,
                35.02135470646418
              ],
              [
                128.64125165437582,
                35.02135538038082
              ],
              [
                128.64143144782963,
                35.02133716966104
              ],
              [
                128.64158848585396,
                35.02129974697011
              ],
              [
                128.6417503646917,
                35.02120632030899
              ],
              [
                128.64187503306192,
                35.02110103574928
              ],
              [
                128.64195263481224,
                35.020977563493936
              ],
              [
                128.6421813747809,
                35.02025994253254
              ],
              [
                128.6422082245741,
                35.02013783324101
              ],
              [
                128.64223044557016,
                35.01981941597934
              ],
              [
                128.6422306310533,
                35.019593891558436
              ],
              [
                128.64215225272054,
                35.01738511002252
              ],
              [
                128.64212625220594,
                35.01696244791788
              ],
              [
                128.64210817962285,
                35.01679564491272
              ],
              [
                128.64208110794473,
                35.016648957412094
              ],
              [
                128.64201042607746,
                35.01651899349586
              ],
              [
                128.64188834866493,
                35.016376388293224
              ],
              [
                128.64141539933425,
                35.0158922423446
              ],
              [
                128.64129033185887,
                35.01579436452369
              ],
              [
                128.64105008077462,
                35.01565062274935
              ],
              [
                128.64072459696771,
                35.01546081865346
              ],
              [
                128.64057987568893,
                35.015383647963766
              ],
              [
                128.64041787574502,
                35.015322545111545
              ]
            ]
          ],
          [
            [
              [
                128.65794945533312,
                34.98066615395064
              ],
              [
                128.65916554572794,
                34.9806831759943
              ],
              [
                128.6618028612965,
                34.98051094260498
              ],
              [
                128.66271703896547,
                34.97981662538139
              ],
              [
                128.66373762654433,
                34.97799977888383
              ],
              [
                128.66475028267817,
                34.97593242293367
              ],
              [
                128.66622389011027,
                34.97537453926974
              ],
              [
                128.66931595197835,
                34.97439914058447
              ],
              [
                128.6719992961999,
                34.97270683213287
              ],
              [
                128.67171527771788,
                34.97208088554795
              ],
              [
                128.67147519280246,
                34.968572303116275
              ],
              [
                128.67205783996243,
                34.965766719913745
              ],
              [
                128.6726384611001,
                34.96391317158613
              ],
              [
                128.6730016131209,
                34.96209471813353
              ],
              [
                128.67379175570545,
                34.958008901938264
              ],
              [
                128.67362122417305,
                34.95748972872445
              ],
              [
                128.6735685203677,
                34.95732929267357
              ],
              [
                128.67257525144146,
                34.95687632155736
              ],
              [
                128.67069658180677,
                34.95630657578861
              ],
              [
                128.6697077530188,
                34.95618909223515
              ],
              [
                128.66865692854768,
                34.95592882193681
              ],
              [
                128.66683657368563,
                34.95436284987359
              ],
              [
                128.66647391070876,
                34.9530135535128
              ],
              [
                128.666071364948,
                34.95127034632815
              ],
              [
                128.66522426280716,
                34.94807374810008
              ],
              [
                128.66282892222947,
                34.94648929545246
              ],
              [
                128.66091729109007,
                34.945923758462285
              ],
              [
                128.65979867417425,
                34.94667532314952
              ],
              [
                128.6575762299656,
                34.946534724341625
              ],
              [
                128.6575377076511,
                34.946496348624635
              ],
              [
                128.6556931999646,
                34.94465910139292
              ],
              [
                128.6505303370063,
                34.94235737096722
              ],
              [
                128.64965053030514,
                34.94227728054986
              ],
              [
                128.6479440028241,
                34.94316176732272
              ],
              [
                128.64539982690815,
                34.94306001967688
              ],
              [
                128.64467171891894,
                34.94179397069821
              ],
              [
                128.64394216082556,
                34.93944173042493
              ],
              [
                128.6439323644041,
                34.93941014447772
              ],
              [
                128.6436995879052,
                34.93865962912435
              ],
              [
                128.64225162897287,
                34.93787510144013
              ],
              [
                128.63756830395135,
                34.934276934708706
              ],
              [
                128.63722303634694,
                34.9336654548318
              ],
              [
                128.63265430711405,
                34.93362922427085
              ],
              [
                128.6256994257806,
                34.935271688930264
              ],
              [
                128.62441088144507,
                34.93669317661318
              ],
              [
                128.6218671422553,
                34.93702481541621
              ],
              [
                128.62019164904348,
                34.9366646001372
              ],
              [
                128.618315821851,
                34.93708405409118
              ],
              [
                128.6181883450834,
                34.937207692027656
              ],
              [
                128.61767891252606,
                34.93770182600833
              ],
              [
                128.6159654920566,
                34.93936370486237
              ],
              [
                128.6140291929808,
                34.94052159958066
              ],
              [
                128.60718528059385,
                34.94272777339318
              ],
              [
                128.59920206995386,
                34.94441085979873
              ],
              [
                128.59382770192963,
                34.94449456337773
              ],
              [
                128.59220695334997,
                34.94528474826645
              ],
              [
                128.5881667008312,
                34.943537791216094
              ],
              [
                128.58650032755898,
                34.94251910137089
              ],
              [
                128.58629405649333,
                34.94238202182158
              ],
              [
                128.58543003896224,
                34.94304245933296
              ],
              [
                128.58545236188522,
                34.94420306957611
              ],
              [
                128.58593564136694,
                34.944873954540896
              ],
              [
                128.5854951524512,
                34.94642757562799
              ],
              [
                128.58490919531465,
                34.94653196937759
              ],
              [
                128.58315133140815,
                34.94684508317156
              ],
              [
                128.58257094878934,
                34.9472396178896
              ],
              [
                128.58259323534412,
                34.948400234888844
              ],
              [
                128.58377630991356,
                34.94877177793728
              ],
              [
                128.5856424911514,
                34.947973515769775
              ],
              [
                128.5869226575251,
                34.94727963817324
              ],
              [
                128.5880273152949,
                34.94968374457823
              ],
              [
                128.58852370609074,
                34.95103165027679
              ],
              [
                128.58830532760737,
                34.95190517210332
              ],
              [
                128.5877323826054,
                34.95268661438636
              ],
              [
                128.58821011947052,
                34.95306733423653
              ],
              [
                128.5903189477583,
                34.95265280172824
              ],
              [
                128.5926460560087,
                34.95136467961435
              ],
              [
                128.5925292620292,
                34.95092104332799
              ],
              [
                128.59253645705192,
                34.95085599888378
              ],
              [
                128.5930901639579,
                34.95000446086729
              ],
              [
                128.59378620385343,
                34.94951163125788
              ],
              [
                128.59652957961853,
                34.95150721877095
              ],
              [
                128.5979760321472,
                34.95332630488333
              ],
              [
                128.5983400111342,
                34.953901976023936
              ],
              [
                128.5994413329201,
                34.9561125385258
              ],
              [
                128.59863332871237,
                34.95689710008504
              ],
              [
                128.59738932451071,
                34.96552346874193
              ],
              [
                128.5989705508275,
                34.96821143181017
              ],
              [
                128.60606947263537,
                34.97034287103834
              ],
              [
                128.60817295705453,
                34.96963787301865
              ],
              [
                128.61073543442964,
                34.96834630710663
              ],
              [
                128.61173131448754,
                34.96514063088305
              ],
              [
                128.61088548624198,
                34.963990944057706
              ],
              [
                128.6090097834576,
                34.96430602498992
              ],
              [
                128.60779993520487,
                34.96258069361118
              ],
              [
                128.6074151011323,
                34.96094116469019
              ],
              [
                128.60727298653606,
                34.95968541115419
              ],
              [
                128.60596641158776,
                34.95902548967493
              ],
              [
                128.6053690874801,
                34.95854968216097
              ],
              [
                128.6061864834503,
                34.95824865588619
              ],
              [
                128.60890587915148,
                34.958986614987346
              ],
              [
                128.61117959895282,
                34.960988068332476
              ],
              [
                128.6163020269551,
                34.964306001775185
              ],
              [
                128.61875802307307,
                34.96359611759229
              ],
              [
                128.6226421245874,
                34.96373781525039
              ],
              [
                128.625361843824,
                34.96447541512536
              ],
              [
                128.6278120262054,
                34.96347518921763
              ],
              [
                128.62822204550878,
                34.96317027503354
              ],
              [
                128.62873931718315,
                34.96278558656871
              ],
              [
                128.6317926337378,
                34.96255114680445
              ],
              [
                128.63276589409176,
                34.96418268832557
              ],
              [
                128.6312545236734,
                34.96507364495938
              ],
              [
                128.63022304569915,
                34.96644186158087
              ],
              [
                128.63142192696426,
                34.96758665425721
              ],
              [
                128.63388363308906,
                34.967166625205806
              ],
              [
                128.63609284203383,
                34.96587926087405
              ],
              [
                128.63640140855338,
                34.96365006983919
              ],
              [
                128.6372168020272,
                34.963252131033904
              ],
              [
                128.63842348060837,
                34.96291833346698
              ],
              [
                128.63979016130338,
                34.962540252579416
              ],
              [
                128.6419798760517,
                34.960285637099375
              ],
              [
                128.64383025767805,
                34.95871278586901
              ],
              [
                128.64572112797467,
                34.95917089428319
              ],
              [
                128.64640234969298,
                34.96063635520708
              ],
              [
                128.6467042885712,
                34.96128588170146
              ],
              [
                128.65042420650235,
                34.95910712005853
              ],
              [
                128.65115291899778,
                34.96025810733389
              ],
              [
                128.65088002210595,
                34.96060716980126
              ],
              [
                128.6504649008213,
                34.96113812119355
              ],
              [
                128.64813073241672,
                34.962040473787596
              ],
              [
                128.64649812564943,
                34.96273978195538
              ],
              [
                128.64608384736977,
                34.96555088141652
              ],
              [
                128.6460049246109,
                34.967486761388834
              ],
              [
                128.64744114384112,
                34.96872492668928
              ],
              [
                128.648422522471,
                34.97074317849405
              ],
              [
                128.64797537549035,
                34.97191013510119
              ],
              [
                128.65006216150525,
                34.97690050332637
              ],
              [
                128.65128234244122,
                34.97705389370552
              ],
              [
                128.6520342918831,
                34.97676039615606
              ],
              [
                128.65190790988828,
                34.977328691725965
              ],
              [
                128.6501789376481,
                34.97924777343102
              ],
              [
                128.6487213761633,
                34.97977926133676
              ],
              [
                128.64684712560404,
                34.98034353247739
              ],
              [
                128.6454669352915,
                34.98023004655004
              ],
              [
                128.64442245702017,
                34.97967760017412
              ],
              [
                128.64225901372913,
                34.97829044352245
              ],
              [
                128.64029812925136,
                34.977844779830974
              ],
              [
                128.63748591352524,
                34.977316140526014
              ],
              [
                128.6366624133111,
                34.97747833411684
              ],
              [
                128.6355065121081,
                34.977674614150736
              ],
              [
                128.6318166596648,
                34.97777241370313
              ],
              [
                128.63040967364216,
                34.9777431077793
              ],
              [
                128.6299171606714,
                34.976544932007094
              ],
              [
                128.62878499522128,
                34.975596298403396
              ],
              [
                128.62814535229492,
                34.97584582598145
              ],
              [
                128.62681127218806,
                34.97653835696789
              ],
              [
                128.62629638961013,
                34.97717174560299
              ],
              [
                128.6264211700867,
                34.97755561030766
              ],
              [
                128.6267860119951,
                34.97822539485724
              ],
              [
                128.62594245267388,
                34.980019766568915
              ],
              [
                128.6252093648548,
                34.981475323070505
              ],
              [
                128.62452058539463,
                34.98220740026175
              ],
              [
                128.6223084835884,
                34.982959827196304
              ],
              [
                128.62130585348814,
                34.982635866772135
              ],
              [
                128.62077380471746,
                34.9824020145839
              ],
              [
                128.61976643252157,
                34.981837138878475
              ],
              [
                128.61917107506275,
                34.98136316156157
              ],
              [
                128.61927213563263,
                34.98054256710476
              ],
              [
                128.61972661507863,
                34.979813631533816
              ],
              [
                128.61982956884373,
                34.97908939682028
              ],
              [
                128.6177505441473,
                34.97468348678102
              ],
              [
                128.61590706708077,
                34.97331045100027
              ],
              [
                128.61437543118038,
                34.972897090722896
              ],
              [
                128.61260950435283,
                34.97248683271317
              ],
              [
                128.6103900206357,
                34.97285359145006
              ],
              [
                128.60952823238773,
                34.973732458211536
              ],
              [
                128.60866833240283,
                34.97470767695229
              ],
              [
                128.60910102178562,
                34.975858540652034
              ],
              [
                128.61156708105682,
                34.97910288285268
              ],
              [
                128.61253087688527,
                34.98043944201014
              ],
              [
                128.6114450819443,
                34.98185139478451
              ],
              [
                128.61064842170012,
                34.98306675539884
              ],
              [
                128.6109658776833,
                34.984315523680756
              ],
              [
                128.6119864362929,
                34.985554965608394
              ],
              [
                128.61359104641983,
                34.986690255379536
              ],
              [
                128.6156559358742,
                34.98738567574471
              ],
              [
                128.61629342880255,
                34.987020107418346
              ],
              [
                128.6172110158396,
                34.985995877529476
              ],
              [
                128.61754172214268,
                34.98493126943836
              ],
              [
                128.61789137050312,
                34.98483023626141
              ],
              [
                128.62131804057248,
                34.98623028003505
              ],
              [
                128.62170187520792,
                34.987863659291996
              ],
              [
                128.62172086286492,
                34.98882724485234
              ],
              [
                128.62196852871983,
                34.98949862837394
              ],
              [
                128.62411400686085,
                34.99130121450796
              ],
              [
                128.62590134655437,
                34.99277123737845
              ],
              [
                128.62603187458424,
                34.993444173323546
              ],
              [
                128.62593371790808,
                34.994409300615615
              ],
              [
                128.6251238408162,
                34.994950252052206
              ],
              [
                128.62272802184827,
                34.99531961141582
              ],
              [
                128.62149177713746,
                34.99504697590845
              ],
              [
                128.61820370730217,
                34.99475347344807
              ],
              [
                128.61656205869008,
                34.99472713785804
              ],
              [
                128.61591747802953,
                34.99473571156842
              ],
              [
                128.61527575998804,
                34.9948888237696
              ],
              [
                128.61541282179914,
                34.995899023343
              ],
              [
                128.61653100761964,
                34.99911295504368
              ],
              [
                128.61754236931873,
                34.99987054635827
              ],
              [
                128.6199506805257,
                35.00012761476436
              ],
              [
                128.6236425210268,
                35.00007832863847
              ],
              [
                128.62492886851862,
                34.99991654857737
              ],
              [
                128.62877931552296,
                34.99899754369917
              ],
              [
                128.63271409734955,
                34.99937843695197
              ],
              [
                128.63371344946967,
                34.99952379173469
              ],
              [
                128.6345240710243,
                35.0019706414678
              ],
              [
                128.63459416643315,
                35.00254798841391
              ],
              [
                128.63408493227556,
                35.00347047214836
              ],
              [
                128.63194149321916,
                35.00475224698896
              ],
              [
                128.63106912106332,
                35.00510130956886
              ],
              [
                128.63074234386582,
                35.006358652785586
              ],
              [
                128.63059709402944,
                35.00790271357131
              ],
              [
                128.6309092302515,
                35.008862361351106
              ],
              [
                128.63276104853855,
                35.01060079290509
              ],
              [
                128.635880537604,
                35.014173127759506
              ],
              [
                128.63648966803297,
                35.01532152237679
              ],
              [
                128.63814133447755,
                35.015829345614414
              ],
              [
                128.63872552078956,
                35.0157250890293
              ],
              [
                128.64062314968757,
                35.01386821343296
              ],
              [
                128.6413696799053,
                35.013087068622255
              ],
              [
                128.6410036121387,
                35.012369154603505
              ],
              [
                128.64047420775645,
                35.012279907801386
              ],
              [
                128.64034737761713,
                35.01179971023301
              ],
              [
                128.6414590157568,
                35.01168832672359
              ],
              [
                128.643351811164,
                35.01253015641855
              ],
              [
                128.6441819696436,
                35.01300083902932
              ],
              [
                128.64407534472707,
                35.013532376668536
              ],
              [
                128.64367761171903,
                35.01416423503437
              ],
              [
                128.64387366247385,
                35.015173595364935
              ],
              [
                128.64526316741777,
                35.01722698971244
              ],
              [
                128.6460376747351,
                35.01784298368054
              ],
              [
                128.64704665363865,
                35.018455779060915
              ],
              [
                128.64741762339807,
                35.019414558355066
              ],
              [
                128.64755513428244,
                35.020424701969475
              ],
              [
                128.64734385209218,
                35.02158415241231
              ],
              [
                128.64860182978998,
                35.02291643067499
              ],
              [
                128.65132498027725,
                35.02013254517887
              ],
              [
                128.65350093807442,
                35.017548832887975
              ],
              [
                128.65546503845388,
                35.01318491370621
              ],
              [
                128.6554369061175,
                35.01178775833171
              ],
              [
                128.6554838665499,
                35.01120883258739
              ],
              [
                128.65441342105163,
                35.01045236557685
              ],
              [
                128.65347087051302,
                35.01022423256986
              ],
              [
                128.65280779138905,
                35.00931765411102
              ],
              [
                128.65353866554318,
                35.00776558824151
              ],
              [
                128.65380553356115,
                35.006460804574694
              ],
              [
                128.65371496440073,
                35.00487172546162
              ],
              [
                128.6520614959547,
                35.004267745899064
              ],
              [
                128.64994503083673,
                35.0039591719479
              ],
              [
                128.64982078481214,
                35.00232264282683
              ],
              [
                128.6498189608606,
                35.002199958425464
              ],
              [
                128.64787956877214,
                35.00034446295994
              ],
              [
                128.64652984328413,
                35.000266397794036
              ],
              [
                128.64728270508007,
                34.99688280867472
              ],
              [
                128.64979853254772,
                34.99665591459596
              ],
              [
                128.65278408532404,
                34.99647074400652
              ],
              [
                128.65270129472023,
                34.995267106057156
              ],
              [
                128.6522015560695,
                34.99373179746058
              ],
              [
                128.65155120617038,
                34.993451484383954
              ],
              [
                128.65068099567648,
                34.99389703789276
              ],
              [
                128.65010565490152,
                34.99443495357094
              ],
              [
                128.64788867101544,
                34.994946958482636
              ],
              [
                128.64718359573845,
                34.994860125705245
              ],
              [
                128.64600202938925,
                34.99439422679869
              ],
              [
                128.645755115973,
                34.99377109448798
              ],
              [
                128.6460787416114,
                34.99236918211099
              ],
              [
                128.64727641339616,
                34.99071443612223
              ],
              [
                128.64835216802217,
                34.985900499637275
              ],
              [
                128.64756348992765,
                34.984561859534026
              ],
              [
                128.64658077301604,
                34.98231020654253
              ],
              [
                128.64696774731948,
                34.98114836829876
              ],
              [
                128.6473105910182,
                34.980709993110615
              ],
              [
                128.64876559007004,
                34.980208354102665
              ],
              [
                128.65057400604496,
                34.97979828022182
              ],
              [
                128.6550666726256,
                34.9788215185296
              ],
              [
                128.6554767470108,
                34.9788159313211
              ],
              [
                128.65724883361315,
                34.97951465316378
              ],
              [
                128.65784924313817,
                34.98022933696638
              ],
              [
                128.65794945533312,
                34.98066615395064
              ]
            ]
          ]
        ]
      }
    },
    {
      "type": "Feature",
      "properties": {
        "adm_nm": "경상남도 거제시 장목면",
        "adm_cd2": "4831039000",
        "sgg": "48310",
        "sido": "48",
        "sidonm": "경상남도",
        "sggnm": "거제시",
        "adm_cd": "38090390",
        "id": "4831039000",
        "name": "장목면",
        "center": [
          128.694615,
          34.982577
        ],
        "areaKm2": 40.047,
        "areaMethod": "SGIS geometry spherical area; not official cadastral area",
        "boundaryDate": "2026-07-01"
      },
      "geometry": {
        "type": "MultiPolygon",
        "coordinates": [
          [
            [
              [
                128.72800647443236,
                34.970342731679295
              ],
              [
                128.72813504276536,
                34.970338282689866
              ],
              [
                128.7281679286296,
                34.97034049188926
              ],
              [
                128.72821323009578,
                34.970347942275964
              ],
              [
                128.72832742299624,
                34.97037683372598
              ],
              [
                128.72844447388425,
                34.97041621872225
              ],
              [
                128.72855653375805,
                34.97046158353023
              ],
              [
                128.72875951106067,
                34.97054427373898
              ],
              [
                128.72893806426725,
                34.97062898079624
              ],
              [
                128.72911158466434,
                34.970730415944026
              ],
              [
                128.72927564178363,
                34.97080387925075
              ],
              [
                128.72939047782577,
                34.97083975117102
              ],
              [
                128.72953583209795,
                34.97085849948824
              ],
              [
                128.72973250364706,
                34.970860694300804
              ],
              [
                128.7298623333567,
                34.9708324958652
              ],
              [
                128.73208990510628,
                34.97029695455596
              ],
              [
                128.73226480514947,
                34.970252532217316
              ],
              [
                128.7323843538418,
                34.970221039723484
              ],
              [
                128.73247060962603,
                34.97019300664996
              ],
              [
                128.7344272722289,
                34.96944082682534
              ],
              [
                128.73455500428707,
                34.969382957939295
              ],
              [
                128.7356536206031,
                34.96872450938301
              ],
              [
                128.7357811841432,
                34.96861667995593
              ],
              [
                128.73633318252132,
                34.968094976563165
              ],
              [
                128.73641699454248,
                34.967940709276334
              ],
              [
                128.7364093120493,
                34.96780711399119
              ],
              [
                128.73636523007463,
                34.96762840245912
              ],
              [
                128.7362574663585,
                34.96751468469503
              ],
              [
                128.73569319402063,
                34.96692185754294
              ],
              [
                128.73364671110983,
                34.96576837611681
              ],
              [
                128.73313879067405,
                34.965531999345686
              ],
              [
                128.73009886199043,
                34.96472620971845
              ],
              [
                128.72998729763495,
                34.96470861376894
              ],
              [
                128.72986540138652,
                34.96469938262603
              ],
              [
                128.72964279279137,
                34.964726399774676
              ],
              [
                128.72950442746725,
                34.96478886962523
              ],
              [
                128.72496524027915,
                34.9673535715329
              ],
              [
                128.72469450779548,
                34.968230764717724
              ],
              [
                128.7251318358303,
                34.97040581740715
              ],
              [
                128.72527344450924,
                34.970865891269305
              ],
              [
                128.72545413613648,
                34.97126982248738
              ],
              [
                128.72561778367142,
                34.97141703764632
              ],
              [
                128.72586000689836,
                34.971468354925456
              ],
              [
                128.72604475330814,
                34.9714299121779
              ],
              [
                128.72623165564485,
                34.97139068455945
              ],
              [
                128.72653728906025,
                34.971249220846566
              ],
              [
                128.7266438594921,
                34.97117354674699
              ],
              [
                128.726736643446,
                34.971056833155565
              ],
              [
                128.72677343151437,
                34.9710038080512
              ],
              [
                128.72778939776487,
                34.97038455377147
              ],
              [
                128.72782063868038,
                34.97037085608308
              ],
              [
                128.72785234125834,
                34.970362404183156
              ],
              [
                128.72789440838744,
                34.97035512604188
              ],
              [
                128.72800647443236,
                34.970342731679295
              ]
            ]
          ],
          [
            [
              [
                128.72609170369222,
                35.02432070969614
              ],
              [
                128.72503630067,
                35.02415683956418
              ],
              [
                128.72407472862892,
                35.0243520954954
              ],
              [
                128.72401823723922,
                35.024919730835514
              ],
              [
                128.72462345045014,
                35.026242267579754
              ],
              [
                128.72505070543514,
                35.02664583021186
              ],
              [
                128.72559446114545,
                35.02697048077844
              ],
              [
                128.72633299242193,
                35.02699549602799
              ],
              [
                128.72697476526415,
                35.02694423385473
              ],
              [
                128.7283400857542,
                35.02619445246601
              ],
              [
                128.72862233264036,
                35.02577957633874
              ],
              [
                128.72854083170833,
                35.02533619250379
              ],
              [
                128.72821847862318,
                35.02498980929989
              ],
              [
                128.72774633249134,
                35.02469137147577
              ],
              [
                128.72707221901683,
                35.02447651050468
              ],
              [
                128.72609170369222,
                35.02432070969614
              ]
            ]
          ],
          [
            [
              [
                128.71685845958328,
                35.038055791087835
              ],
              [
                128.71667837269555,
                35.038043746716866
              ],
              [
                128.7165272778099,
                35.03806575502399
              ],
              [
                128.71640849149836,
                35.038166076435935
              ],
              [
                128.71620720646385,
                35.038440762643276
              ],
              [
                128.71571896571186,
                35.03915566522128
              ],
              [
                128.7156637858535,
                35.039262056016256
              ],
              [
                128.7156373959698,
                35.03933728156916
              ],
              [
                128.7156297017508,
                35.03941733847084
              ],
              [
                128.7156408961929,
                35.03950829482284
              ],
              [
                128.71565824241506,
                35.039646564094454
              ],
              [
                128.7156945654974,
                35.03980411833682
              ],
              [
                128.71573647870997,
                35.03988854893798
              ],
              [
                128.71578634656024,
                35.039963484583275
              ],
              [
                128.71591962379702,
                35.04013876226983
              ],
              [
                128.71598623460966,
                35.040204940723356
              ],
              [
                128.7160781935677,
                35.04026327390595
              ],
              [
                128.7166649374601,
                35.0404868484321
              ],
              [
                128.71680291574,
                35.0405099286551
              ],
              [
                128.71694875163033,
                35.040485041397325
              ],
              [
                128.71765135944,
                35.040302843236745
              ],
              [
                128.71783972619758,
                35.04025074757928
              ],
              [
                128.71798034596375,
                35.040193351310656
              ],
              [
                128.71815497208982,
                35.040111051082405
              ],
              [
                128.71872078069683,
                35.03975270799984
              ],
              [
                128.7188421274708,
                35.039589873026465
              ],
              [
                128.71887485969359,
                35.03930958161466
              ],
              [
                128.7188703452981,
                35.03912868109658
              ],
              [
                128.71881589002092,
                35.03899141721553
              ],
              [
                128.71873498161176,
                35.03882642946169
              ],
              [
                128.71851973728917,
                35.03865930873416
              ],
              [
                128.71685845958328,
                35.038055791087835
              ]
            ]
          ],
          [
            [
              [
                128.72034054482293,
                34.90944443540298
              ],
              [
                128.71971748342148,
                34.9105789883059
              ],
              [
                128.71961367092925,
                34.9116748541986
              ],
              [
                128.71956814129348,
                34.912155495135686
              ],
              [
                128.7198816504984,
                34.91305592961451
              ],
              [
                128.71993320115885,
                34.91386530459005
              ],
              [
                128.71939994475355,
                34.91458381316712
              ],
              [
                128.71670338303306,
                34.916921834927045
              ],
              [
                128.71335932084259,
                34.91911192926693
              ],
              [
                128.7109833577376,
                34.920227228663244
              ],
              [
                128.70625042125337,
                34.922356101794286
              ],
              [
                128.70569049747158,
                34.92375719388457
              ],
              [
                128.70492103835704,
                34.92416696766422
              ],
              [
                128.70440790809766,
                34.92444022601079
              ],
              [
                128.70363222500455,
                34.92480596456498
              ],
              [
                128.70297843903109,
                34.92499290780271
              ],
              [
                128.70253653221374,
                34.92495135516707
              ],
              [
                128.70192744147027,
                34.924619256266
              ],
              [
                128.7004780355703,
                34.92289123906589
              ],
              [
                128.7000533974273,
                34.92270679392796
              ],
              [
                128.69938241298672,
                34.923019360097236
              ],
              [
                128.69825900909606,
                34.92303119500382
              ],
              [
                128.69470737538003,
                34.92593233178911
              ],
              [
                128.6930826623198,
                34.927953604721516
              ],
              [
                128.6925669351523,
                34.929849772629
              ],
              [
                128.69184575396645,
                34.9338727734143
              ],
              [
                128.69186968747314,
                34.93418663289137
              ],
              [
                128.6917191959815,
                34.93483516383119
              ],
              [
                128.6913756192618,
                34.93561294880099
              ],
              [
                128.69079973843725,
                34.936233826543635
              ],
              [
                128.6896943106862,
                34.936514005746275
              ],
              [
                128.6895762045455,
                34.9367213861104
              ],
              [
                128.68718609875282,
                34.9418709009714
              ],
              [
                128.68710258250132,
                34.943378464442944
              ],
              [
                128.68855098475203,
                34.94631132196837
              ],
              [
                128.68863507020262,
                34.946355035147924
              ],
              [
                128.68874475786797,
                34.946412049123005
              ],
              [
                128.69193846417835,
                34.947451470758544
              ],
              [
                128.6963496815712,
                34.94916539819877
              ],
              [
                128.69800785440367,
                34.94991445501739
              ],
              [
                128.69992804870634,
                34.95137160506099
              ],
              [
                128.70101209620762,
                34.95375545156523
              ],
              [
                128.7003660711413,
                34.955027606575406
              ],
              [
                128.69869677576983,
                34.95705981397871
              ],
              [
                128.69824468741766,
                34.95711701207699
              ],
              [
                128.69804805140737,
                34.95705276495924
              ],
              [
                128.69799032289444,
                34.95703389687013
              ],
              [
                128.6967559365244,
                34.95663051239552
              ],
              [
                128.6960770163357,
                34.95663515393857
              ],
              [
                128.69124936316047,
                34.956802968732674
              ],
              [
                128.68865425974005,
                34.95737115726606
              ],
              [
                128.68740490029862,
                34.95795782356119
              ],
              [
                128.68628295125382,
                34.96043972859477
              ],
              [
                128.68462253630727,
                34.96187366249379
              ],
              [
                128.68241812549965,
                34.96273211143448
              ],
              [
                128.6812291326286,
                34.964367039008145
              ],
              [
                128.68098645755026,
                34.96785566075631
              ],
              [
                128.68123945277227,
                34.96930494757449
              ],
              [
                128.68088469128065,
                34.97037913160054
              ],
              [
                128.67967757644462,
                34.97378044719689
              ],
              [
                128.67881622294996,
                34.97478024370964
              ],
              [
                128.67513163119682,
                34.97580323676405
              ],
              [
                128.6738152933687,
                34.97504975527963
              ],
              [
                128.6719992961999,
                34.97270683213287
              ],
              [
                128.66931595197835,
                34.97439914058447
              ],
              [
                128.66622389011027,
                34.97537453926974
              ],
              [
                128.66475028267817,
                34.97593242293367
              ],
              [
                128.66373762654433,
                34.97799977888383
              ],
              [
                128.66271703896547,
                34.97981662538139
              ],
              [
                128.6618028612965,
                34.98051094260498
              ],
              [
                128.65916554572794,
                34.9806831759943
              ],
              [
                128.65794945533312,
                34.98066615395064
              ],
              [
                128.6588769899899,
                34.98158782938471
              ],
              [
                128.65889274266422,
                34.982369394091144
              ],
              [
                128.65686732301717,
                34.9829554674634
              ],
              [
                128.65441209352682,
                34.98243048665437
              ],
              [
                128.653468380849,
                34.982778403754004
              ],
              [
                128.65281639835902,
                34.98412747373369
              ],
              [
                128.65302394810627,
                34.98769854319702
              ],
              [
                128.65470951425846,
                34.990467711531814
              ],
              [
                128.65539969087337,
                34.99101671791252
              ],
              [
                128.65838711208048,
                34.990975976568514
              ],
              [
                128.66042395969583,
                34.99094815459226
              ],
              [
                128.6643596379661,
                34.99078261330254
              ],
              [
                128.66528983994394,
                34.98976472438869
              ],
              [
                128.66596653168168,
                34.98964376925016
              ],
              [
                128.6650431155385,
                34.990996631310466
              ],
              [
                128.6642509536835,
                34.99212432485483
              ],
              [
                128.66154411700506,
                34.99260810403853
              ],
              [
                128.65979680668414,
                34.99352547418749
              ],
              [
                128.65885751016728,
                34.99409670005058
              ],
              [
                128.65863544307126,
                34.99655678754487
              ],
              [
                128.6586624574306,
                34.99789663317088
              ],
              [
                128.660022726112,
                34.99798973197572
              ],
              [
                128.6621888072092,
                34.997625060618056
              ],
              [
                128.66368939901676,
                34.99793957270981
              ],
              [
                128.66370972333814,
                34.99894443482407
              ],
              [
                128.6625010253909,
                34.9996311012257
              ],
              [
                128.66088489707602,
                35.0003233221091
              ],
              [
                128.66090293647304,
                35.00121654334023
              ],
              [
                128.6629423037531,
                35.00130031834246
              ],
              [
                128.6656403738243,
                35.000369885276044
              ],
              [
                128.66593202826184,
                34.99972278160378
              ],
              [
                128.66488121048994,
                34.99830368092562
              ],
              [
                128.66490231508246,
                34.9963756084626
              ],
              [
                128.6649324194174,
                34.99489228868043
              ],
              [
                128.6659451605524,
                34.99443353119834
              ],
              [
                128.66649909082892,
                34.99506853234914
              ],
              [
                128.667006950439,
                34.99639617651323
              ],
              [
                128.66793255204442,
                34.9975698121402
              ],
              [
                128.6687299647877,
                34.99834974247877
              ],
              [
                128.6700032038248,
                34.99887598376353
              ],
              [
                128.67120030433503,
                34.998612354637665
              ],
              [
                128.67312848623348,
                34.995867167034746
              ],
              [
                128.67446660171393,
                34.99367378600125
              ],
              [
                128.67491622413306,
                34.992135232251535
              ],
              [
                128.6747769256142,
                34.991197981150265
              ],
              [
                128.6749350833541,
                34.99010834712685
              ],
              [
                128.67521142974678,
                34.98891820528592
              ],
              [
                128.67818609662103,
                34.98739422570453
              ],
              [
                128.67902645357907,
                34.98733319614347
              ],
              [
                128.68123435492865,
                34.98947758922528
              ],
              [
                128.68157423773832,
                34.991400670844286
              ],
              [
                128.67860392570716,
                34.99608820527043
              ],
              [
                128.67501784328255,
                34.99712631977025
              ],
              [
                128.6743006288116,
                34.99733390387325
              ],
              [
                128.6736525434612,
                34.99798543430548
              ],
              [
                128.67307361458603,
                34.99908089202589
              ],
              [
                128.67315984712744,
                35.0003648916725
              ],
              [
                128.6732911240585,
                35.0009068238736
              ],
              [
                128.67455840567033,
                35.00113648758987
              ],
              [
                128.67721217842606,
                35.00154475793422
              ],
              [
                128.67793447163208,
                35.001584216596406
              ],
              [
                128.67846837590804,
                35.00123083746563
              ],
              [
                128.67857447540032,
                35.00053734545806
              ],
              [
                128.6788719853653,
                35.000384928292426
              ],
              [
                128.6797755921397,
                35.000471301997365
              ],
              [
                128.6823253340725,
                35.001671774996765
              ],
              [
                128.68158102751522,
                35.00643711530989
              ],
              [
                128.68152599249805,
                35.006685014473035
              ],
              [
                128.6806465302938,
                35.00778464719191
              ],
              [
                128.67969987952276,
                35.00853919758224
              ],
              [
                128.67909069228375,
                35.008152169265244
              ],
              [
                128.67852143130148,
                35.006775990598264
              ],
              [
                128.67807544150017,
                35.00554639817831
              ],
              [
                128.67788401940052,
                35.00500532255239
              ],
              [
                128.67762543517762,
                35.00411915074548
              ],
              [
                128.6773809617495,
                35.00392480072977
              ],
              [
                128.67695717970847,
                35.003782353939656
              ],
              [
                128.67617677036654,
                35.00384257342426
              ],
              [
                128.67390771789167,
                35.00461531034214
              ],
              [
                128.67218162182283,
                35.00547940809588
              ],
              [
                128.6693113680327,
                35.00626033424181
              ],
              [
                128.66751204033505,
                35.006482766337434
              ],
              [
                128.66721850017035,
                35.00683281982035
              ],
              [
                128.66706221753338,
                35.00802128426222
              ],
              [
                128.6675396185176,
                35.010807122627654
              ],
              [
                128.66760774327963,
                35.01120163212847
              ],
              [
                128.66972781435302,
                35.011963380725504
              ],
              [
                128.6704532148265,
                35.012151151928435
              ],
              [
                128.6711896635637,
                35.01288246859128
              ],
              [
                128.67055147976546,
                35.014028135781615
              ],
              [
                128.67050858506929,
                35.017834856256634
              ],
              [
                128.67052766605914,
                35.018773775642984
              ],
              [
                128.67145860984402,
                35.020194427312994
              ],
              [
                128.67149378629767,
                35.02192399848556
              ],
              [
                128.67132286403583,
                35.02239066623055
              ],
              [
                128.67039202701056,
                35.023935802510294
              ],
              [
                128.66944209452006,
                35.024542052770066
              ],
              [
                128.66899923309472,
                35.02642647366558
              ],
              [
                128.66930288527251,
                35.02657058500629
              ],
              [
                128.67007849048616,
                35.02626333905251
              ],
              [
                128.67060956901756,
                35.02576174513577
              ],
              [
                128.67167071055988,
                35.024709099695464
              ],
              [
                128.67254643237249,
                35.02341186126479
              ],
              [
                128.67264756514575,
                35.02247128555467
              ],
              [
                128.6726314736679,
                35.02168062443292
              ],
              [
                128.67328074752294,
                35.021078521012456
              ],
              [
                128.6739340345122,
                35.020674087618474
              ],
              [
                128.67501823467893,
                35.02075798694208
              ],
              [
                128.6756916526579,
                35.02134185451493
              ],
              [
                128.67510856254816,
                35.02223965822635
              ],
              [
                128.67461408862172,
                35.02748605885223
              ],
              [
                128.6747507655161,
                35.03124086316787
              ],
              [
                128.6752549800485,
                35.03237079943812
              ],
              [
                128.67623520372203,
                35.03324702214803
              ],
              [
                128.67786800941678,
                35.03367906019753
              ],
              [
                128.67870076242002,
                35.033222670693426
              ],
              [
                128.6820620005095,
                35.03287957253253
              ],
              [
                128.68332876712012,
                35.03305976038836
              ],
              [
                128.68406045497693,
                35.03354389310642
              ],
              [
                128.68444656649157,
                35.034774289958854
              ],
              [
                128.6842202330788,
                35.03546946095749
              ],
              [
                128.68064468008902,
                35.03710075531053
              ],
              [
                128.67932173174958,
                35.03711906026161
              ],
              [
                128.67627913433623,
                35.03834742639708
              ],
              [
                128.67474829314088,
                35.039969759409004
              ],
              [
                128.6747012606437,
                35.040613003107325
              ],
              [
                128.67693435981178,
                35.04097762375614
              ],
              [
                128.67807694806805,
                35.040961836060326
              ],
              [
                128.67933778368638,
                35.040845527467724
              ],
              [
                128.68016149487724,
                35.03994439271945
              ],
              [
                128.6812969742534,
                35.03958267048958
              ],
              [
                128.68220408185132,
                35.03981724453482
              ],
              [
                128.6832925674814,
                35.04009874749765
              ],
              [
                128.68442906194264,
                35.03978639599107
              ],
              [
                128.6868773417442,
                35.03891210213829
              ],
              [
                128.6882951756389,
                35.037656649899034
              ],
              [
                128.68991485013368,
                35.034520023549256
              ],
              [
                128.69043365322435,
                35.03342534998117
              ],
              [
                128.6905315516219,
                35.03233652533384
              ],
              [
                128.69141822501624,
                35.03158274281502
              ],
              [
                128.69260757037472,
                35.03092357082776
              ],
              [
                128.6943431392099,
                35.03050392579179
              ],
              [
                128.6959686429739,
                35.0305800993146
              ],
              [
                128.6982046014456,
                35.031092584226826
              ],
              [
                128.69930121139643,
                35.03176925085236
              ],
              [
                128.69941756906195,
                35.03448625368026
              ],
              [
                128.6993218494855,
                35.03567391259458
              ],
              [
                128.6987379051957,
                35.036522408728686
              ],
              [
                128.69874710308585,
                35.036967130113595
              ],
              [
                128.6994727795806,
                35.03715470873681
              ],
              [
                128.70231715003504,
                35.03508822950315
              ],
              [
                128.7029581108837,
                35.034090638736274
              ],
              [
                128.70582918189936,
                35.03187543717139
              ],
              [
                128.70655176183521,
                35.031914709592755
              ],
              [
                128.70782370330272,
                35.03234170336968
              ],
              [
                128.70908845638564,
                35.03242275554019
              ],
              [
                128.71029104411886,
                35.032405822405686
              ],
              [
                128.7125749115951,
                35.03232419556849
              ],
              [
                128.71293052580222,
                35.03207204611095
              ],
              [
                128.71526963061268,
                35.02887551722935
              ],
              [
                128.7179597985555,
                35.0252193815129
              ],
              [
                128.71854863668446,
                35.024617908235726
              ],
              [
                128.71950335652096,
                35.02425838312065
              ],
              [
                128.72029116683703,
                35.0245437951504
              ],
              [
                128.72149258273865,
                35.02447733979861
              ],
              [
                128.72171754784125,
                35.023732721003036
              ],
              [
                128.7220304084087,
                35.01857299687874
              ],
              [
                128.72184072914413,
                35.018130827664216
              ],
              [
                128.72066228402096,
                35.01641747851223
              ],
              [
                128.72029123715566,
                35.01592844684047
              ],
              [
                128.7188226155533,
                35.01471350614066
              ],
              [
                128.71756940350647,
                35.01229458781799
              ],
              [
                128.71755804695135,
                35.0117510141433
              ],
              [
                128.71769760128504,
                35.011308686311494
              ],
              [
                128.7178400255967,
                35.010857270402305
              ],
              [
                128.71836657677355,
                35.010157813137084
              ],
              [
                128.71762355139654,
                35.009130306025554
              ],
              [
                128.71622655684703,
                35.00845803521431
              ],
              [
                128.71483058828107,
                35.0078351566358
              ],
              [
                128.71408454558514,
                35.00665936688434
              ],
              [
                128.71284837773442,
                35.00504562647464
              ],
              [
                128.71146382448023,
                35.004966268107296
              ],
              [
                128.71069165272695,
                35.005422022095566
              ],
              [
                128.71065415924124,
                35.00651000414118
              ],
              [
                128.71072352233622,
                35.00695390591405
              ],
              [
                128.70913751968743,
                35.008755713602454
              ],
              [
                128.70769690104117,
                35.008874842962506
              ],
              [
                128.70667294751803,
                35.00879036931303
              ],
              [
                128.7060667093223,
                35.00855174049878
              ],
              [
                128.70527602154073,
                35.00811796346868
              ],
              [
                128.70448433958202,
                35.00763478919959
              ],
              [
                128.70407689919566,
                35.00733134487461
              ],
              [
                128.70350720636984,
                35.006907043632275
              ],
              [
                128.7024666099005,
                35.00601731428439
              ],
              [
                128.70177470770375,
                35.004544038068715
              ],
              [
                128.70156065362914,
                35.00291590869727
              ],
              [
                128.70154020552894,
                35.001927587227314
              ],
              [
                128.70194765960306,
                35.001279285142786
              ],
              [
                128.70345647909545,
                35.00155472807724
              ],
              [
                128.70424807474706,
                35.00203791194703
              ],
              [
                128.70580163383667,
                35.001571245751165
              ],
              [
                128.7068732985443,
                35.001061895371684
              ],
              [
                128.70722265564507,
                35.00051326663803
              ],
              [
                128.70751764389317,
                34.997345584796044
              ],
              [
                128.70696644216176,
                34.99685902977058
              ],
              [
                128.70654059322052,
                34.99661786156572
              ],
              [
                128.70558100050545,
                34.99673020417561
              ],
              [
                128.70432190720635,
                34.99689616096227
              ],
              [
                128.70349274717864,
                34.99750094256667
              ],
              [
                128.70266972059866,
                34.99840222982175
              ],
              [
                128.70225613954915,
                34.99875403662637
              ],
              [
                128.70165202732173,
                34.998614215050544
              ],
              [
                128.70056094844625,
                34.99818461681231
              ],
              [
                128.6983212946797,
                34.99745020099286
              ],
              [
                128.6946255251942,
                34.99755905205665
              ],
              [
                128.69435649040946,
                34.997604417392104
              ],
              [
                128.69355681565312,
                34.99672582826853
              ],
              [
                128.6933459910827,
                34.99524586467069
              ],
              [
                128.6934125851383,
                34.99511682734014
              ],
              [
                128.69427099469667,
                34.99345348310467
              ],
              [
                128.6946764159838,
                34.99270638071293
              ],
              [
                128.69750012160958,
                34.99261751537498
              ],
              [
                128.70014248103652,
                34.99248170490281
              ],
              [
                128.70084528461263,
                34.99158212495225
              ],
              [
                128.70137087254503,
                34.99083332951411
              ],
              [
                128.70070960589712,
                34.987926195320995
              ],
              [
                128.69787924873953,
                34.98185671833991
              ],
              [
                128.69654397268266,
                34.981232763871056
              ],
              [
                128.69582592563995,
                34.981391083463535
              ],
              [
                128.6955112176443,
                34.9807034605363
              ],
              [
                128.6952993826628,
                34.97917407280384
              ],
              [
                128.69544912809044,
                34.977689057014054
              ],
              [
                128.6957811547595,
                34.97630038719025
              ],
              [
                128.69608546315396,
                34.975596980223706
              ],
              [
                128.69715806712105,
                34.97311761315143
              ],
              [
                128.69733266715164,
                34.972872437909864
              ],
              [
                128.69797583833244,
                34.97196929456624
              ],
              [
                128.69891986702953,
                34.97111580323233
              ],
              [
                128.69999729470516,
                34.970903000664165
              ],
              [
                128.70156969921194,
                34.9713752929766
              ],
              [
                128.70302195279675,
                34.971849242090045
              ],
              [
                128.70369004284373,
                34.97218589215018
              ],
              [
                128.70404236455965,
                34.971785507608786
              ],
              [
                128.70450871332736,
                34.971086950679314
              ],
              [
                128.70536801825892,
                34.969048267451456
              ],
              [
                128.706762483361,
                34.96673543836072
              ],
              [
                128.7090882115134,
                34.96586244383661
              ],
              [
                128.71029699392892,
                34.96619146137242
              ],
              [
                128.71173379063387,
                34.965924066964384
              ],
              [
                128.71657658948718,
                34.96471885222003
              ],
              [
                128.7176964462525,
                34.963664995548015
              ],
              [
                128.71774644101765,
                34.9635874790933
              ],
              [
                128.71891890120082,
                34.96176936963664
              ],
              [
                128.71829854751815,
                34.960838960085866
              ],
              [
                128.7165542834368,
                34.96076476815672
              ],
              [
                128.7153901986391,
                34.95969371863456
              ],
              [
                128.71530705900398,
                34.958587993658774
              ],
              [
                128.7153433165122,
                34.95849726173072
              ],
              [
                128.71576398943452,
                34.957444645971215
              ],
              [
                128.71839309845362,
                34.95384852797932
              ],
              [
                128.72021403536482,
                34.95184555518482
              ],
              [
                128.7224080985149,
                34.94987698131649
              ],
              [
                128.72366436187704,
                34.94961201910698
              ],
              [
                128.72593556600634,
                34.949036048306816
              ],
              [
                128.7273341987874,
                34.94696524817226
              ],
              [
                128.72733522116164,
                34.938413795046486
              ],
              [
                128.72677812512973,
                34.937630817188115
              ],
              [
                128.72622517383093,
                34.937045526347845
              ],
              [
                128.7257374673125,
                34.936706417180766
              ],
              [
                128.72223135410678,
                34.93566867592496
              ],
              [
                128.7213926169394,
                34.935779415027085
              ],
              [
                128.7211637429408,
                34.93632639634008
              ],
              [
                128.72160168335728,
                34.93716051445405
              ],
              [
                128.72216492101776,
                34.93823999742156
              ],
              [
                128.72134988050792,
                34.93948729203278
              ],
              [
                128.72023967032933,
                34.940985933072604
              ],
              [
                128.71914412734336,
                34.940309400970044
              ],
              [
                128.7187051561396,
                34.93942586074331
              ],
              [
                128.7193637597361,
                34.939317680366784
              ],
              [
                128.72061677810422,
                34.93890450990317
              ],
              [
                128.72084670490227,
                34.9384069610931
              ],
              [
                128.71905859718748,
                34.9362078969177
              ],
              [
                128.71839485987886,
                34.936068971132386
              ],
              [
                128.7176751870524,
                34.936128582231525
              ],
              [
                128.71721119895238,
                34.936926032604944
              ],
              [
                128.7161932888411,
                34.93708869453685
              ],
              [
                128.7156984109817,
                34.93640365140284
              ],
              [
                128.71699398075995,
                34.935149592222935
              ],
              [
                128.71830390371406,
                34.93458736138524
              ],
              [
                128.71992235033105,
                34.93441616777395
              ],
              [
                128.72032522066698,
                34.93357015144784
              ],
              [
                128.7195519987549,
                34.93106013702496
              ],
              [
                128.71917724484376,
                34.93037341537723
              ],
              [
                128.72015323171996,
                34.928204947350686
              ],
              [
                128.72001147227135,
                34.92716891062586
              ],
              [
                128.71943805145793,
                34.925595241542105
              ],
              [
                128.7188323916266,
                34.92535666059739
              ],
              [
                128.7174440199087,
                34.92503026538729
              ],
              [
                128.7172587306003,
                34.92478574204994
              ],
              [
                128.71789047055506,
                34.923392739837695
              ],
              [
                128.71858222474378,
                34.921998931278544
              ],
              [
                128.7206168964354,
                34.91875716042056
              ],
              [
                128.7212650256529,
                34.91815482221472
              ],
              [
                128.72265123978028,
                34.91838234876638
              ],
              [
                128.7234297330167,
                34.918272440921186
              ],
              [
                128.72401987522986,
                34.91776979069479
              ],
              [
                128.72401795978192,
                34.9148039784469
              ],
              [
                128.72381451289073,
                34.9136902326087
              ],
              [
                128.7233766745159,
                34.91285610916013
              ],
              [
                128.72072379557093,
                34.90948296886747
              ],
              [
                128.72034054482293,
                34.90944443540298
              ]
            ]
          ]
        ]
      }
    },
    {
      "type": "Feature",
      "properties": {
        "adm_nm": "경상남도 거제시 장승포동",
        "adm_cd2": "4831051000",
        "sgg": "48310",
        "sido": "48",
        "sidonm": "경상남도",
        "sggnm": "거제시",
        "adm_cd": "38090610",
        "id": "4831051000",
        "name": "장승포동",
        "center": [
          128.730675,
          34.867871
        ],
        "areaKm2": 4.2404,
        "areaMethod": "SGIS geometry spherical area; not official cadastral area",
        "boundaryDate": "2026-07-01"
      },
      "geometry": {
        "type": "MultiPolygon",
        "coordinates": [
          [
            [
              [
                128.7362854426035,
                34.84520250670976
              ],
              [
                128.7352229602168,
                34.845254971729695
              ],
              [
                128.7345887463318,
                34.84535330141299
              ],
              [
                128.73061002646025,
                34.846715772424744
              ],
              [
                128.7302740099973,
                34.84683216339038
              ],
              [
                128.72776386445068,
                34.847861154340464
              ],
              [
                128.7218813031639,
                34.85089739549145
              ],
              [
                128.7214888767061,
                34.85115651651139
              ],
              [
                128.721181198258,
                34.85152125827049
              ],
              [
                128.72063383200603,
                34.852286004889876
              ],
              [
                128.7196326405991,
                34.85423210388346
              ],
              [
                128.7196028004509,
                34.85429206106883
              ],
              [
                128.7196079986128,
                34.85434765790443
              ],
              [
                128.7196559611015,
                34.854505616278736
              ],
              [
                128.7197308232507,
                34.85468361818418
              ],
              [
                128.719880962526,
                34.85491740112814
              ],
              [
                128.72002776394916,
                34.8552138418234
              ],
              [
                128.7199366387476,
                34.85526036554399
              ],
              [
                128.71493952201268,
                34.85626145586301
              ],
              [
                128.71373220180473,
                34.856413410474474
              ],
              [
                128.71336203660417,
                34.85636548353587
              ],
              [
                128.71505652783097,
                34.85862621672528
              ],
              [
                128.7167575151735,
                34.861218360886326
              ],
              [
                128.71776046784913,
                34.862746692418675
              ],
              [
                128.71842190575325,
                34.863842797276135
              ],
              [
                128.71838943927008,
                34.864347911168494
              ],
              [
                128.7176056881965,
                34.86759179952411
              ],
              [
                128.7185233628628,
                34.86933703436762
              ],
              [
                128.71900790223333,
                34.873502198864635
              ],
              [
                128.71892684986972,
                34.87608960663122
              ],
              [
                128.71841549819638,
                34.877223680901864
              ],
              [
                128.71765589997048,
                34.878211293907924
              ],
              [
                128.71710195727292,
                34.878977114749766
              ],
              [
                128.71717351883808,
                34.8803116214873
              ],
              [
                128.7179099768769,
                34.88199769991548
              ],
              [
                128.71895965650933,
                34.88266071618384
              ],
              [
                128.71998524276484,
                34.882983694999425
              ],
              [
                128.72016055295163,
                34.88298121677738
              ],
              [
                128.72055185419993,
                34.880472570169665
              ],
              [
                128.7224051588031,
                34.87820479631904
              ],
              [
                128.72497957575584,
                34.87570382803794
              ],
              [
                128.7258680373219,
                34.87370137113563
              ],
              [
                128.72636101939418,
                34.87358729279678
              ],
              [
                128.72798487846777,
                34.87321152530197
              ],
              [
                128.7283552321726,
                34.87320067675378
              ],
              [
                128.73011036039637,
                34.87314927769606
              ],
              [
                128.7301742058878,
                34.873147407178855
              ],
              [
                128.73085507435653,
                34.87289771483631
              ],
              [
                128.73109342258212,
                34.87241476540776
              ],
              [
                128.73078574537524,
                34.87155971738594
              ],
              [
                128.7313648249056,
                34.87079860299662
              ],
              [
                128.73473628246722,
                34.87008362581341
              ],
              [
                128.7382491359194,
                34.8699849951148
              ],
              [
                128.7436559378253,
                34.86887114674387
              ],
              [
                128.74416657194774,
                34.86840459816389
              ],
              [
                128.7437410349602,
                34.867981847867824
              ],
              [
                128.74035311563776,
                34.865371479884544
              ],
              [
                128.73429604742606,
                34.86211292877532
              ],
              [
                128.73356363815233,
                34.86195182986909
              ],
              [
                128.73299010027537,
                34.86191711072776
              ],
              [
                128.72909201825402,
                34.862272753250465
              ],
              [
                128.728768622027,
                34.86248736948504
              ],
              [
                128.72862976402786,
                34.862579527095015
              ],
              [
                128.729296379888,
                34.86404717919968
              ],
              [
                128.72982260385515,
                34.86483548713178
              ],
              [
                128.72954074563697,
                34.86629758586006
              ],
              [
                128.72928293728367,
                34.86714683503277
              ],
              [
                128.7274548816678,
                34.86704562983441
              ],
              [
                128.7257901154285,
                34.866953438682756
              ],
              [
                128.72472238441077,
                34.86689429689048
              ],
              [
                128.72472599869735,
                34.866480523608054
              ],
              [
                128.72382492682706,
                34.86484308151271
              ],
              [
                128.7238505362568,
                34.86429310064092
              ],
              [
                128.72627693158205,
                34.86152590525365
              ],
              [
                128.7265683540592,
                34.86127749267277
              ],
              [
                128.72700386215482,
                34.8610560784097
              ],
              [
                128.72753239406785,
                34.86076842024394
              ],
              [
                128.72815640932458,
                34.86039938878517
              ],
              [
                128.72957865038765,
                34.858698317274516
              ],
              [
                128.72941534682374,
                34.85786020408362
              ],
              [
                128.72899743193017,
                34.856465428789676
              ],
              [
                128.72892961426098,
                34.85554591300854
              ],
              [
                128.72957203241228,
                34.85373586212891
              ],
              [
                128.7300427267734,
                34.85300880588642
              ],
              [
                128.73106197101725,
                34.85295429447166
              ],
              [
                128.73266328342922,
                34.852851461868994
              ],
              [
                128.73338939395785,
                34.85272105797363
              ],
              [
                128.73458615075774,
                34.851863574984
              ],
              [
                128.7349838795164,
                34.84997694565986
              ],
              [
                128.73537654650573,
                34.84785026407094
              ],
              [
                128.73574497970276,
                34.84688452575065
              ],
              [
                128.73637221445165,
                34.846675470722765
              ],
              [
                128.73656060808224,
                34.846392639915
              ],
              [
                128.7362854426035,
                34.84520250670976
              ]
            ]
          ]
        ]
      }
    },
    {
      "type": "Feature",
      "properties": {
        "adm_nm": "경상남도 거제시 능포동",
        "adm_cd2": "4831053000",
        "sgg": "48310",
        "sido": "48",
        "sidonm": "경상남도",
        "sggnm": "거제시",
        "adm_cd": "38090530",
        "id": "4831053000",
        "name": "능포동",
        "center": [
          128.734919,
          34.880933
        ],
        "areaKm2": 3.73,
        "areaMethod": "SGIS geometry spherical area; not official cadastral area",
        "boundaryDate": "2026-07-01"
      },
      "geometry": {
        "type": "MultiPolygon",
        "coordinates": [
          [
            [
              [
                128.7436559378253,
                34.86887114674387
              ],
              [
                128.7382491359194,
                34.8699849951148
              ],
              [
                128.73473628246722,
                34.87008362581341
              ],
              [
                128.7313648249056,
                34.87079860299662
              ],
              [
                128.73078574537524,
                34.87155971738594
              ],
              [
                128.73109342258212,
                34.87241476540776
              ],
              [
                128.73085507435653,
                34.87289771483631
              ],
              [
                128.7301742058878,
                34.873147407178855
              ],
              [
                128.73011036039637,
                34.87314927769606
              ],
              [
                128.7283552321726,
                34.87320067675378
              ],
              [
                128.72798487846777,
                34.87321152530197
              ],
              [
                128.72636101939418,
                34.87358729279678
              ],
              [
                128.7258680373219,
                34.87370137113563
              ],
              [
                128.72497957575584,
                34.87570382803794
              ],
              [
                128.7224051588031,
                34.87820479631904
              ],
              [
                128.72055185419993,
                34.880472570169665
              ],
              [
                128.72016055295163,
                34.88298121677738
              ],
              [
                128.72149037291314,
                34.881920255065914
              ],
              [
                128.72249002545016,
                34.88196484030099
              ],
              [
                128.72363476437445,
                34.88212481234396
              ],
              [
                128.72335562585366,
                34.882422463666565
              ],
              [
                128.72430948877783,
                34.88710777459417
              ],
              [
                128.7253940254645,
                34.887797231986504
              ],
              [
                128.72618346673778,
                34.8880209669657
              ],
              [
                128.72941015764536,
                34.888797445208674
              ],
              [
                128.7299229352751,
                34.889436233447505
              ],
              [
                128.73175401744575,
                34.89170086669949
              ],
              [
                128.73339449213444,
                34.89167749967399
              ],
              [
                128.73495129920136,
                34.89106794235776
              ],
              [
                128.73443476510238,
                34.89025301452623
              ],
              [
                128.7348546936204,
                34.88684690119975
              ],
              [
                128.7350956732073,
                34.88624305580273
              ],
              [
                128.73574705926598,
                34.8855550531671
              ],
              [
                128.73719911112386,
                34.88524716188287
              ],
              [
                128.7374521369497,
                34.88521745179102
              ],
              [
                128.73757209207972,
                34.885206621273475
              ],
              [
                128.73985728229908,
                34.88500033537384
              ],
              [
                128.7413188621223,
                34.88665011456622
              ],
              [
                128.7413381197107,
                34.88756349741737
              ],
              [
                128.74125072603778,
                34.88793022057503
              ],
              [
                128.74505561892326,
                34.89092993780504
              ],
              [
                128.74579243669692,
                34.891284814347436
              ],
              [
                128.7476414858991,
                34.891754255285804
              ],
              [
                128.74881526626703,
                34.89283398422955
              ],
              [
                128.74949770977383,
                34.893562179355435
              ],
              [
                128.75004845540988,
                34.89437077305458
              ],
              [
                128.75038532392642,
                34.89497831036908
              ],
              [
                128.75083217416747,
                34.89538012971035
              ],
              [
                128.7515644899692,
                34.89576215011961
              ],
              [
                128.75217549188017,
                34.89581615229158
              ],
              [
                128.75228447684316,
                34.8955633466684
              ],
              [
                128.7526004269931,
                34.89428691380758
              ],
              [
                128.75250958583686,
                34.893464025606825
              ],
              [
                128.752378688038,
                34.893119675663606
              ],
              [
                128.75194995348085,
                34.89271851107918
              ],
              [
                128.75137209996728,
                34.89227876160726
              ],
              [
                128.75089395416066,
                34.891878311945455
              ],
              [
                128.74992300580945,
                34.89038513324352
              ],
              [
                128.74952776668025,
                34.889229911338795
              ],
              [
                128.74859837933204,
                34.88828951500045
              ],
              [
                128.74743791369124,
                34.887392530355015
              ],
              [
                128.74619066306684,
                34.88688836193742
              ],
              [
                128.7454205337304,
                34.886455627881496
              ],
              [
                128.74454982510116,
                34.8857632977815
              ],
              [
                128.74359919314963,
                34.88428896470939
              ],
              [
                128.7435214819364,
                34.88361136622885
              ],
              [
                128.74360940780576,
                34.8832707343452
              ],
              [
                128.74419236148805,
                34.88234871493636
              ],
              [
                128.74487588924075,
                34.88168629740268
              ],
              [
                128.74527690078605,
                34.88115845567408
              ],
              [
                128.7452881971289,
                34.88019243235419
              ],
              [
                128.74496554459435,
                34.87941257358288
              ],
              [
                128.74357356504666,
                34.87958924865938
              ],
              [
                128.74084754054263,
                34.87968051438831
              ],
              [
                128.73963042721763,
                34.87912334794217
              ],
              [
                128.73891520498245,
                34.878297789996346
              ],
              [
                128.7395902225112,
                34.87779895014443
              ],
              [
                128.74159386435932,
                34.87596111697808
              ],
              [
                128.74348272112834,
                34.87227758617783
              ],
              [
                128.74402260671312,
                34.87080725465263
              ],
              [
                128.7436559378253,
                34.86887114674387
              ]
            ]
          ]
        ]
      }
    },
    {
      "type": "Feature",
      "properties": {
        "adm_nm": "경상남도 거제시 아주동",
        "adm_cd2": "4831054000",
        "sgg": "48310",
        "sido": "48",
        "sidonm": "경상남도",
        "sggnm": "거제시",
        "adm_cd": "38090540",
        "id": "4831054000",
        "name": "아주동",
        "center": [
          128.691597,
          34.867708
        ],
        "areaKm2": 13.4786,
        "areaMethod": "SGIS geometry spherical area; not official cadastral area",
        "boundaryDate": "2026-07-01"
      },
      "geometry": {
        "type": "MultiPolygon",
        "coordinates": [
          [
            [
              [
                128.6760149837683,
                34.884186082593786
              ],
              [
                128.67626224918888,
                34.88297099127712
              ],
              [
                128.67654321271868,
                34.882335426405675
              ],
              [
                128.6767818340088,
                34.88213211252119
              ],
              [
                128.68222604571966,
                34.88158318581273
              ],
              [
                128.68296726858128,
                34.88159398537936
              ],
              [
                128.6840221191255,
                34.88194787038198
              ],
              [
                128.68493969149128,
                34.882461583279444
              ],
              [
                128.68614279685795,
                34.88319239942595
              ],
              [
                128.68691873500416,
                34.88427656684877
              ],
              [
                128.68810143953564,
                34.884007503541305
              ],
              [
                128.6907241555848,
                34.882970899955914
              ],
              [
                128.69477363709674,
                34.88172661123801
              ],
              [
                128.6959901888272,
                34.88135276711407
              ],
              [
                128.69797356935368,
                34.8807432442374
              ],
              [
                128.70317689721912,
                34.880136384586564
              ],
              [
                128.7078235897066,
                34.87940442115113
              ],
              [
                128.71105115789254,
                34.87851130811308
              ],
              [
                128.71454644481537,
                34.874841607766726
              ],
              [
                128.71807505343344,
                34.87745348288599
              ],
              [
                128.71841549819638,
                34.877223680901864
              ],
              [
                128.71892684986972,
                34.87608960663122
              ],
              [
                128.71900790223333,
                34.873502198864635
              ],
              [
                128.7185233628628,
                34.86933703436762
              ],
              [
                128.7176056881965,
                34.86759179952411
              ],
              [
                128.71838943927008,
                34.864347911168494
              ],
              [
                128.71842190575325,
                34.863842797276135
              ],
              [
                128.71776046784913,
                34.862746692418675
              ],
              [
                128.7167575151735,
                34.861218360886326
              ],
              [
                128.71505652783097,
                34.85862621672528
              ],
              [
                128.71336203660417,
                34.85636548353587
              ],
              [
                128.71315098877122,
                34.856042090932824
              ],
              [
                128.71250364000556,
                34.85561954176576
              ],
              [
                128.71161260777112,
                34.85514777902158
              ],
              [
                128.70862747834468,
                34.85531607969767
              ],
              [
                128.70785232301506,
                34.85550592778629
              ],
              [
                128.70620803823462,
                34.855665867633085
              ],
              [
                128.704748549428,
                34.855496815710886
              ],
              [
                128.70340138843716,
                34.85519983721397
              ],
              [
                128.70237407622366,
                34.85492995235738
              ],
              [
                128.69807365023365,
                34.85262119232811
              ],
              [
                128.6945253452507,
                34.85209790914027
              ],
              [
                128.69350173137323,
                34.85201109202054
              ],
              [
                128.69217087527394,
                34.851924209292854
              ],
              [
                128.6885642585818,
                34.85225867485978
              ],
              [
                128.68737397461692,
                34.852485363108826
              ],
              [
                128.68599520085945,
                34.85254060420794
              ],
              [
                128.67608487967414,
                34.851546815073974
              ],
              [
                128.6734836435493,
                34.85111937348204
              ],
              [
                128.67285071700488,
                34.85099323958714
              ],
              [
                128.67256726200188,
                34.85140287695688
              ],
              [
                128.67249162387887,
                34.851540983876035
              ],
              [
                128.67246013254254,
                34.85164797485781
              ],
              [
                128.6724363599981,
                34.85176612930227
              ],
              [
                128.6724253270907,
                34.85193786437519
              ],
              [
                128.6724377138979,
                34.85207620461393
              ],
              [
                128.67245770736253,
                34.85225695781481
              ],
              [
                128.67248322298892,
                34.85235293492807
              ],
              [
                128.67253208485735,
                34.85243337877097
              ],
              [
                128.67263269877412,
                34.85252064898013
              ],
              [
                128.67277540943263,
                34.85263430624375
              ],
              [
                128.67342991241398,
                34.85290765198954
              ],
              [
                128.6741537995737,
                34.8532126240307
              ],
              [
                128.67437185859208,
                34.85337216610001
              ],
              [
                128.67477904204307,
                34.85368705973227
              ],
              [
                128.67497217163933,
                34.85383746113746
              ],
              [
                128.6752957168306,
                34.85409280491447
              ],
              [
                128.67542495779173,
                34.85423646516442
              ],
              [
                128.67556101948256,
                34.85442541932234
              ],
              [
                128.6756662660452,
                34.854578883693364
              ],
              [
                128.6765314841596,
                34.85651003360871
              ],
              [
                128.6765530012385,
                34.85662375509139
              ],
              [
                128.67655521097777,
                34.856823877523304
              ],
              [
                128.67646309305377,
                34.85714235797794
              ],
              [
                128.67614660568103,
                34.85787943221825
              ],
              [
                128.67601381356977,
                34.85812450978277
              ],
              [
                128.67587615791422,
                34.85833743456714
              ],
              [
                128.67581344152546,
                34.858424797983744
              ],
              [
                128.67574160519902,
                34.858524853496306
              ],
              [
                128.67554389393018,
                34.85877386927853
              ],
              [
                128.67545155124637,
                34.85888728225696
              ],
              [
                128.67529709179038,
                34.85905816932206
              ],
              [
                128.67514174281166,
                34.85919694176996
              ],
              [
                128.6749753937251,
                34.859343083498935
              ],
              [
                128.67481117522738,
                34.859453006621735
              ],
              [
                128.6745980323201,
                34.85955867002112
              ],
              [
                128.67249714184686,
                34.8605306487937
              ],
              [
                128.672308991753,
                34.860609707855744
              ],
              [
                128.6721336127818,
                34.86066785394985
              ],
              [
                128.6706928712683,
                34.861040842578554
              ],
              [
                128.66933891916565,
                34.861286305334026
              ],
              [
                128.66921701762865,
                34.861300629756656
              ],
              [
                128.66892100107398,
                34.86137309511756
              ],
              [
                128.66858809230513,
                34.8614685000865
              ],
              [
                128.66801222504034,
                34.861695143348356
              ],
              [
                128.66730778358763,
                34.86201775173312
              ],
              [
                128.66707488935867,
                34.86217204539078
              ],
              [
                128.6644601528588,
                34.864698312881856
              ],
              [
                128.66438863988,
                34.864804888791745
              ],
              [
                128.66438071514557,
                34.86488235301639
              ],
              [
                128.66437783229202,
                34.86527806064506
              ],
              [
                128.66431651765947,
                34.865372108921925
              ],
              [
                128.66420794573204,
                34.86554140651346
              ],
              [
                128.66414121400933,
                34.865719188756685
              ],
              [
                128.66412888884312,
                34.865941105803856
              ],
              [
                128.66414823059122,
                34.866177746460906
              ],
              [
                128.66419909965424,
                34.866462651640575
              ],
              [
                128.6650104551765,
                34.8704451823125
              ],
              [
                128.66508354842188,
                34.87057310644927
              ],
              [
                128.66742616637447,
                34.87385633470413
              ],
              [
                128.66928702532698,
                34.87608502639844
              ],
              [
                128.66952308010008,
                34.876414379172374
              ],
              [
                128.67116484937952,
                34.880388496315476
              ],
              [
                128.6723324560799,
                34.884668700624005
              ],
              [
                128.67239332899123,
                34.88472165891567
              ],
              [
                128.67257621387552,
                34.8848001025052
              ],
              [
                128.6727750990705,
                34.88483832370862
              ],
              [
                128.67288560741434,
                34.88483656407623
              ],
              [
                128.6736986183624,
                34.884605644523425
              ],
              [
                128.67557071382194,
                34.88407307384577
              ],
              [
                128.6760149837683,
                34.884186082593786
              ]
            ]
          ]
        ]
      }
    },
    {
      "type": "Feature",
      "properties": {
        "adm_nm": "경상남도 거제시 옥포1동",
        "adm_cd2": "4831055000",
        "sgg": "48310",
        "sido": "48",
        "sidonm": "경상남도",
        "sggnm": "거제시",
        "adm_cd": "38090550",
        "id": "4831055000",
        "name": "옥포1동",
        "center": [
          128.687001,
          34.887836
        ],
        "areaKm2": 2.229,
        "areaMethod": "SGIS geometry spherical area; not official cadastral area",
        "boundaryDate": "2026-07-01"
      },
      "geometry": {
        "type": "MultiPolygon",
        "coordinates": [
          [
            [
              [
                128.69671933510682,
                34.89134758707169
              ],
              [
                128.6965566455249,
                34.890869469786985
              ],
              [
                128.69632971830356,
                34.889966802469964
              ],
              [
                128.69622135950283,
                34.88953053205798
              ],
              [
                128.69718348708324,
                34.88740080259788
              ],
              [
                128.69812305455028,
                34.88532091955126
              ],
              [
                128.6959901888272,
                34.88135276711407
              ],
              [
                128.69477363709674,
                34.88172661123801
              ],
              [
                128.6907241555848,
                34.882970899955914
              ],
              [
                128.68810143953564,
                34.884007503541305
              ],
              [
                128.68691873500416,
                34.88427656684877
              ],
              [
                128.68614279685795,
                34.88319239942595
              ],
              [
                128.68493969149128,
                34.882461583279444
              ],
              [
                128.6840221191255,
                34.88194787038198
              ],
              [
                128.68296726858128,
                34.88159398537936
              ],
              [
                128.68222604571966,
                34.88158318581273
              ],
              [
                128.6767818340088,
                34.88213211252119
              ],
              [
                128.67654321271868,
                34.882335426405675
              ],
              [
                128.67626224918888,
                34.88297099127712
              ],
              [
                128.6760149837683,
                34.884186082593786
              ],
              [
                128.6763731828777,
                34.8844106246888
              ],
              [
                128.67713424013635,
                34.88614677795988
              ],
              [
                128.67795246330627,
                34.890226125651495
              ],
              [
                128.67849909789305,
                34.89313201381057
              ],
              [
                128.67863340347964,
                34.89480938698572
              ],
              [
                128.68075997725003,
                34.89423219321965
              ],
              [
                128.68266747001223,
                34.8937144312941
              ],
              [
                128.68473116446762,
                34.89342589373441
              ],
              [
                128.68665182911963,
                34.893157321487664
              ],
              [
                128.68713878648077,
                34.89308922325987
              ],
              [
                128.68766671509775,
                34.893113359030544
              ],
              [
                128.68778904637156,
                34.89311895786
              ],
              [
                128.69242908125008,
                34.89385370256723
              ],
              [
                128.69476382126436,
                34.894223335824485
              ],
              [
                128.69665476651187,
                34.891680591774175
              ],
              [
                128.69671933510682,
                34.89134758707169
              ]
            ]
          ]
        ]
      }
    },
    {
      "type": "Feature",
      "properties": {
        "adm_nm": "경상남도 거제시 옥포2동",
        "adm_cd2": "4831056000",
        "sgg": "48310",
        "sido": "48",
        "sidonm": "경상남도",
        "sggnm": "거제시",
        "adm_cd": "38090560",
        "id": "4831056000",
        "name": "옥포2동",
        "center": [
          128.698887,
          34.90793
        ],
        "areaKm2": 8.7756,
        "areaMethod": "SGIS geometry spherical area; not official cadastral area",
        "boundaryDate": "2026-07-01"
      },
      "geometry": {
        "type": "MultiPolygon",
        "coordinates": [
          [
            [
              [
                128.72034054482293,
                34.90944443540298
              ],
              [
                128.71976580860712,
                34.90932271727924
              ],
              [
                128.71837558405664,
                34.90965195685622
              ],
              [
                128.71823602290468,
                34.90983083505426
              ],
              [
                128.71819151760513,
                34.91027372803269
              ],
              [
                128.7180216498067,
                34.910718391576594
              ],
              [
                128.71772461028604,
                34.911076401388044
              ],
              [
                128.71702369252398,
                34.91182339878781
              ],
              [
                128.7137491053723,
                34.91284258317761
              ],
              [
                128.71326776062529,
                34.91295256116916
              ],
              [
                128.71283524253525,
                34.9128259630635
              ],
              [
                128.7117464758498,
                34.91214841974702
              ],
              [
                128.711014930405,
                34.91142160935634
              ],
              [
                128.71044058647823,
                34.910500917531095
              ],
              [
                128.7104177540293,
                34.910436097231916
              ],
              [
                128.71072425368337,
                34.910273440628124
              ],
              [
                128.71086737832348,
                34.9101775925221
              ],
              [
                128.7113314740218,
                34.909861597294274
              ],
              [
                128.71169691371028,
                34.909572123486335
              ],
              [
                128.71178376938303,
                34.90947972348492
              ],
              [
                128.71219737544808,
                34.90875386598416
              ],
              [
                128.71287756791088,
                34.90733623816393
              ],
              [
                128.71331969713785,
                34.90601129483126
              ],
              [
                128.7156183386988,
                34.90346336644765
              ],
              [
                128.7160886153264,
                34.90327661335129
              ],
              [
                128.71759008487666,
                34.90181432713215
              ],
              [
                128.717693855293,
                34.90154265392099
              ],
              [
                128.71749093287164,
                34.90055477422445
              ],
              [
                128.71697047695784,
                34.90008177307494
              ],
              [
                128.7148432455493,
                34.89951131897806
              ],
              [
                128.71032141789445,
                34.89954496822793
              ],
              [
                128.70812690230935,
                34.899245552849976
              ],
              [
                128.70739394080962,
                34.89907572513405
              ],
              [
                128.70521410305474,
                34.89595392433797
              ],
              [
                128.7046331197306,
                34.89431081265043
              ],
              [
                128.7045347985879,
                34.89308125363161
              ],
              [
                128.70397680545256,
                34.89130544605966
              ],
              [
                128.70122344351924,
                34.89063138171003
              ],
              [
                128.6993666485802,
                34.890579485959236
              ],
              [
                128.69917089043344,
                34.89119257405924
              ],
              [
                128.69912575455342,
                34.89131066936215
              ],
              [
                128.69671933510682,
                34.89134758707169
              ],
              [
                128.69665476651187,
                34.891680591774175
              ],
              [
                128.69476382126436,
                34.894223335824485
              ],
              [
                128.69242908125008,
                34.89385370256723
              ],
              [
                128.68778904637156,
                34.89311895786
              ],
              [
                128.68766671509775,
                34.893113359030544
              ],
              [
                128.68713878648077,
                34.89308922325987
              ],
              [
                128.68665182911963,
                34.893157321487664
              ],
              [
                128.68473116446762,
                34.89342589373441
              ],
              [
                128.68266747001223,
                34.8937144312941
              ],
              [
                128.68075997725003,
                34.89423219321965
              ],
              [
                128.67863340347964,
                34.89480938698572
              ],
              [
                128.67860169060248,
                34.897151020176935
              ],
              [
                128.67850353883435,
                34.89905036007435
              ],
              [
                128.67866537853263,
                34.90005224110638
              ],
              [
                128.67952646462726,
                34.9016934808795
              ],
              [
                128.68123106010978,
                34.90356630845019
              ],
              [
                128.68269744562477,
                34.904110485800715
              ],
              [
                128.68330295093008,
                34.90428453938531
              ],
              [
                128.68445537039995,
                34.90454467592123
              ],
              [
                128.68707117810098,
                34.906072944705706
              ],
              [
                128.68922668896047,
                34.9081841324749
              ],
              [
                128.69007174428052,
                34.90929046485406
              ],
              [
                128.69066960394304,
                34.91094072215038
              ],
              [
                128.69056369349735,
                34.91174501203469
              ],
              [
                128.68817249823445,
                34.91698086979732
              ],
              [
                128.6872819534139,
                34.91773499225881
              ],
              [
                128.68721615262805,
                34.91803046679733
              ],
              [
                128.68727138660876,
                34.918752460412655
              ],
              [
                128.68772578804942,
                34.92125322986047
              ],
              [
                128.6885531314676,
                34.92422530642908
              ],
              [
                128.68918396362568,
                34.925507420091996
              ],
              [
                128.6913283960056,
                34.92644786539151
              ],
              [
                128.69165983854307,
                34.926690594280984
              ],
              [
                128.69298523518324,
                34.927763297416064
              ],
              [
                128.6930826623198,
                34.927953604721516
              ],
              [
                128.69470737538003,
                34.92593233178911
              ],
              [
                128.69825900909606,
                34.92303119500382
              ],
              [
                128.69938241298672,
                34.923019360097236
              ],
              [
                128.7000533974273,
                34.92270679392796
              ],
              [
                128.7004780355703,
                34.92289123906589
              ],
              [
                128.70192744147027,
                34.924619256266
              ],
              [
                128.70253653221374,
                34.92495135516707
              ],
              [
                128.70297843903109,
                34.92499290780271
              ],
              [
                128.70363222500455,
                34.92480596456498
              ],
              [
                128.70440790809766,
                34.92444022601079
              ],
              [
                128.70492103835704,
                34.92416696766422
              ],
              [
                128.70569049747158,
                34.92375719388457
              ],
              [
                128.70625042125337,
                34.922356101794286
              ],
              [
                128.7109833577376,
                34.920227228663244
              ],
              [
                128.71335932084259,
                34.91911192926693
              ],
              [
                128.71670338303306,
                34.916921834927045
              ],
              [
                128.71939994475355,
                34.91458381316712
              ],
              [
                128.71993320115885,
                34.91386530459005
              ],
              [
                128.7198816504984,
                34.91305592961451
              ],
              [
                128.71956814129348,
                34.912155495135686
              ],
              [
                128.71961367092925,
                34.9116748541986
              ],
              [
                128.71971748342148,
                34.9105789883059
              ],
              [
                128.72034054482293,
                34.90944443540298
              ]
            ]
          ]
        ]
      }
    },
    {
      "type": "Feature",
      "properties": {
        "adm_nm": "경상남도 거제시 장평동",
        "adm_cd2": "4831057000",
        "sgg": "48310",
        "sido": "48",
        "sidonm": "경상남도",
        "sggnm": "거제시",
        "adm_cd": "38090570",
        "id": "4831057000",
        "name": "장평동",
        "center": [
          128.598629,
          34.893427
        ],
        "areaKm2": 7.3459,
        "areaMethod": "SGIS geometry spherical area; not official cadastral area",
        "boundaryDate": "2026-07-01"
      },
      "geometry": {
        "type": "MultiPolygon",
        "coordinates": [
          [
            [
              [
                128.61816038141683,
                34.89122821704249
              ],
              [
                128.61436166278227,
                34.88888807035895
              ],
              [
                128.6140125529334,
                34.88857047574774
              ],
              [
                128.61335398798553,
                34.887613149808416
              ],
              [
                128.61235789345454,
                34.885716972539335
              ],
              [
                128.61196723706502,
                34.88434297147755
              ],
              [
                128.61182354400893,
                34.8833885662345
              ],
              [
                128.611779461103,
                34.882263252616724
              ],
              [
                128.611565548068,
                34.88153691901596
              ],
              [
                128.61059535416922,
                34.87876366249527
              ],
              [
                128.6100274066811,
                34.87770189493847
              ],
              [
                128.60966915255898,
                34.87732123108078
              ],
              [
                128.60916768048074,
                34.8768580018128
              ],
              [
                128.6072390889545,
                34.875101973164924
              ],
              [
                128.60572332300785,
                34.87580290768468
              ],
              [
                128.6005271370169,
                34.87878952992955
              ],
              [
                128.59715916023106,
                34.881009215233426
              ],
              [
                128.59643262540354,
                34.88169632067431
              ],
              [
                128.59567117646023,
                34.88240450635872
              ],
              [
                128.59550961918393,
                34.88252326148488
              ],
              [
                128.59532570277887,
                34.882631869908174
              ],
              [
                128.595115243637,
                34.882753816229545
              ],
              [
                128.59119179564652,
                34.88379413865474
              ],
              [
                128.59100208309934,
                34.883837173789196
              ],
              [
                128.59087978203183,
                34.88384518023254
              ],
              [
                128.5907779432643,
                34.88383809416315
              ],
              [
                128.58758788990582,
                34.88355895939395
              ],
              [
                128.58733956561258,
                34.88402806466752
              ],
              [
                128.58673296898584,
                34.88552808448692
              ],
              [
                128.5855037519181,
                34.88927074172992
              ],
              [
                128.58572059920687,
                34.89112475543531
              ],
              [
                128.58614740690234,
                34.89215953466904
              ],
              [
                128.5861654435547,
                34.89222008971363
              ],
              [
                128.5872346112471,
                34.896010902920736
              ],
              [
                128.587239961085,
                34.89616382357806
              ],
              [
                128.5870594394146,
                34.89680672225554
              ],
              [
                128.58702426954284,
                34.896910775030754
              ],
              [
                128.5869831467327,
                34.89698457299475
              ],
              [
                128.5868111225738,
                34.89714864060351
              ],
              [
                128.58660662127318,
                34.89729075872957
              ],
              [
                128.586156845597,
                34.897573181629795
              ],
              [
                128.58595863699878,
                34.8976783564774
              ],
              [
                128.58577688081454,
                34.89775502005892
              ],
              [
                128.58552592719488,
                34.89781298243954
              ],
              [
                128.58539744911903,
                34.897829347912214
              ],
              [
                128.58529342200464,
                34.89784746423478
              ],
              [
                128.58515049853207,
                34.89789738276499
              ],
              [
                128.58501971998487,
                34.89796919065408
              ],
              [
                128.58349176162437,
                34.899072865262575
              ],
              [
                128.58281995422203,
                34.89973423009555
              ],
              [
                128.58153319515307,
                34.90108740273966
              ],
              [
                128.58141827931323,
                34.90124326123944
              ],
              [
                128.58113291776698,
                34.90164888291636
              ],
              [
                128.57925953673208,
                34.90742063019038
              ],
              [
                128.57927362665896,
                34.9074742059348
              ],
              [
                128.57939685500597,
                34.90766030755421
              ],
              [
                128.57954694927167,
                34.907870662414226
              ],
              [
                128.5797325612082,
                34.908108602875146
              ],
              [
                128.58117389467841,
                34.90976001594665
              ],
              [
                128.5816378707701,
                34.910253835561136
              ],
              [
                128.58180416609713,
                34.9102852213923
              ],
              [
                128.58331722475404,
                34.9112869191962
              ],
              [
                128.58574982794443,
                34.91303502386888
              ],
              [
                128.58580937044698,
                34.913082599378725
              ],
              [
                128.58584939619874,
                34.9131244115598
              ],
              [
                128.58588531125687,
                34.91318373632318
              ],
              [
                128.58590684484165,
                34.91324538523518
              ],
              [
                128.58592120088872,
                34.91336480262245
              ],
              [
                128.5859246602906,
                34.913476117318
              ],
              [
                128.5859158200417,
                34.91363238620771
              ],
              [
                128.5858988069832,
                34.913908917611934
              ],
              [
                128.58613595537187,
                34.913765222117455
              ],
              [
                128.5864980799057,
                34.91340308359991
              ],
              [
                128.5865335863945,
                34.91299159151425
              ],
              [
                128.58650559620455,
                34.91266494280755
              ],
              [
                128.58613146001892,
                34.91240174651143
              ],
              [
                128.58575801689318,
                34.912174292572686
              ],
              [
                128.5856443387841,
                34.91190771766224
              ],
              [
                128.58574359911586,
                34.91142391224044
              ],
              [
                128.58599923927483,
                34.91117037880662
              ],
              [
                128.58638752233978,
                34.911040216447574
              ],
              [
                128.5876556772167,
                34.91150617965608
              ],
              [
                128.58806668773076,
                34.91142934429971
              ],
              [
                128.58825309624953,
                34.91096226761494
              ],
              [
                128.5888109886707,
                34.90723780752617
              ],
              [
                128.5889794542844,
                34.906967537839606
              ],
              [
                128.5895988833551,
                34.90644118907523
              ],
              [
                128.59020554366907,
                34.906379653419364
              ],
              [
                128.59038123694145,
                34.90648459151527
              ],
              [
                128.590645806772,
                34.906695565307714
              ],
              [
                128.59105886180183,
                34.90672590582541
              ],
              [
                128.59253642616866,
                34.906795926752466
              ],
              [
                128.59290262164475,
                34.90664816440633
              ],
              [
                128.59323712477192,
                34.905982557869635
              ],
              [
                128.59319251987978,
                34.90547207604229
              ],
              [
                128.59275913079088,
                34.90438761321855
              ],
              [
                128.59270712845773,
                34.90363676429732
              ],
              [
                128.59826138664403,
                34.90094063798821
              ],
              [
                128.60272180082248,
                34.90331006175374
              ],
              [
                128.60478261243506,
                34.903568346622954
              ],
              [
                128.6053396168705,
                34.90541957275612
              ],
              [
                128.60537730399264,
                34.90624113831899
              ],
              [
                128.60557853875432,
                34.90654228334981
              ],
              [
                128.60642356603793,
                34.90645964619855
              ],
              [
                128.60702777423876,
                34.90627295169659
              ],
              [
                128.60706785025386,
                34.90498571520099
              ],
              [
                128.60700218120857,
                34.903842851665445
              ],
              [
                128.60656564484916,
                34.90148965789193
              ],
              [
                128.6065619632368,
                34.900185128479
              ],
              [
                128.6088906471263,
                34.900493893592554
              ],
              [
                128.60918425830724,
                34.90107975214537
              ],
              [
                128.60964800461667,
                34.901484650780716
              ],
              [
                128.60999732866412,
                34.90158724823212
              ],
              [
                128.61060637748247,
                34.90165066320649
              ],
              [
                128.61112827097742,
                34.901697365477865
              ],
              [
                128.61203242707404,
                34.901310104159634
              ],
              [
                128.61322084726788,
                34.89991828834707
              ],
              [
                128.6144537516942,
                34.89813990012725
              ],
              [
                128.6142226438994,
                34.89496105809046
              ],
              [
                128.6142162223718,
                34.89487267277459
              ],
              [
                128.6149494916154,
                34.894630609221416
              ],
              [
                128.61549175252483,
                34.89446120054743
              ],
              [
                128.61572614275659,
                34.894387986157994
              ],
              [
                128.61602959443954,
                34.894366085063815
              ],
              [
                128.6176340001726,
                34.89205728912206
              ],
              [
                128.61816038141683,
                34.89122821704249
              ]
            ]
          ]
        ]
      }
    },
    {
      "type": "Feature",
      "properties": {
        "adm_nm": "경상남도 거제시 고현동",
        "adm_cd2": "4831058000",
        "sgg": "48310",
        "sido": "48",
        "sidonm": "경상남도",
        "sggnm": "거제시",
        "adm_cd": "38090580",
        "id": "4831058000",
        "name": "고현동",
        "center": [
          128.623006,
          34.88373
        ],
        "areaKm2": 5.0514,
        "areaMethod": "SGIS geometry spherical area; not official cadastral area",
        "boundaryDate": "2026-07-01"
      },
      "geometry": {
        "type": "MultiPolygon",
        "coordinates": [
          [
            [
              [
                128.6422728764046,
                34.89662487678644
              ],
              [
                128.6416498802896,
                34.895532335031106
              ],
              [
                128.64104858806354,
                34.894603249487204
              ],
              [
                128.64059029920494,
                34.89401751439666
              ],
              [
                128.63996334156127,
                34.89355321318762
              ],
              [
                128.63909890111813,
                34.89314274770683
              ],
              [
                128.6378213871259,
                34.89267311845954
              ],
              [
                128.6373864588085,
                34.89251471756302
              ],
              [
                128.63707133934855,
                34.89242124373041
              ],
              [
                128.63691312756126,
                34.89237442153206
              ],
              [
                128.63671591260135,
                34.8923201948611
              ],
              [
                128.63662214828787,
                34.89229697202772
              ],
              [
                128.63650050902194,
                34.89227093316989
              ],
              [
                128.63627070416783,
                34.89223448721032
              ],
              [
                128.63611998818445,
                34.89221896127813
              ],
              [
                128.63554959254813,
                34.8922265376705
              ],
              [
                128.63489946003185,
                34.89226917727922
              ],
              [
                128.63244228744753,
                34.891135898368
              ],
              [
                128.63066908845667,
                34.890221168892566
              ],
              [
                128.63047005223007,
                34.88933902928683
              ],
              [
                128.63081892639022,
                34.88861156077411
              ],
              [
                128.6312049486983,
                34.88823252471799
              ],
              [
                128.63631667614132,
                34.88388923099713
              ],
              [
                128.63759025502424,
                34.88297852580731
              ],
              [
                128.6363505970881,
                34.882559289212864
              ],
              [
                128.6355490028592,
                34.88207385025484
              ],
              [
                128.63490887554542,
                34.88104748440409
              ],
              [
                128.63492647171836,
                34.88019658582877
              ],
              [
                128.63464238413874,
                34.87976089594956
              ],
              [
                128.63305633303983,
                34.87863805853039
              ],
              [
                128.63213266036388,
                34.87831061452855
              ],
              [
                128.63127460821667,
                34.87907331331134
              ],
              [
                128.63070896491735,
                34.87978935223158
              ],
              [
                128.62798886867068,
                34.87871776380996
              ],
              [
                128.6274732830543,
                34.87812971863242
              ],
              [
                128.62580654543936,
                34.876203728402125
              ],
              [
                128.6258494477407,
                34.8761552280141
              ],
              [
                128.6259942208676,
                34.8760410202988
              ],
              [
                128.62605919816463,
                34.87585161472625
              ],
              [
                128.62616435455183,
                34.87502446714023
              ],
              [
                128.62594645152907,
                34.874900629476635
              ],
              [
                128.62420474237513,
                34.87398596828148
              ],
              [
                128.62259781813444,
                34.87382750694865
              ],
              [
                128.61955722229578,
                34.8729123024831
              ],
              [
                128.6188969749063,
                34.87252084503122
              ],
              [
                128.61459677359332,
                34.86855126996001
              ],
              [
                128.61331047646394,
                34.867257532318305
              ],
              [
                128.61156018696033,
                34.86814746760462
              ],
              [
                128.6102932729993,
                34.86889590834344
              ],
              [
                128.60823195950064,
                34.87014862263299
              ],
              [
                128.608106828321,
                34.87029124871707
              ],
              [
                128.60784125478952,
                34.870623119279756
              ],
              [
                128.6076890615765,
                34.87090248163431
              ],
              [
                128.6075824762838,
                34.87112798249229
              ],
              [
                128.60749096094136,
                34.8713216240172
              ],
              [
                128.60740283857024,
                34.871610524889505
              ],
              [
                128.60735633666968,
                34.871871560859454
              ],
              [
                128.60733683998282,
                34.872005217738874
              ],
              [
                128.60732835366764,
                34.87220108571057
              ],
              [
                128.60733168366838,
                34.872294394406104
              ],
              [
                128.6073536387943,
                34.872437487880916
              ],
              [
                128.60740970722716,
                34.872540285450775
              ],
              [
                128.60750333751346,
                34.8726805231418
              ],
              [
                128.60765663268305,
                34.87295775773341
              ],
              [
                128.60774601633574,
                34.873197483765786
              ],
              [
                128.6077344101827,
                34.873259648402716
              ],
              [
                128.6072390889545,
                34.875101973164924
              ],
              [
                128.60916768048074,
                34.8768580018128
              ],
              [
                128.60966915255898,
                34.87732123108078
              ],
              [
                128.6100274066811,
                34.87770189493847
              ],
              [
                128.61059535416922,
                34.87876366249527
              ],
              [
                128.611565548068,
                34.88153691901596
              ],
              [
                128.611779461103,
                34.882263252616724
              ],
              [
                128.61182354400893,
                34.8833885662345
              ],
              [
                128.61196723706502,
                34.88434297147755
              ],
              [
                128.61235789345454,
                34.885716972539335
              ],
              [
                128.61335398798553,
                34.887613149808416
              ],
              [
                128.6140125529334,
                34.88857047574774
              ],
              [
                128.61436166278227,
                34.88888807035895
              ],
              [
                128.61816038141683,
                34.89122821704249
              ],
              [
                128.62061973244528,
                34.891570762786976
              ],
              [
                128.62397134188737,
                34.892042449811
              ],
              [
                128.62471881082467,
                34.89286897015698
              ],
              [
                128.6249385465788,
                34.89395858088775
              ],
              [
                128.6254496347379,
                34.89665120939061
              ],
              [
                128.62561770858852,
                34.89764854137886
              ],
              [
                128.6278872110278,
                34.89770591129661
              ],
              [
                128.62986874833138,
                34.89791459449529
              ],
              [
                128.63321195702906,
                34.89826658832486
              ],
              [
                128.63509387068785,
                34.89825007639776
              ],
              [
                128.63762106596062,
                34.89821330792199
              ],
              [
                128.6378097514632,
                34.89816588778958
              ],
              [
                128.63800651085012,
                34.898116435083686
              ],
              [
                128.63824549033515,
                34.89789969780907
              ],
              [
                128.6383143821161,
                34.8976964970978
              ],
              [
                128.6422728764046,
                34.89662487678644
              ]
            ]
          ]
        ]
      }
    },
    {
      "type": "Feature",
      "properties": {
        "adm_nm": "경상남도 거제시 상문동",
        "adm_cd2": "4831059000",
        "sgg": "48310",
        "sido": "48",
        "sidonm": "경상남도",
        "sggnm": "거제시",
        "adm_cd": "38090590",
        "id": "4831059000",
        "name": "상문동",
        "center": [
          128.647389,
          34.851648
        ],
        "areaKm2": 20.8187,
        "areaMethod": "SGIS geometry spherical area; not official cadastral area",
        "boundaryDate": "2026-07-01"
      },
      "geometry": {
        "type": "MultiPolygon",
        "coordinates": [
          [
            [
              [
                128.66437783229202,
                34.86527806064506
              ],
              [
                128.66438071514557,
                34.86488235301639
              ],
              [
                128.66438863988,
                34.864804888791745
              ],
              [
                128.6644601528588,
                34.864698312881856
              ],
              [
                128.66707488935867,
                34.86217204539078
              ],
              [
                128.66730778358763,
                34.86201775173312
              ],
              [
                128.66801222504034,
                34.861695143348356
              ],
              [
                128.66858809230513,
                34.8614685000865
              ],
              [
                128.66892100107398,
                34.86137309511756
              ],
              [
                128.66921701762865,
                34.861300629756656
              ],
              [
                128.66933891916565,
                34.861286305334026
              ],
              [
                128.6706928712683,
                34.861040842578554
              ],
              [
                128.6721336127818,
                34.86066785394985
              ],
              [
                128.672308991753,
                34.860609707855744
              ],
              [
                128.67249714184686,
                34.8605306487937
              ],
              [
                128.6745980323201,
                34.85955867002112
              ],
              [
                128.67481117522738,
                34.859453006621735
              ],
              [
                128.6749753937251,
                34.859343083498935
              ],
              [
                128.67514174281166,
                34.85919694176996
              ],
              [
                128.67529709179038,
                34.85905816932206
              ],
              [
                128.67545155124637,
                34.85888728225696
              ],
              [
                128.67554389393018,
                34.85877386927853
              ],
              [
                128.67574160519902,
                34.858524853496306
              ],
              [
                128.67581344152546,
                34.858424797983744
              ],
              [
                128.67587615791422,
                34.85833743456714
              ],
              [
                128.67601381356977,
                34.85812450978277
              ],
              [
                128.67614660568103,
                34.85787943221825
              ],
              [
                128.67646309305377,
                34.85714235797794
              ],
              [
                128.67655521097777,
                34.856823877523304
              ],
              [
                128.6765530012385,
                34.85662375509139
              ],
              [
                128.6765314841596,
                34.85651003360871
              ],
              [
                128.6756662660452,
                34.854578883693364
              ],
              [
                128.67556101948256,
                34.85442541932234
              ],
              [
                128.67542495779173,
                34.85423646516442
              ],
              [
                128.6752957168306,
                34.85409280491447
              ],
              [
                128.67497217163933,
                34.85383746113746
              ],
              [
                128.67477904204307,
                34.85368705973227
              ],
              [
                128.67437185859208,
                34.85337216610001
              ],
              [
                128.6741537995737,
                34.8532126240307
              ],
              [
                128.67342991241398,
                34.85290765198954
              ],
              [
                128.67277540943263,
                34.85263430624375
              ],
              [
                128.67263269877412,
                34.85252064898013
              ],
              [
                128.67253208485735,
                34.85243337877097
              ],
              [
                128.67248322298892,
                34.85235293492807
              ],
              [
                128.67245770736253,
                34.85225695781481
              ],
              [
                128.6724377138979,
                34.85207620461393
              ],
              [
                128.6724253270907,
                34.85193786437519
              ],
              [
                128.6724363599981,
                34.85176612930227
              ],
              [
                128.67246013254254,
                34.85164797485781
              ],
              [
                128.67249162387887,
                34.851540983876035
              ],
              [
                128.67256726200188,
                34.85140287695688
              ],
              [
                128.67285071700488,
                34.85099323958714
              ],
              [
                128.67233927007538,
                34.84860549544268
              ],
              [
                128.67198517230966,
                34.84789701658413
              ],
              [
                128.67134868400382,
                34.84638417574917
              ],
              [
                128.67116692477376,
                34.84584969629742
              ],
              [
                128.671036773277,
                34.84440586059298
              ],
              [
                128.6710371373024,
                34.844316288385784
              ],
              [
                128.6710655161536,
                34.844216464594886
              ],
              [
                128.6712346370108,
                34.84391029901306
              ],
              [
                128.6714281222005,
                34.843511192796164
              ],
              [
                128.67167021846174,
                34.84294685817257
              ],
              [
                128.67171079299055,
                34.84280227078539
              ],
              [
                128.67177161209958,
                34.842585405415946
              ],
              [
                128.67178438155418,
                34.84238906762197
              ],
              [
                128.6717568004581,
                34.84229252035755
              ],
              [
                128.67168133452395,
                34.842168293196444
              ],
              [
                128.67155371425997,
                34.84209217281416
              ],
              [
                128.67027740467435,
                34.84136522623796
              ],
              [
                128.66999808704097,
                34.84124045344812
              ],
              [
                128.66988626506244,
                34.84121258626488
              ],
              [
                128.668825396415,
                34.840747945094165
              ],
              [
                128.6676255712552,
                34.839908872980864
              ],
              [
                128.66748178433068,
                34.83972116896646
              ],
              [
                128.66668483920083,
                34.83810668192708
              ],
              [
                128.66668907405187,
                34.838044696130204
              ],
              [
                128.66866102348226,
                34.83475315287659
              ],
              [
                128.66879779332154,
                34.83453993130445
              ],
              [
                128.6688500292684,
                34.834471180356545
              ],
              [
                128.67119117098352,
                34.832247563327286
              ],
              [
                128.67190299578277,
                34.832135466123276
              ],
              [
                128.67556272918546,
                34.8315810996946
              ],
              [
                128.67788023930132,
                34.83144242401221
              ],
              [
                128.68014222600362,
                34.831319623265685
              ],
              [
                128.68325178459477,
                34.83124718991803
              ],
              [
                128.6820087662793,
                34.83005251810263
              ],
              [
                128.6803182409377,
                34.82861519425673
              ],
              [
                128.67886627990995,
                34.82741124755232
              ],
              [
                128.67794207515388,
                34.826682096998866
              ],
              [
                128.6777196267288,
                34.82650660177589
              ],
              [
                128.67618279468496,
                34.82568140781665
              ],
              [
                128.67433269385916,
                34.825209549346184
              ],
              [
                128.67106435005647,
                34.82439158852018
              ],
              [
                128.6705579589865,
                34.82427751297745
              ],
              [
                128.66999290720062,
                34.82421158063325
              ],
              [
                128.66792532679452,
                34.82451182691577
              ],
              [
                128.66607327386563,
                34.82453894796176
              ],
              [
                128.6628460564229,
                34.82414171241646
              ],
              [
                128.65805305182633,
                34.8235325822435
              ],
              [
                128.65748819591028,
                34.823418285382196
              ],
              [
                128.65639748420844,
                34.82299514414822
              ],
              [
                128.65648133846224,
                34.823504222101406
              ],
              [
                128.65644708762372,
                34.8239040385989
              ],
              [
                128.65643916005178,
                34.82399649463171
              ],
              [
                128.6563618188048,
                34.82422022169013
              ],
              [
                128.65515561931224,
                34.825298714967026
              ],
              [
                128.65490657367454,
                34.825462686913745
              ],
              [
                128.6547917023668,
                34.82551833692963
              ],
              [
                128.6523043094961,
                34.826407061096525
              ],
              [
                128.65081407506838,
                34.826862244855775
              ],
              [
                128.65020389539382,
                34.82703338235435
              ],
              [
                128.64860638381697,
                34.82755078209261
              ],
              [
                128.64835759004328,
                34.82764886514063
              ],
              [
                128.64817000363584,
                34.82773395078833
              ],
              [
                128.64765592814274,
                34.82805365514742
              ],
              [
                128.64758026075796,
                34.828117360398274
              ],
              [
                128.64512566478342,
                34.83040239519848
              ],
              [
                128.64330742174832,
                34.83213360775203
              ],
              [
                128.6431269784455,
                34.83252265496521
              ],
              [
                128.6429927780532,
                34.832784745391045
              ],
              [
                128.64253631709352,
                34.83360401375739
              ],
              [
                128.64246201145554,
                34.83373226522203
              ],
              [
                128.6424233135962,
                34.833781885275656
              ],
              [
                128.6422452592753,
                34.83398997599291
              ],
              [
                128.6420650098762,
                34.834148305674255
              ],
              [
                128.64199584115988,
                34.834201989833005
              ],
              [
                128.64175117453647,
                34.83434984546349
              ],
              [
                128.64171373695413,
                34.83437245999153
              ],
              [
                128.64155471000456,
                34.83444244074263
              ],
              [
                128.63469349258298,
                34.83701917481804
              ],
              [
                128.6345810912416,
                34.83706029337532
              ],
              [
                128.63445587811304,
                34.83709305889095
              ],
              [
                128.63428189627822,
                34.83709806288172
              ],
              [
                128.63414406419344,
                34.837087979440845
              ],
              [
                128.6340143234073,
                34.837061351638326
              ],
              [
                128.63305654683134,
                34.836837406349524
              ],
              [
                128.63036791978263,
                34.839679012341435
              ],
              [
                128.63053270110848,
                34.84315976763962
              ],
              [
                128.62958225088022,
                34.84807496559768
              ],
              [
                128.62940152946814,
                34.84868365226971
              ],
              [
                128.62936260565922,
                34.848780245537625
              ],
              [
                128.62929377137368,
                34.84893338205253
              ],
              [
                128.62927677581942,
                34.84896738628146
              ],
              [
                128.62925170876753,
                34.849017532042
              ],
              [
                128.62908268795636,
                34.849337513361746
              ],
              [
                128.62898249404188,
                34.84951126437756
              ],
              [
                128.6288650241519,
                34.84970647034644
              ],
              [
                128.62878950768513,
                34.849775066101
              ],
              [
                128.62870451140572,
                34.84981573110521
              ],
              [
                128.62860659243506,
                34.84983890296909
              ],
              [
                128.62821266528138,
                34.849895718145916
              ],
              [
                128.62792307175445,
                34.8499321444016
              ],
              [
                128.62782201963455,
                34.849937352067194
              ],
              [
                128.62762562845595,
                34.84992845915729
              ],
              [
                128.62208128044,
                34.853525529702885
              ],
              [
                128.62042790237538,
                34.85474552329876
              ],
              [
                128.61991709421798,
                34.85512951752105
              ],
              [
                128.61928099590074,
                34.85569656123138
              ],
              [
                128.6189776821033,
                34.856056307184296
              ],
              [
                128.61880666569394,
                34.85634185031739
              ],
              [
                128.61870343124303,
                34.856649372703394
              ],
              [
                128.61864200457023,
                34.85688860297325
              ],
              [
                128.61863629755823,
                34.85730526857761
              ],
              [
                128.61863800256805,
                34.857409469284
              ],
              [
                128.61865099194776,
                34.858203962182245
              ],
              [
                128.61865531111806,
                34.858900516694945
              ],
              [
                128.61861424816357,
                34.859624902256456
              ],
              [
                128.61857804125592,
                34.86011300178963
              ],
              [
                128.61849357432993,
                34.8612508015046
              ],
              [
                128.61847403809674,
                34.86140001225991
              ],
              [
                128.61840172234233,
                34.86154281313946
              ],
              [
                128.6182122404731,
                34.861744327582386
              ],
              [
                128.61473759056085,
                34.865306195924
              ],
              [
                128.61327596484367,
                34.866576433846646
              ],
              [
                128.61322261981084,
                34.86669443150626
              ],
              [
                128.61322213548826,
                34.866797057128444
              ],
              [
                128.61323673591474,
                34.866899702433415
              ],
              [
                128.61331047646394,
                34.867257532318305
              ],
              [
                128.61459677359332,
                34.86855126996001
              ],
              [
                128.6188969749063,
                34.87252084503122
              ],
              [
                128.61955722229578,
                34.8729123024831
              ],
              [
                128.62259781813444,
                34.87382750694865
              ],
              [
                128.62420474237513,
                34.87398596828148
              ],
              [
                128.62594645152907,
                34.874900629476635
              ],
              [
                128.62616435455183,
                34.87502446714023
              ],
              [
                128.62605919816463,
                34.87585161472625
              ],
              [
                128.6259942208676,
                34.8760410202988
              ],
              [
                128.6258494477407,
                34.8761552280141
              ],
              [
                128.62580654543936,
                34.876203728402125
              ],
              [
                128.6274732830543,
                34.87812971863242
              ],
              [
                128.62798886867068,
                34.87871776380996
              ],
              [
                128.63070896491735,
                34.87978935223158
              ],
              [
                128.63127460821667,
                34.87907331331134
              ],
              [
                128.63213266036388,
                34.87831061452855
              ],
              [
                128.63305633303983,
                34.87863805853039
              ],
              [
                128.63464238413874,
                34.87976089594956
              ],
              [
                128.63492647171836,
                34.88019658582877
              ],
              [
                128.63490887554542,
                34.88104748440409
              ],
              [
                128.6355490028592,
                34.88207385025484
              ],
              [
                128.6363505970881,
                34.882559289212864
              ],
              [
                128.63759025502424,
                34.88297852580731
              ],
              [
                128.64144428046515,
                34.88035344425704
              ],
              [
                128.64224571284532,
                34.879170289673354
              ],
              [
                128.64241786836456,
                34.878881617704096
              ],
              [
                128.64266209132188,
                34.878472097706315
              ],
              [
                128.64299499576373,
                34.8773133272678
              ],
              [
                128.64294867542,
                34.8751694238088
              ],
              [
                128.642814044272,
                34.87484483575821
              ],
              [
                128.64272135732693,
                34.874592569999905
              ],
              [
                128.6426329340586,
                34.87433756439189
              ],
              [
                128.64255627746473,
                34.87407433011347
              ],
              [
                128.6425169436341,
                34.87380569821412
              ],
              [
                128.64229020422846,
                34.872161437348794
              ],
              [
                128.64229617610002,
                34.871809093117314
              ],
              [
                128.642565646928,
                34.87121614091635
              ],
              [
                128.6432076851261,
                34.87015682441561
              ],
              [
                128.64332580805592,
                34.86996799939649
              ],
              [
                128.64573299699154,
                34.8666196760559
              ],
              [
                128.6458622779491,
                34.866462934156424
              ],
              [
                128.64598824267011,
                34.86632568388863
              ],
              [
                128.6471906637347,
                34.865279110003904
              ],
              [
                128.6520165611291,
                34.86588316851017
              ],
              [
                128.65296927442049,
                34.86600631822702
              ],
              [
                128.65307351542583,
                34.866022319534586
              ],
              [
                128.65318157697388,
                34.866063019056796
              ],
              [
                128.6532491840602,
                34.86610809763273
              ],
              [
                128.6532985464888,
                34.86615310847549
              ],
              [
                128.65340757153757,
                34.866272343055094
              ],
              [
                128.6534790512516,
                34.86632976420366
              ],
              [
                128.6536026238794,
                34.86639854842262
              ],
              [
                128.65406329897363,
                34.866614150941096
              ],
              [
                128.65412680333867,
                34.866636212388045
              ],
              [
                128.6542495687648,
                34.866658437101535
              ],
              [
                128.65506278608487,
                34.866760589114584
              ],
              [
                128.65525569738085,
                34.8667779643164
              ],
              [
                128.65543828633935,
                34.86676950982628
              ],
              [
                128.65732269275483,
                34.86667785464996
              ],
              [
                128.6583040422161,
                34.86657500879328
              ],
              [
                128.66293723908507,
                34.866060603293136
              ],
              [
                128.66308466103965,
                34.86603857851099
              ],
              [
                128.66332609105228,
                34.86598764013903
              ],
              [
                128.66339401538156,
                34.86595978957125
              ],
              [
                128.66348810279567,
                34.86590956271488
              ],
              [
                128.66402007541882,
                34.86559690322989
              ],
              [
                128.6641089662253,
                34.86554106027233
              ],
              [
                128.66437783229202,
                34.86527806064506
              ]
            ]
          ]
        ]
      }
    },
    {
      "type": "Feature",
      "properties": {
        "adm_nm": "경상남도 거제시 수양동",
        "adm_cd2": "4831060000",
        "sgg": "48310",
        "sido": "48",
        "sidonm": "경상남도",
        "sggnm": "거제시",
        "adm_cd": "38090600",
        "id": "4831060000",
        "name": "수양동",
        "center": [
          128.656229,
          34.884957
        ],
        "areaKm2": 11.104,
        "areaMethod": "SGIS geometry spherical area; not official cadastral area",
        "boundaryDate": "2026-07-01"
      },
      "geometry": {
        "type": "MultiPolygon",
        "coordinates": [
          [
            [
              [
                128.67860169060248,
                34.897151020176935
              ],
              [
                128.67863340347964,
                34.89480938698572
              ],
              [
                128.67849909789305,
                34.89313201381057
              ],
              [
                128.67795246330627,
                34.890226125651495
              ],
              [
                128.67713424013635,
                34.88614677795988
              ],
              [
                128.6763731828777,
                34.8844106246888
              ],
              [
                128.6760149837683,
                34.884186082593786
              ],
              [
                128.67557071382194,
                34.88407307384577
              ],
              [
                128.6736986183624,
                34.884605644523425
              ],
              [
                128.67288560741434,
                34.88483656407623
              ],
              [
                128.6727750990705,
                34.88483832370862
              ],
              [
                128.67257621387552,
                34.8848001025052
              ],
              [
                128.67239332899123,
                34.88472165891567
              ],
              [
                128.6723324560799,
                34.884668700624005
              ],
              [
                128.67116484937952,
                34.880388496315476
              ],
              [
                128.66952308010008,
                34.876414379172374
              ],
              [
                128.66928702532698,
                34.87608502639844
              ],
              [
                128.66742616637447,
                34.87385633470413
              ],
              [
                128.66508354842188,
                34.87057310644927
              ],
              [
                128.6650104551765,
                34.8704451823125
              ],
              [
                128.66419909965424,
                34.866462651640575
              ],
              [
                128.66414823059122,
                34.866177746460906
              ],
              [
                128.66412888884312,
                34.865941105803856
              ],
              [
                128.66414121400933,
                34.865719188756685
              ],
              [
                128.66420794573204,
                34.86554140651346
              ],
              [
                128.66431651765947,
                34.865372108921925
              ],
              [
                128.66437783229202,
                34.86527806064506
              ],
              [
                128.6641089662253,
                34.86554106027233
              ],
              [
                128.66402007541882,
                34.86559690322989
              ],
              [
                128.66348810279567,
                34.86590956271488
              ],
              [
                128.66339401538156,
                34.86595978957125
              ],
              [
                128.66332609105228,
                34.86598764013903
              ],
              [
                128.66308466103965,
                34.86603857851099
              ],
              [
                128.66293723908507,
                34.866060603293136
              ],
              [
                128.6583040422161,
                34.86657500879328
              ],
              [
                128.65732269275483,
                34.86667785464996
              ],
              [
                128.65543828633935,
                34.86676950982628
              ],
              [
                128.65525569738085,
                34.8667779643164
              ],
              [
                128.65506278608487,
                34.866760589114584
              ],
              [
                128.6542495687648,
                34.866658437101535
              ],
              [
                128.65412680333867,
                34.866636212388045
              ],
              [
                128.65406329897363,
                34.866614150941096
              ],
              [
                128.6536026238794,
                34.86639854842262
              ],
              [
                128.6534790512516,
                34.86632976420366
              ],
              [
                128.65340757153757,
                34.866272343055094
              ],
              [
                128.6532985464888,
                34.86615310847549
              ],
              [
                128.6532491840602,
                34.86610809763273
              ],
              [
                128.65318157697388,
                34.866063019056796
              ],
              [
                128.65307351542583,
                34.866022319534586
              ],
              [
                128.65296927442049,
                34.86600631822702
              ],
              [
                128.6520165611291,
                34.86588316851017
              ],
              [
                128.6471906637347,
                34.865279110003904
              ],
              [
                128.64598824267011,
                34.86632568388863
              ],
              [
                128.6458622779491,
                34.866462934156424
              ],
              [
                128.64573299699154,
                34.8666196760559
              ],
              [
                128.64332580805592,
                34.86996799939649
              ],
              [
                128.6432076851261,
                34.87015682441561
              ],
              [
                128.642565646928,
                34.87121614091635
              ],
              [
                128.64229617610002,
                34.871809093117314
              ],
              [
                128.64229020422846,
                34.872161437348794
              ],
              [
                128.6425169436341,
                34.87380569821412
              ],
              [
                128.64255627746473,
                34.87407433011347
              ],
              [
                128.6426329340586,
                34.87433756439189
              ],
              [
                128.64272135732693,
                34.874592569999905
              ],
              [
                128.642814044272,
                34.87484483575821
              ],
              [
                128.64294867542,
                34.8751694238088
              ],
              [
                128.64299499576373,
                34.8773133272678
              ],
              [
                128.64266209132188,
                34.878472097706315
              ],
              [
                128.64241786836456,
                34.878881617704096
              ],
              [
                128.64224571284532,
                34.879170289673354
              ],
              [
                128.64144428046515,
                34.88035344425704
              ],
              [
                128.63759025502424,
                34.88297852580731
              ],
              [
                128.63631667614132,
                34.88388923099713
              ],
              [
                128.6312049486983,
                34.88823252471799
              ],
              [
                128.63081892639022,
                34.88861156077411
              ],
              [
                128.63047005223007,
                34.88933902928683
              ],
              [
                128.63066908845667,
                34.890221168892566
              ],
              [
                128.63244228744753,
                34.891135898368
              ],
              [
                128.63489946003185,
                34.89226917727922
              ],
              [
                128.63554959254813,
                34.8922265376705
              ],
              [
                128.63611998818445,
                34.89221896127813
              ],
              [
                128.63627070416783,
                34.89223448721032
              ],
              [
                128.63650050902194,
                34.89227093316989
              ],
              [
                128.63662214828787,
                34.89229697202772
              ],
              [
                128.63671591260135,
                34.8923201948611
              ],
              [
                128.63691312756126,
                34.89237442153206
              ],
              [
                128.63707133934855,
                34.89242124373041
              ],
              [
                128.6373864588085,
                34.89251471756302
              ],
              [
                128.6378213871259,
                34.89267311845954
              ],
              [
                128.63909890111813,
                34.89314274770683
              ],
              [
                128.63996334156127,
                34.89355321318762
              ],
              [
                128.64059029920494,
                34.89401751439666
              ],
              [
                128.64104858806354,
                34.894603249487204
              ],
              [
                128.6416498802896,
                34.895532335031106
              ],
              [
                128.6422728764046,
                34.89662487678644
              ],
              [
                128.64311355976596,
                34.89696525690576
              ],
              [
                128.6447461275398,
                34.897351009122204
              ],
              [
                128.64548713477254,
                34.897247104088954
              ],
              [
                128.64622815295618,
                34.897143180924296
              ],
              [
                128.6464410274386,
                34.897048340755525
              ],
              [
                128.64665390678257,
                34.89695349205609
              ],
              [
                128.6473807859048,
                34.89677729897845
              ],
              [
                128.6496669039484,
                34.89733398042082
              ],
              [
                128.6499396024701,
                34.897407379300645
              ],
              [
                128.650098923872,
                34.89747354947397
              ],
              [
                128.65019480271152,
                34.89752874838467
              ],
              [
                128.6502769877586,
                34.89757606976021
              ],
              [
                128.65139933614236,
                34.898350448831025
              ],
              [
                128.6514996907635,
                34.89845620835529
              ],
              [
                128.6532325732504,
                34.900378654858926
              ],
              [
                128.65346850093283,
                34.90070784394404
              ],
              [
                128.65358299900137,
                34.900826555522755
              ],
              [
                128.65398134533825,
                34.90114727224951
              ],
              [
                128.6553201970742,
                34.90210276512203
              ],
              [
                128.65554096205972,
                34.90225727260422
              ],
              [
                128.65582219523625,
                34.90239301922045
              ],
              [
                128.65608629381924,
                34.90250267803416
              ],
              [
                128.65628440367138,
                34.902571894636395
              ],
              [
                128.65645396069766,
                34.90259958816683
              ],
              [
                128.65788260614477,
                34.90271725917387
              ],
              [
                128.65800768326048,
                34.90272115569107
              ],
              [
                128.65811992288945,
                34.90270017673857
              ],
              [
                128.6581875560011,
                34.902682614616694
              ],
              [
                128.65824950745784,
                34.902653198829555
              ],
              [
                128.65907807738154,
                34.90244640440108
              ],
              [
                128.6605771658826,
                34.90232951112837
              ],
              [
                128.66135232429158,
                34.90228193384764
              ],
              [
                128.66151046010117,
                34.902284748916294
              ],
              [
                128.66159813345797,
                34.902295638392054
              ],
              [
                128.66180059056595,
                34.90236013723839
              ],
              [
                128.66188667754204,
                34.90240299861158
              ],
              [
                128.66192449995174,
                34.90242956970678
              ],
              [
                128.6619526278267,
                34.902449337323425
              ],
              [
                128.66215031519778,
                34.902622706639896
              ],
              [
                128.66223963604548,
                34.90271599923754
              ],
              [
                128.662398010046,
                34.902881434985794
              ],
              [
                128.66261456141035,
                34.90310973461771
              ],
              [
                128.662721671984,
                34.90322606445309
              ],
              [
                128.66284800861126,
                34.90338693153705
              ],
              [
                128.6629571400749,
                34.90352699603845
              ],
              [
                128.66310642380563,
                34.90367418456152
              ],
              [
                128.66321066328186,
                34.9037680468644
              ],
              [
                128.6633586458881,
                34.90387243239236
              ],
              [
                128.66345810731576,
                34.90393308935566
              ],
              [
                128.6635126458196,
                34.90395481109585
              ],
              [
                128.66357415970407,
                34.903971490479215
              ],
              [
                128.6636379610819,
                34.9039741229843
              ],
              [
                128.66372261639557,
                34.90395845787053
              ],
              [
                128.66376424330204,
                34.903942656521366
              ],
              [
                128.664323783126,
                34.903199324745515
              ],
              [
                128.66436861948495,
                34.903120937440384
              ],
              [
                128.66439239970026,
                34.90300750375255
              ],
              [
                128.6643949380623,
                34.90295913872762
              ],
              [
                128.66433895595256,
                34.90227995574508
              ],
              [
                128.6644124859266,
                34.902113789530034
              ],
              [
                128.6644929124599,
                34.9019824671683
              ],
              [
                128.6645605251068,
                34.901891577767955
              ],
              [
                128.66463940831878,
                34.90178555089009
              ],
              [
                128.66476448982596,
                34.90165435585306
              ],
              [
                128.66505682590886,
                34.90141913311033
              ],
              [
                128.6651761508563,
                34.90132570889218
              ],
              [
                128.6652784347679,
                34.901245628914864
              ],
              [
                128.6654340107199,
                34.90112417846065
              ],
              [
                128.6671523186119,
                34.8998289244199
              ],
              [
                128.67295746853065,
                34.89709417321695
              ],
              [
                128.67300847089075,
                34.89707786167164
              ],
              [
                128.6730594777098,
                34.89706155727559
              ],
              [
                128.6750205725467,
                34.89651188111771
              ],
              [
                128.67520158315628,
                34.8964750776635
              ],
              [
                128.67540533781283,
                34.89648222253757
              ],
              [
                128.67733330000624,
                34.896577283426254
              ],
              [
                128.6775039035927,
                34.896595279482796
              ],
              [
                128.67765911056875,
                34.89664176560516
              ],
              [
                128.67804550444646,
                34.89684676024468
              ],
              [
                128.6783235964568,
                34.89699888964486
              ],
              [
                128.67860169060248,
                34.897151020176935
              ]
            ]
          ]
        ]
      }
    }
  ],
  "source": {
    "provider": "통계청 SGIS",
    "processor": "vuski/admdongkor",
    "url": "https://raw.githubusercontent.com/vuski/admdongkor/master/ver20260701/HangJeongDong_ver20260701.geojson",
    "date": "2026-07-01",
    "license": "가공 경계 CC BY 4.0 · 원자료 SGIS 공공누리 제1유형(출처표시)"
  }
}
