{
  "type": "FeatureCollection",
  "features": [
    {
      "type": "Feature",
      "geometry": {
        "type": "Point",
        "coordinates": [
          128.6245883,
          34.8151681
        ]
      },
      "properties": {
        "name": "자연예술랜드",
        "address": "",
        "category": "버스 정류소",
        "sourceId": "osm:node/10886074858",
        "sourceUrl": "https://www.openstreetmap.org/node/10886074858",
        "date": "2026-10-02",
        "coordinateSource": "OSM node geometry",
        "districtId": "4831032000",
        "districtName": "동부면"
      }
    },
    {
      "type": "Feature",
      "geometry": {
        "type": "Point",
        "coordinates": [
          128.6879371,
          34.9533074
        ]
      },
      "properties": {
        "name": "명동",
        "address": "",
        "category": "버스 정류소",
        "sourceId": "osm:node/11747295705",
        "sourceUrl": "https://www.openstreetmap.org/node/11747295705",
        "date": "2026-10-02",
        "coordinateSource": "OSM node geometry",
        "districtId": "4831037000",
        "districtName": "연초면"
      }
    },
    {
      "type": "Feature",
      "geometry": {
        "type": "Point",
        "coordinates": [
          128.635108,
          34.8936497
        ]
      },
      "properties": {
        "name": "이름 미등록 버스 정류소",
        "address": "",
        "category": "버스 정류소",
        "sourceId": "osm:node/12314364748",
        "sourceUrl": "https://www.openstreetmap.org/node/12314364748",
        "date": "2026-10-02",
        "coordinateSource": "OSM node geometry",
        "districtId": "4831058000",
        "districtName": "고현동"
      }
    },
    {
      "type": "Feature",
      "geometry": {
        "type": "Point",
        "coordinates": [
          128.6350799,
          34.8923835
        ]
      },
      "properties": {
        "name": "이름 미등록 버스 정류소",
        "address": "",
        "category": "버스 정류소",
        "sourceId": "osm:node/12314364749",
        "sourceUrl": "https://www.openstreetmap.org/node/12314364749",
        "date": "2026-10-02",
        "coordinateSource": "OSM node geometry",
        "districtId": "4831058000",
        "districtName": "고현동"
      }
    },
    {
      "type": "Feature",
      "geometry": {
        "type": "Point",
        "coordinates": [
          128.7217277,
          34.8537962
        ]
      },
      "properties": {
        "name": "옥림APT",
        "address": "",
        "category": "버스 정류소",
        "sourceId": "osm:node/12314364786",
        "sourceUrl": "https://www.openstreetmap.org/node/12314364786",
        "date": "2026-10-02",
        "coordinateSource": "OSM node geometry",
        "districtId": "4831051000",
        "districtName": "장승포동"
      }
    },
    {
      "type": "Feature",
      "geometry": {
        "type": "Point",
        "coordinates": [
          128.7215899,
          34.8538479
        ]
      },
      "properties": {
        "name": "옥림APT",
        "address": "",
        "category": "버스 정류소",
        "sourceId": "osm:node/12314364787",
        "sourceUrl": "https://www.openstreetmap.org/node/12314364787",
        "date": "2026-10-02",
        "coordinateSource": "OSM node geometry",
        "districtId": "4831051000",
        "districtName": "장승포동"
      }
    },
    {
      "type": "Feature",
      "geometry": {
        "type": "Point",
        "coordinates": [
          128.7196331,
          34.8556946
        ]
      },
      "properties": {
        "name": "옥림아파트교차로",
        "address": "",
        "category": "버스 정류소",
        "sourceId": "osm:node/12314364788",
        "sourceUrl": "https://www.openstreetmap.org/node/12314364788",
        "date": "2026-10-02",
        "coordinateSource": "OSM node geometry",
        "districtId": "4831051000",
        "districtName": "장승포동"
      }
    },
    {
      "type": "Feature",
      "geometry": {
        "type": "Point",
        "coordinates": [
          128.6223374,
          34.8902271
        ]
      },
      "properties": {
        "name": "중앙공영주차장",
        "address": "",
        "category": "버스 정류소",
        "sourceId": "osm:node/12314365396",
        "sourceUrl": "https://www.openstreetmap.org/node/12314365396",
        "date": "2026-10-02",
        "coordinateSource": "OSM node geometry",
        "districtId": "4831058000",
        "districtName": "고현동"
      }
    },
    {
      "type": "Feature",
      "geometry": {
        "type": "Point",
        "coordinates": [
          128.6311306,
          34.8751407
        ]
      },
      "properties": {
        "name": "상동",
        "address": "",
        "category": "버스 정류소",
        "sourceId": "osm:node/12314851430",
        "sourceUrl": "https://www.openstreetmap.org/node/12314851430",
        "date": "2026-10-02",
        "coordinateSource": "OSM node geometry",
        "districtId": "4831059000",
        "districtName": "상문동"
      }
    },
    {
      "type": "Feature",
      "geometry": {
        "type": "Point",
        "coordinates": [
          128.623328,
          34.8881966
        ]
      },
      "properties": {
        "name": "한라프라자",
        "address": "",
        "category": "버스 정류소",
        "sourceId": "osm:node/12314851445",
        "sourceUrl": "https://www.openstreetmap.org/node/12314851445",
        "date": "2026-10-02",
        "coordinateSource": "OSM node geometry",
        "districtId": "4831058000",
        "districtName": "고현동"
      }
    },
    {
      "type": "Feature",
      "geometry": {
        "type": "Point",
        "coordinates": [
          128.6253274,
          34.889956
        ]
      },
      "properties": {
        "name": "신현교",
        "address": "",
        "category": "버스 정류소",
        "sourceId": "osm:node/12314851447",
        "sourceUrl": "https://www.openstreetmap.org/node/12314851447",
        "date": "2026-10-02",
        "coordinateSource": "OSM node geometry",
        "districtId": "4831058000",
        "districtName": "고현동"
      }
    },
    {
      "type": "Feature",
      "geometry": {
        "type": "Point",
        "coordinates": [
          128.6234308,
          34.8898827
        ]
      },
      "properties": {
        "name": "신성사거리",
        "address": "",
        "category": "버스 정류소",
        "sourceId": "osm:node/12314851448",
        "sourceUrl": "https://www.openstreetmap.org/node/12314851448",
        "date": "2026-10-02",
        "coordinateSource": "OSM node geometry",
        "districtId": "4831058000",
        "districtName": "고현동"
      }
    },
    {
      "type": "Feature",
      "geometry": {
        "type": "Point",
        "coordinates": [
          128.6233983,
          34.8897676
        ]
      },
      "properties": {
        "name": "신성사거리",
        "address": "",
        "category": "버스 정류소",
        "sourceId": "osm:node/12314851449",
        "sourceUrl": "https://www.openstreetmap.org/node/12314851449",
        "date": "2026-10-02",
        "coordinateSource": "OSM node geometry",
        "districtId": "4831058000",
        "districtName": "고현동"
      }
    },
    {
      "type": "Feature",
      "geometry": {
        "type": "Point",
        "coordinates": [
          128.6222315,
          34.8900661
        ]
      },
      "properties": {
        "name": "중앙공영주차장",
        "address": "",
        "category": "버스 정류소",
        "sourceId": "osm:node/12314851450",
        "sourceUrl": "https://www.openstreetmap.org/node/12314851450",
        "date": "2026-10-02",
        "coordinateSource": "OSM node geometry",
        "districtId": "4831058000",
        "districtName": "고현동"
      }
    },
    {
      "type": "Feature",
      "geometry": {
        "type": "Point",
        "coordinates": [
          128.6229288,
          34.8886638
        ]
      },
      "properties": {
        "name": "신성",
        "address": "",
        "category": "버스 정류소",
        "sourceId": "osm:node/12314851451",
        "sourceUrl": "https://www.openstreetmap.org/node/12314851451",
        "date": "2026-10-02",
        "coordinateSource": "OSM node geometry",
        "districtId": "4831058000",
        "districtName": "고현동"
      }
    },
    {
      "type": "Feature",
      "geometry": {
        "type": "Point",
        "coordinates": [
          128.6234003,
          34.8876867
        ]
      },
      "properties": {
        "name": "경남은행",
        "address": "",
        "category": "버스 정류소",
        "sourceId": "osm:node/12314851452",
        "sourceUrl": "https://www.openstreetmap.org/node/12314851452",
        "date": "2026-10-02",
        "coordinateSource": "OSM node geometry",
        "districtId": "4831058000",
        "districtName": "고현동"
      }
    },
    {
      "type": "Feature",
      "geometry": {
        "type": "Point",
        "coordinates": [
          128.624189,
          34.8863995
        ]
      },
      "properties": {
        "name": "고현시장",
        "address": "",
        "category": "버스 정류소",
        "sourceId": "osm:node/12314851453",
        "sourceUrl": "https://www.openstreetmap.org/node/12314851453",
        "date": "2026-10-02",
        "coordinateSource": "OSM node geometry",
        "districtId": "4831058000",
        "districtName": "고현동"
      }
    },
    {
      "type": "Feature",
      "geometry": {
        "type": "Point",
        "coordinates": [
          128.6486478,
          34.8659731
        ]
      },
      "properties": {
        "name": "거제시종합사회복지관",
        "address": "",
        "category": "버스 정류소",
        "sourceId": "osm:node/12314851473",
        "sourceUrl": "https://www.openstreetmap.org/node/12314851473",
        "date": "2026-10-02",
        "coordinateSource": "OSM node geometry",
        "districtId": "4831060000",
        "districtName": "수양동"
      }
    },
    {
      "type": "Feature",
      "geometry": {
        "type": "Point",
        "coordinates": [
          128.6491169,
          34.8662433
        ]
      },
      "properties": {
        "name": "거제시종합사회복지관",
        "address": "",
        "category": "버스 정류소",
        "sourceId": "osm:node/12314851474",
        "sourceUrl": "https://www.openstreetmap.org/node/12314851474",
        "date": "2026-10-02",
        "coordinateSource": "OSM node geometry",
        "districtId": "4831060000",
        "districtName": "수양동"
      }
    },
    {
      "type": "Feature",
      "geometry": {
        "type": "Point",
        "coordinates": [
          128.7248008,
          34.8675788
        ]
      },
      "properties": {
        "name": "한일비치",
        "address": "",
        "category": "버스 정류소",
        "sourceId": "osm:node/12315743475",
        "sourceUrl": "https://www.openstreetmap.org/node/12315743475",
        "date": "2026-10-02",
        "coordinateSource": "OSM node geometry",
        "districtId": "4831051000",
        "districtName": "장승포동"
      }
    },
    {
      "type": "Feature",
      "geometry": {
        "type": "Point",
        "coordinates": [
          128.7249308,
          34.8674968
        ]
      },
      "properties": {
        "name": "한일비치",
        "address": "",
        "category": "버스 정류소",
        "sourceId": "osm:node/12315743476",
        "sourceUrl": "https://www.openstreetmap.org/node/12315743476",
        "date": "2026-10-02",
        "coordinateSource": "OSM node geometry",
        "districtId": "4831051000",
        "districtName": "장승포동"
      }
    },
    {
      "type": "Feature",
      "geometry": {
        "type": "Point",
        "coordinates": [
          128.6855556,
          34.8678874
        ]
      },
      "properties": {
        "name": "코오롱하늘채아파트",
        "address": "",
        "category": "버스 정류소",
        "sourceId": "osm:node/12315743491",
        "sourceUrl": "https://www.openstreetmap.org/node/12315743491",
        "date": "2026-10-02",
        "coordinateSource": "OSM node geometry",
        "districtId": "4831054000",
        "districtName": "아주동"
      }
    },
    {
      "type": "Feature",
      "geometry": {
        "type": "Point",
        "coordinates": [
          128.6854879,
          34.8677026
        ]
      },
      "properties": {
        "name": "코오롱하늘채아파트",
        "address": "",
        "category": "버스 정류소",
        "sourceId": "osm:node/12315743492",
        "sourceUrl": "https://www.openstreetmap.org/node/12315743492",
        "date": "2026-10-02",
        "coordinateSource": "OSM node geometry",
        "districtId": "4831054000",
        "districtName": "아주동"
      }
    },
    {
      "type": "Feature",
      "geometry": {
        "type": "Point",
        "coordinates": [
          128.6715747,
          34.9465232
        ]
      },
      "properties": {
        "name": "명하",
        "address": "",
        "category": "버스 정류소",
        "sourceId": "osm:node/12317660988",
        "sourceUrl": "https://www.openstreetmap.org/node/12317660988",
        "date": "2026-10-02",
        "coordinateSource": "OSM node geometry",
        "districtId": "4831037000",
        "districtName": "연초면"
      }
    },
    {
      "type": "Feature",
      "geometry": {
        "type": "Point",
        "coordinates": [
          128.6716791,
          34.9464623
        ]
      },
      "properties": {
        "name": "명하",
        "address": "",
        "category": "버스 정류소",
        "sourceId": "osm:node/12317660989",
        "sourceUrl": "https://www.openstreetmap.org/node/12317660989",
        "date": "2026-10-02",
        "coordinateSource": "OSM node geometry",
        "districtId": "4831037000",
        "districtName": "연초면"
      }
    },
    {
      "type": "Feature",
      "geometry": {
        "type": "Point",
        "coordinates": [
          128.6776057,
          34.948568
        ]
      },
      "properties": {
        "name": "민속자료관",
        "address": "",
        "category": "버스 정류소",
        "sourceId": "osm:node/12317755104",
        "sourceUrl": "https://www.openstreetmap.org/node/12317755104",
        "date": "2026-10-02",
        "coordinateSource": "OSM node geometry",
        "districtId": "4831037000",
        "districtName": "연초면"
      }
    },
    {
      "type": "Feature",
      "geometry": {
        "type": "Point",
        "coordinates": [
          128.6774738,
          34.9484082
        ]
      },
      "properties": {
        "name": "민속자료관",
        "address": "",
        "category": "버스 정류소",
        "sourceId": "osm:node/12317755105",
        "sourceUrl": "https://www.openstreetmap.org/node/12317755105",
        "date": "2026-10-02",
        "coordinateSource": "OSM node geometry",
        "districtId": "4831037000",
        "districtName": "연초면"
      }
    },
    {
      "type": "Feature",
      "geometry": {
        "type": "Point",
        "coordinates": [
          128.6256699,
          34.8885747
        ]
      },
      "properties": {
        "name": "고현수협앞",
        "address": "",
        "category": "버스 정류소",
        "sourceId": "osm:node/12317891714",
        "sourceUrl": "https://www.openstreetmap.org/node/12317891714",
        "date": "2026-10-02",
        "coordinateSource": "OSM node geometry",
        "districtId": "4831058000",
        "districtName": "고현동"
      }
    },
    {
      "type": "Feature",
      "geometry": {
        "type": "Point",
        "coordinates": [
          128.6258871,
          34.8886341
        ]
      },
      "properties": {
        "name": "고현수협앞",
        "address": "",
        "category": "버스 정류소",
        "sourceId": "osm:node/12317891715",
        "sourceUrl": "https://www.openstreetmap.org/node/12317891715",
        "date": "2026-10-02",
        "coordinateSource": "OSM node geometry",
        "districtId": "4831058000",
        "districtName": "고현동"
      }
    },
    {
      "type": "Feature",
      "geometry": {
        "type": "Point",
        "coordinates": [
          128.625726,
          34.8876898
        ]
      },
      "properties": {
        "name": "수협",
        "address": "",
        "category": "버스 정류소",
        "sourceId": "osm:node/12317891718",
        "sourceUrl": "https://www.openstreetmap.org/node/12317891718",
        "date": "2026-10-02",
        "coordinateSource": "OSM node geometry",
        "districtId": "4831058000",
        "districtName": "고현동"
      }
    },
    {
      "type": "Feature",
      "geometry": {
        "type": "Point",
        "coordinates": [
          128.6226484,
          34.8863538
        ]
      },
      "properties": {
        "name": "고현시장",
        "address": "",
        "category": "버스 정류소",
        "sourceId": "osm:node/12317891719",
        "sourceUrl": "https://www.openstreetmap.org/node/12317891719",
        "date": "2026-10-02",
        "coordinateSource": "OSM node geometry",
        "districtId": "4831058000",
        "districtName": "고현동"
      }
    },
    {
      "type": "Feature",
      "geometry": {
        "type": "Point",
        "coordinates": [
          128.6225515,
          34.8864266
        ]
      },
      "properties": {
        "name": "중앙병원",
        "address": "",
        "category": "버스 정류소",
        "sourceId": "osm:node/12317891720",
        "sourceUrl": "https://www.openstreetmap.org/node/12317891720",
        "date": "2026-10-02",
        "coordinateSource": "OSM node geometry",
        "districtId": "4831058000",
        "districtName": "고현동"
      }
    },
    {
      "type": "Feature",
      "geometry": {
        "type": "Point",
        "coordinates": [
          128.6246453,
          34.885179
        ]
      },
      "properties": {
        "name": "성동",
        "address": "",
        "category": "버스 정류소",
        "sourceId": "osm:node/12317891721",
        "sourceUrl": "https://www.openstreetmap.org/node/12317891721",
        "date": "2026-10-02",
        "coordinateSource": "OSM node geometry",
        "districtId": "4831058000",
        "districtName": "고현동"
      }
    },
    {
      "type": "Feature",
      "geometry": {
        "type": "Point",
        "coordinates": [
          128.6250484,
          34.8847236
        ]
      },
      "properties": {
        "name": "농협중앙회",
        "address": "",
        "category": "버스 정류소",
        "sourceId": "osm:node/12317891727",
        "sourceUrl": "https://www.openstreetmap.org/node/12317891727",
        "date": "2026-10-02",
        "coordinateSource": "OSM node geometry",
        "districtId": "4831058000",
        "districtName": "고현동"
      }
    },
    {
      "type": "Feature",
      "geometry": {
        "type": "Point",
        "coordinates": [
          128.6254414,
          34.8835421
        ]
      },
      "properties": {
        "name": "거제시공공청사",
        "address": "",
        "category": "버스 정류소",
        "sourceId": "osm:node/12317891728",
        "sourceUrl": "https://www.openstreetmap.org/node/12317891728",
        "date": "2026-10-02",
        "coordinateSource": "OSM node geometry",
        "districtId": "4831058000",
        "districtName": "고현동"
      }
    },
    {
      "type": "Feature",
      "geometry": {
        "type": "Point",
        "coordinates": [
          128.6259114,
          34.8826207
        ]
      },
      "properties": {
        "name": "중앙사거리",
        "address": "",
        "category": "버스 정류소",
        "sourceId": "osm:node/12317891729",
        "sourceUrl": "https://www.openstreetmap.org/node/12317891729",
        "date": "2026-10-02",
        "coordinateSource": "OSM node geometry",
        "districtId": "4831058000",
        "districtName": "고현동"
      }
    },
    {
      "type": "Feature",
      "geometry": {
        "type": "Point",
        "coordinates": [
          128.6256968,
          34.8834034
        ]
      },
      "properties": {
        "name": "거제시공공청사",
        "address": "",
        "category": "버스 정류소",
        "sourceId": "osm:node/12317891737",
        "sourceUrl": "https://www.openstreetmap.org/node/12317891737",
        "date": "2026-10-02",
        "coordinateSource": "OSM node geometry",
        "districtId": "4831058000",
        "districtName": "고현동"
      }
    },
    {
      "type": "Feature",
      "geometry": {
        "type": "Point",
        "coordinates": [
          128.6275901,
          34.8842231
        ]
      },
      "properties": {
        "name": "계룡중학교",
        "address": "",
        "category": "버스 정류소",
        "sourceId": "osm:node/12317891738",
        "sourceUrl": "https://www.openstreetmap.org/node/12317891738",
        "date": "2026-10-02",
        "coordinateSource": "OSM node geometry",
        "districtId": "4831058000",
        "districtName": "고현동"
      }
    },
    {
      "type": "Feature",
      "geometry": {
        "type": "Point",
        "coordinates": [
          128.6476687,
          34.8625281
        ]
      },
      "properties": {
        "name": "거제상문고등학교",
        "address": "",
        "category": "버스 정류소",
        "sourceId": "osm:node/12319175656",
        "sourceUrl": "https://www.openstreetmap.org/node/12319175656",
        "date": "2026-10-02",
        "coordinateSource": "OSM node geometry",
        "districtId": "4831059000",
        "districtName": "상문동"
      }
    },
    {
      "type": "Feature",
      "geometry": {
        "type": "Point",
        "coordinates": [
          128.6478191,
          34.8623872
        ]
      },
      "properties": {
        "name": "거제상문고등학교",
        "address": "",
        "category": "버스 정류소",
        "sourceId": "osm:node/12319175657",
        "sourceUrl": "https://www.openstreetmap.org/node/12319175657",
        "date": "2026-10-02",
        "coordinateSource": "OSM node geometry",
        "districtId": "4831059000",
        "districtName": "상문동"
      }
    },
    {
      "type": "Feature",
      "geometry": {
        "type": "Point",
        "coordinates": [
          128.6531006,
          34.8662033
        ]
      },
      "properties": {
        "name": "아이파크2단지",
        "address": "",
        "category": "버스 정류소",
        "sourceId": "osm:node/12319175665",
        "sourceUrl": "https://www.openstreetmap.org/node/12319175665",
        "date": "2026-10-02",
        "coordinateSource": "OSM node geometry",
        "districtId": "4831060000",
        "districtName": "수양동"
      }
    },
    {
      "type": "Feature",
      "geometry": {
        "type": "Point",
        "coordinates": [
          128.65325,
          34.8662067
        ]
      },
      "properties": {
        "name": "아이파크2단지",
        "address": "",
        "category": "버스 정류소",
        "sourceId": "osm:node/12319175666",
        "sourceUrl": "https://www.openstreetmap.org/node/12319175666",
        "date": "2026-10-02",
        "coordinateSource": "OSM node geometry",
        "districtId": "4831060000",
        "districtName": "수양동"
      }
    },
    {
      "type": "Feature",
      "geometry": {
        "type": "Point",
        "coordinates": [
          128.6520088,
          34.8851048
        ]
      },
      "properties": {
        "name": "수월마을",
        "address": "",
        "category": "버스 정류소",
        "sourceId": "osm:node/12319175699",
        "sourceUrl": "https://www.openstreetmap.org/node/12319175699",
        "date": "2026-10-02",
        "coordinateSource": "OSM node geometry",
        "districtId": "4831060000",
        "districtName": "수양동"
      }
    },
    {
      "type": "Feature",
      "geometry": {
        "type": "Point",
        "coordinates": [
          128.6528769,
          34.8881984
        ]
      },
      "properties": {
        "name": "새골",
        "address": "",
        "category": "버스 정류소",
        "sourceId": "osm:node/12319175700",
        "sourceUrl": "https://www.openstreetmap.org/node/12319175700",
        "date": "2026-10-02",
        "coordinateSource": "OSM node geometry",
        "districtId": "4831060000",
        "districtName": "수양동"
      }
    },
    {
      "type": "Feature",
      "geometry": {
        "type": "Point",
        "coordinates": [
          128.6533406,
          34.8897763
        ]
      },
      "properties": {
        "name": "금강사",
        "address": "",
        "category": "버스 정류소",
        "sourceId": "osm:node/12319218101",
        "sourceUrl": "https://www.openstreetmap.org/node/12319218101",
        "date": "2026-10-02",
        "coordinateSource": "OSM node geometry",
        "districtId": "4831060000",
        "districtName": "수양동"
      }
    },
    {
      "type": "Feature",
      "geometry": {
        "type": "Point",
        "coordinates": [
          128.6504026,
          34.8908181
        ]
      },
      "properties": {
        "name": "수양마을",
        "address": "",
        "category": "버스 정류소",
        "sourceId": "osm:node/12319218106",
        "sourceUrl": "https://www.openstreetmap.org/node/12319218106",
        "date": "2026-10-02",
        "coordinateSource": "OSM node geometry",
        "districtId": "4831060000",
        "districtName": "수양동"
      }
    },
    {
      "type": "Feature",
      "geometry": {
        "type": "Point",
        "coordinates": [
          128.6450118,
          34.8922687
        ]
      },
      "properties": {
        "name": "GS자이APT",
        "address": "",
        "category": "버스 정류소",
        "sourceId": "osm:node/12319218117",
        "sourceUrl": "https://www.openstreetmap.org/node/12319218117",
        "date": "2026-10-02",
        "coordinateSource": "OSM node geometry",
        "districtId": "4831060000",
        "districtName": "수양동"
      }
    },
    {
      "type": "Feature",
      "geometry": {
        "type": "Point",
        "coordinates": [
          128.6388868,
          34.8902657
        ]
      },
      "properties": {
        "name": "거제자동차학원",
        "address": "",
        "category": "버스 정류소",
        "sourceId": "osm:node/12319218131",
        "sourceUrl": "https://www.openstreetmap.org/node/12319218131",
        "date": "2026-10-02",
        "coordinateSource": "OSM node geometry",
        "districtId": "4831060000",
        "districtName": "수양동"
      }
    },
    {
      "type": "Feature",
      "geometry": {
        "type": "Point",
        "coordinates": [
          128.6385618,
          34.890176
        ]
      },
      "properties": {
        "name": "거제자동차학원",
        "address": "",
        "category": "버스 정류소",
        "sourceId": "osm:node/12319218132",
        "sourceUrl": "https://www.openstreetmap.org/node/12319218132",
        "date": "2026-10-02",
        "coordinateSource": "OSM node geometry",
        "districtId": "4831060000",
        "districtName": "수양동"
      }
    },
    {
      "type": "Feature",
      "geometry": {
        "type": "Point",
        "coordinates": [
          128.6862414,
          34.9045046
        ]
      },
      "properties": {
        "name": "옥포고",
        "address": "",
        "category": "버스 정류소",
        "sourceId": "osm:node/12319218146",
        "sourceUrl": "https://www.openstreetmap.org/node/12319218146",
        "date": "2026-10-02",
        "coordinateSource": "OSM node geometry",
        "districtId": "4831056000",
        "districtName": "옥포2동"
      }
    },
    {
      "type": "Feature",
      "geometry": {
        "type": "Point",
        "coordinates": [
          128.6863491,
          34.9046363
        ]
      },
      "properties": {
        "name": "옥포고",
        "address": "",
        "category": "버스 정류소",
        "sourceId": "osm:node/12319218147",
        "sourceUrl": "https://www.openstreetmap.org/node/12319218147",
        "date": "2026-10-02",
        "coordinateSource": "OSM node geometry",
        "districtId": "4831056000",
        "districtName": "옥포2동"
      }
    },
    {
      "type": "Feature",
      "geometry": {
        "type": "Point",
        "coordinates": [
          128.6465371,
          34.9102157
        ]
      },
      "properties": {
        "name": "연사",
        "address": "",
        "category": "버스 정류소",
        "sourceId": "osm:node/12319218160",
        "sourceUrl": "https://www.openstreetmap.org/node/12319218160",
        "date": "2026-10-02",
        "coordinateSource": "OSM node geometry",
        "districtId": "4831037000",
        "districtName": "연초면"
      }
    },
    {
      "type": "Feature",
      "geometry": {
        "type": "Point",
        "coordinates": [
          128.6565167,
          34.9350373
        ]
      },
      "properties": {
        "name": "중리",
        "address": "",
        "category": "버스 정류소",
        "sourceId": "osm:node/12319218168",
        "sourceUrl": "https://www.openstreetmap.org/node/12319218168",
        "date": "2026-10-02",
        "coordinateSource": "OSM node geometry",
        "districtId": "4831037000",
        "districtName": "연초면"
      }
    },
    {
      "type": "Feature",
      "geometry": {
        "type": "Point",
        "coordinates": [
          128.6564041,
          34.9351615
        ]
      },
      "properties": {
        "name": "중리",
        "address": "",
        "category": "버스 정류소",
        "sourceId": "osm:node/12319218169",
        "sourceUrl": "https://www.openstreetmap.org/node/12319218169",
        "date": "2026-10-02",
        "coordinateSource": "OSM node geometry",
        "districtId": "4831037000",
        "districtName": "연초면"
      }
    },
    {
      "type": "Feature",
      "geometry": {
        "type": "Point",
        "coordinates": [
          128.6635888,
          34.9402544
        ]
      },
      "properties": {
        "name": "연초수자원공사",
        "address": "",
        "category": "버스 정류소",
        "sourceId": "osm:node/12319218170",
        "sourceUrl": "https://www.openstreetmap.org/node/12319218170",
        "date": "2026-10-02",
        "coordinateSource": "OSM node geometry",
        "districtId": "4831037000",
        "districtName": "연초면"
      }
    },
    {
      "type": "Feature",
      "geometry": {
        "type": "Point",
        "coordinates": [
          128.6635109,
          34.940324
        ]
      },
      "properties": {
        "name": "연초수자원공사",
        "address": "",
        "category": "버스 정류소",
        "sourceId": "osm:node/12319218171",
        "sourceUrl": "https://www.openstreetmap.org/node/12319218171",
        "date": "2026-10-02",
        "coordinateSource": "OSM node geometry",
        "districtId": "4831037000",
        "districtName": "연초면"
      }
    },
    {
      "type": "Feature",
      "geometry": {
        "type": "Point",
        "coordinates": [
          128.612745,
          34.8912238
        ]
      },
      "properties": {
        "name": "광우APT",
        "address": "",
        "category": "버스 정류소",
        "sourceId": "osm:node/12471399691",
        "sourceUrl": "https://www.openstreetmap.org/node/12471399691",
        "date": "2026-10-02",
        "coordinateSource": "OSM node geometry",
        "districtId": "4831057000",
        "districtName": "장평동"
      }
    },
    {
      "type": "Feature",
      "geometry": {
        "type": "Point",
        "coordinates": [
          128.6867335,
          34.8975896
        ]
      },
      "properties": {
        "name": "거제경찰서",
        "address": "",
        "category": "버스 정류소",
        "sourceId": "osm:node/12927400031",
        "sourceUrl": "https://www.openstreetmap.org/node/12927400031",
        "date": "2026-10-02",
        "coordinateSource": "OSM node geometry",
        "districtId": "4831056000",
        "districtName": "옥포2동"
      }
    },
    {
      "type": "Feature",
      "geometry": {
        "type": "Point",
        "coordinates": [
          128.6910044,
          34.8961435
        ]
      },
      "properties": {
        "name": "아주신협 옥포지점",
        "address": "",
        "category": "버스 정류소",
        "sourceId": "osm:node/12927470664",
        "sourceUrl": "https://www.openstreetmap.org/node/12927470664",
        "date": "2026-10-02",
        "coordinateSource": "OSM node geometry",
        "districtId": "4831056000",
        "districtName": "옥포2동"
      }
    },
    {
      "type": "Feature",
      "geometry": {
        "type": "Point",
        "coordinates": [
          128.6896246,
          34.8967754
        ]
      },
      "properties": {
        "name": "옥현상가",
        "address": "",
        "category": "버스 정류소",
        "sourceId": "osm:node/12927474620",
        "sourceUrl": "https://www.openstreetmap.org/node/12927474620",
        "date": "2026-10-02",
        "coordinateSource": "OSM node geometry",
        "districtId": "4831056000",
        "districtName": "옥포2동"
      }
    },
    {
      "type": "Feature",
      "geometry": {
        "type": "Point",
        "coordinates": [
          128.6868183,
          34.8978302
        ]
      },
      "properties": {
        "name": "거제경찰서",
        "address": "",
        "category": "버스 정류소",
        "sourceId": "osm:node/12927481619",
        "sourceUrl": "https://www.openstreetmap.org/node/12927481619",
        "date": "2026-10-02",
        "coordinateSource": "OSM node geometry",
        "districtId": "4831056000",
        "districtName": "옥포2동"
      }
    },
    {
      "type": "Feature",
      "geometry": {
        "type": "Point",
        "coordinates": [
          128.685275,
          34.9009939
        ]
      },
      "properties": {
        "name": "덕산4차아파트",
        "address": "",
        "category": "버스 정류소",
        "sourceId": "osm:node/12947743357",
        "sourceUrl": "https://www.openstreetmap.org/node/12947743357",
        "date": "2026-10-02",
        "coordinateSource": "OSM node geometry",
        "districtId": "4831056000",
        "districtName": "옥포2동"
      }
    },
    {
      "type": "Feature",
      "geometry": {
        "type": "Point",
        "coordinates": [
          128.6414134,
          34.8935285
        ]
      },
      "properties": {
        "name": "수월삼거리",
        "address": "",
        "category": "버스 정류소",
        "sourceId": "osm:node/12948749793",
        "sourceUrl": "https://www.openstreetmap.org/node/12948749793",
        "date": "2026-10-02",
        "coordinateSource": "OSM node geometry",
        "districtId": "4831060000",
        "districtName": "수양동"
      }
    },
    {
      "type": "Feature",
      "geometry": {
        "type": "Point",
        "coordinates": [
          128.6405351,
          34.892271
        ]
      },
      "properties": {
        "name": "이름 미등록 버스 정류소",
        "address": "",
        "category": "버스 정류소",
        "sourceId": "osm:node/12948750496",
        "sourceUrl": "https://www.openstreetmap.org/node/12948750496",
        "date": "2026-10-02",
        "coordinateSource": "OSM node geometry",
        "districtId": "4831060000",
        "districtName": "수양동"
      }
    },
    {
      "type": "Feature",
      "geometry": {
        "type": "Point",
        "coordinates": [
          128.6896318,
          34.8968923
        ]
      },
      "properties": {
        "name": "옥현상가",
        "address": "",
        "category": "버스 정류소",
        "sourceId": "osm:node/12949550954",
        "sourceUrl": "https://www.openstreetmap.org/node/12949550954",
        "date": "2026-10-02",
        "coordinateSource": "OSM node geometry",
        "districtId": "4831056000",
        "districtName": "옥포2동"
      }
    },
    {
      "type": "Feature",
      "geometry": {
        "type": "Point",
        "coordinates": [
          128.6907956,
          34.8946727
        ]
      },
      "properties": {
        "name": "이름 미등록 버스 정류소",
        "address": "",
        "category": "버스 정류소",
        "sourceId": "osm:node/12949582322",
        "sourceUrl": "https://www.openstreetmap.org/node/12949582322",
        "date": "2026-10-02",
        "coordinateSource": "OSM node geometry",
        "districtId": "4831056000",
        "districtName": "옥포2동"
      }
    },
    {
      "type": "Feature",
      "geometry": {
        "type": "Point",
        "coordinates": [
          128.6905718,
          34.8951665
        ]
      },
      "properties": {
        "name": "이름 미등록 버스 정류소",
        "address": "",
        "category": "버스 정류소",
        "sourceId": "osm:node/12949593528",
        "sourceUrl": "https://www.openstreetmap.org/node/12949593528",
        "date": "2026-10-02",
        "coordinateSource": "OSM node geometry",
        "districtId": "4831056000",
        "districtName": "옥포2동"
      }
    },
    {
      "type": "Feature",
      "geometry": {
        "type": "Point",
        "coordinates": [
          128.6880899,
          34.8980219
        ]
      },
      "properties": {
        "name": "한신APT",
        "address": "",
        "category": "버스 정류소",
        "sourceId": "osm:node/12949597739",
        "sourceUrl": "https://www.openstreetmap.org/node/12949597739",
        "date": "2026-10-02",
        "coordinateSource": "OSM node geometry",
        "districtId": "4831056000",
        "districtName": "옥포2동"
      }
    },
    {
      "type": "Feature",
      "geometry": {
        "type": "Point",
        "coordinates": [
          128.6881289,
          34.8981331
        ]
      },
      "properties": {
        "name": "한신APT",
        "address": "",
        "category": "버스 정류소",
        "sourceId": "osm:node/12949610902",
        "sourceUrl": "https://www.openstreetmap.org/node/12949610902",
        "date": "2026-10-02",
        "coordinateSource": "OSM node geometry",
        "districtId": "4831056000",
        "districtName": "옥포2동"
      }
    },
    {
      "type": "Feature",
      "geometry": {
        "type": "Point",
        "coordinates": [
          128.6867845,
          34.8963081
        ]
      },
      "properties": {
        "name": "소방서",
        "address": "",
        "category": "버스 정류소",
        "sourceId": "osm:node/12951376879",
        "sourceUrl": "https://www.openstreetmap.org/node/12951376879",
        "date": "2026-10-02",
        "coordinateSource": "OSM node geometry",
        "districtId": "4831056000",
        "districtName": "옥포2동"
      }
    },
    {
      "type": "Feature",
      "geometry": {
        "type": "Point",
        "coordinates": [
          128.7170135,
          34.9430499
        ]
      },
      "properties": {
        "name": "이름 미등록 버스 정류소",
        "address": "",
        "category": "버스 정류소",
        "sourceId": "osm:node/12951409679",
        "sourceUrl": "https://www.openstreetmap.org/node/12951409679",
        "date": "2026-10-02",
        "coordinateSource": "OSM node geometry",
        "districtId": "4831039000",
        "districtName": "장목면"
      }
    },
    {
      "type": "Feature",
      "geometry": {
        "type": "Point",
        "coordinates": [
          128.6964618,
          34.894381
        ]
      },
      "properties": {
        "name": "옥포복지회관",
        "address": "",
        "category": "버스 정류소",
        "sourceId": "osm:node/12951413434",
        "sourceUrl": "https://www.openstreetmap.org/node/12951413434",
        "date": "2026-10-02",
        "coordinateSource": "OSM node geometry",
        "districtId": "4831056000",
        "districtName": "옥포2동"
      }
    },
    {
      "type": "Feature",
      "geometry": {
        "type": "Point",
        "coordinates": [
          128.6866487,
          34.8959399
        ]
      },
      "properties": {
        "name": "소방서",
        "address": "",
        "category": "버스 정류소",
        "sourceId": "osm:node/12951416429",
        "sourceUrl": "https://www.openstreetmap.org/node/12951416429",
        "date": "2026-10-02",
        "coordinateSource": "OSM node geometry",
        "districtId": "4831056000",
        "districtName": "옥포2동"
      }
    },
    {
      "type": "Feature",
      "geometry": {
        "type": "Point",
        "coordinates": [
          128.6906306,
          34.8936553
        ]
      },
      "properties": {
        "name": "옥포국제시장",
        "address": "",
        "category": "버스 정류소",
        "sourceId": "osm:node/12952008128",
        "sourceUrl": "https://www.openstreetmap.org/node/12952008128",
        "date": "2026-10-02",
        "coordinateSource": "OSM node geometry",
        "districtId": "4831056000",
        "districtName": "옥포2동"
      }
    },
    {
      "type": "Feature",
      "geometry": {
        "type": "Point",
        "coordinates": [
          128.7028192,
          34.9672825
        ]
      },
      "properties": {
        "name": "이름 미등록 버스 정류소",
        "address": "",
        "category": "버스 정류소",
        "sourceId": "osm:node/12952018198",
        "sourceUrl": "https://www.openstreetmap.org/node/12952018198",
        "date": "2026-10-02",
        "coordinateSource": "OSM node geometry",
        "districtId": "4831039000",
        "districtName": "장목면"
      }
    },
    {
      "type": "Feature",
      "geometry": {
        "type": "Point",
        "coordinates": [
          128.6892323,
          34.993048
        ]
      },
      "properties": {
        "name": "이름 미등록 버스 정류소",
        "address": "",
        "category": "버스 정류소",
        "sourceId": "osm:node/12952019185",
        "sourceUrl": "https://www.openstreetmap.org/node/12952019185",
        "date": "2026-10-02",
        "coordinateSource": "OSM node geometry",
        "districtId": "4831039000",
        "districtName": "장목면"
      }
    },
    {
      "type": "Feature",
      "geometry": {
        "type": "Point",
        "coordinates": [
          128.7163666,
          34.9424678
        ]
      },
      "properties": {
        "name": "이름 미등록 버스 정류소",
        "address": "",
        "category": "버스 정류소",
        "sourceId": "osm:node/12952019783",
        "sourceUrl": "https://www.openstreetmap.org/node/12952019783",
        "date": "2026-10-02",
        "coordinateSource": "OSM node geometry",
        "districtId": "4831039000",
        "districtName": "장목면"
      }
    },
    {
      "type": "Feature",
      "geometry": {
        "type": "Point",
        "coordinates": [
          128.7152402,
          34.9309679
        ]
      },
      "properties": {
        "name": "이름 미등록 버스 정류소",
        "address": "",
        "category": "버스 정류소",
        "sourceId": "osm:node/12952028530",
        "sourceUrl": "https://www.openstreetmap.org/node/12952028530",
        "date": "2026-10-02",
        "coordinateSource": "OSM node geometry",
        "districtId": "4831039000",
        "districtName": "장목면"
      }
    },
    {
      "type": "Feature",
      "geometry": {
        "type": "Point",
        "coordinates": [
          128.6976002,
          34.8946081
        ]
      },
      "properties": {
        "name": "이름 미등록 버스 정류소",
        "address": "",
        "category": "버스 정류소",
        "sourceId": "osm:node/12952028779",
        "sourceUrl": "https://www.openstreetmap.org/node/12952028779",
        "date": "2026-10-02",
        "coordinateSource": "OSM node geometry",
        "districtId": "4831056000",
        "districtName": "옥포2동"
      }
    },
    {
      "type": "Feature",
      "geometry": {
        "type": "Point",
        "coordinates": [
          128.6863471,
          34.8993982
        ]
      },
      "properties": {
        "name": "옥포시립테니스장",
        "address": "",
        "category": "버스 정류소",
        "sourceId": "osm:node/12953137013",
        "sourceUrl": "https://www.openstreetmap.org/node/12953137013",
        "date": "2026-10-02",
        "coordinateSource": "OSM node geometry",
        "districtId": "4831056000",
        "districtName": "옥포2동"
      }
    },
    {
      "type": "Feature",
      "geometry": {
        "type": "Point",
        "coordinates": [
          128.7032452,
          34.8123556
        ]
      },
      "properties": {
        "name": "이름 미등록 버스 정류소",
        "address": "",
        "category": "버스 정류소",
        "sourceId": "osm:node/12953779179",
        "sourceUrl": "https://www.openstreetmap.org/node/12953779179",
        "date": "2026-10-02",
        "coordinateSource": "OSM node geometry",
        "districtId": "4831031000",
        "districtName": "일운면"
      }
    },
    {
      "type": "Feature",
      "geometry": {
        "type": "Point",
        "coordinates": [
          128.6935052,
          34.8674258
        ]
      },
      "properties": {
        "name": "이름 미등록 버스 정류소",
        "address": "",
        "category": "버스 정류소",
        "sourceId": "osm:node/12953800345",
        "sourceUrl": "https://www.openstreetmap.org/node/12953800345",
        "date": "2026-10-02",
        "coordinateSource": "OSM node geometry",
        "districtId": "4831054000",
        "districtName": "아주동"
      }
    },
    {
      "type": "Feature",
      "geometry": {
        "type": "Point",
        "coordinates": [
          128.6395073,
          34.778131
        ]
      },
      "properties": {
        "name": "KT거제해저중계소",
        "address": "",
        "category": "버스 정류소",
        "sourceId": "osm:node/12953801847",
        "sourceUrl": "https://www.openstreetmap.org/node/12953801847",
        "date": "2026-10-02",
        "coordinateSource": "OSM node geometry",
        "districtId": "4831032000",
        "districtName": "동부면"
      }
    },
    {
      "type": "Feature",
      "geometry": {
        "type": "Point",
        "coordinates": [
          128.7028067,
          34.8123165
        ]
      },
      "properties": {
        "name": "이름 미등록 버스 정류소",
        "address": "",
        "category": "버스 정류소",
        "sourceId": "osm:node/12953804393",
        "sourceUrl": "https://www.openstreetmap.org/node/12953804393",
        "date": "2026-10-02",
        "coordinateSource": "OSM node geometry",
        "districtId": "4831031000",
        "districtName": "일운면"
      }
    },
    {
      "type": "Feature",
      "geometry": {
        "type": "Point",
        "coordinates": [
          128.7005637,
          34.8331378
        ]
      },
      "properties": {
        "name": "이름 미등록 버스 정류소",
        "address": "",
        "category": "버스 정류소",
        "sourceId": "osm:node/12953805845",
        "sourceUrl": "https://www.openstreetmap.org/node/12953805845",
        "date": "2026-10-02",
        "coordinateSource": "OSM node geometry",
        "districtId": "4831031000",
        "districtName": "일운면"
      }
    },
    {
      "type": "Feature",
      "geometry": {
        "type": "Point",
        "coordinates": [
          128.6398197,
          34.7780213
        ]
      },
      "properties": {
        "name": "KT거제해저중계소",
        "address": "",
        "category": "버스 정류소",
        "sourceId": "osm:node/12953809474",
        "sourceUrl": "https://www.openstreetmap.org/node/12953809474",
        "date": "2026-10-02",
        "coordinateSource": "OSM node geometry",
        "districtId": "4831032000",
        "districtName": "동부면"
      }
    },
    {
      "type": "Feature",
      "geometry": {
        "type": "Point",
        "coordinates": [
          128.7148362,
          34.9242137
        ]
      },
      "properties": {
        "name": "이름 미등록 버스 정류소",
        "address": "",
        "category": "버스 정류소",
        "sourceId": "osm:node/12956651314",
        "sourceUrl": "https://www.openstreetmap.org/node/12956651314",
        "date": "2026-10-02",
        "coordinateSource": "OSM node geometry",
        "districtId": "4831039000",
        "districtName": "장목면"
      }
    },
    {
      "type": "Feature",
      "geometry": {
        "type": "Point",
        "coordinates": [
          128.6902066,
          34.992655
        ]
      },
      "properties": {
        "name": "이름 미등록 버스 정류소",
        "address": "",
        "category": "버스 정류소",
        "sourceId": "osm:node/12956651315",
        "sourceUrl": "https://www.openstreetmap.org/node/12956651315",
        "date": "2026-10-02",
        "coordinateSource": "OSM node geometry",
        "districtId": "4831039000",
        "districtName": "장목면"
      }
    },
    {
      "type": "Feature",
      "geometry": {
        "type": "Point",
        "coordinates": [
          128.7031743,
          34.9672108
        ]
      },
      "properties": {
        "name": "이름 미등록 버스 정류소",
        "address": "",
        "category": "버스 정류소",
        "sourceId": "osm:node/12956651316",
        "sourceUrl": "https://www.openstreetmap.org/node/12956651316",
        "date": "2026-10-02",
        "coordinateSource": "OSM node geometry",
        "districtId": "4831039000",
        "districtName": "장목면"
      }
    },
    {
      "type": "Feature",
      "geometry": {
        "type": "Point",
        "coordinates": [
          128.7124763,
          34.9378634
        ]
      },
      "properties": {
        "name": "이름 미등록 버스 정류소",
        "address": "",
        "category": "버스 정류소",
        "sourceId": "osm:node/12956651318",
        "sourceUrl": "https://www.openstreetmap.org/node/12956651318",
        "date": "2026-10-02",
        "coordinateSource": "OSM node geometry",
        "districtId": "4831039000",
        "districtName": "장목면"
      }
    },
    {
      "type": "Feature",
      "geometry": {
        "type": "Point",
        "coordinates": [
          128.6942108,
          34.8941889
        ]
      },
      "properties": {
        "name": "이름 미등록 버스 정류소",
        "address": "",
        "category": "버스 정류소",
        "sourceId": "osm:node/12958953823",
        "sourceUrl": "https://www.openstreetmap.org/node/12958953823",
        "date": "2026-10-02",
        "coordinateSource": "OSM node geometry",
        "districtId": "4831056000",
        "districtName": "옥포2동"
      }
    },
    {
      "type": "Feature",
      "geometry": {
        "type": "Point",
        "coordinates": [
          128.7170347,
          34.9497068
        ]
      },
      "properties": {
        "name": "이름 미등록 버스 정류소",
        "address": "",
        "category": "버스 정류소",
        "sourceId": "osm:node/13095855392",
        "sourceUrl": "https://www.openstreetmap.org/node/13095855392",
        "date": "2026-10-02",
        "coordinateSource": "OSM node geometry",
        "districtId": "4831039000",
        "districtName": "장목면"
      }
    },
    {
      "type": "Feature",
      "geometry": {
        "type": "Point",
        "coordinates": [
          128.7139412,
          34.9566933
        ]
      },
      "properties": {
        "name": "이름 미등록 버스 정류소",
        "address": "",
        "category": "버스 정류소",
        "sourceId": "osm:node/13095855393",
        "sourceUrl": "https://www.openstreetmap.org/node/13095855393",
        "date": "2026-10-02",
        "coordinateSource": "OSM node geometry",
        "districtId": "4831039000",
        "districtName": "장목면"
      }
    },
    {
      "type": "Feature",
      "geometry": {
        "type": "Point",
        "coordinates": [
          128.7124459,
          34.9599097
        ]
      },
      "properties": {
        "name": "이름 미등록 버스 정류소",
        "address": "",
        "category": "버스 정류소",
        "sourceId": "osm:node/13095855394",
        "sourceUrl": "https://www.openstreetmap.org/node/13095855394",
        "date": "2026-10-02",
        "coordinateSource": "OSM node geometry",
        "districtId": "4831039000",
        "districtName": "장목면"
      }
    },
    {
      "type": "Feature",
      "geometry": {
        "type": "Point",
        "coordinates": [
          128.7107949,
          34.9617682
        ]
      },
      "properties": {
        "name": "이름 미등록 버스 정류소",
        "address": "",
        "category": "버스 정류소",
        "sourceId": "osm:node/13095855395",
        "sourceUrl": "https://www.openstreetmap.org/node/13095855395",
        "date": "2026-10-02",
        "coordinateSource": "OSM node geometry",
        "districtId": "4831039000",
        "districtName": "장목면"
      }
    },
    {
      "type": "Feature",
      "geometry": {
        "type": "Point",
        "coordinates": [
          128.5975275,
          34.8393309
        ]
      },
      "properties": {
        "name": "Osu",
        "address": "",
        "category": "버스 정류소",
        "sourceId": "osm:node/13971769102",
        "sourceUrl": "https://www.openstreetmap.org/node/13971769102",
        "date": "2026-10-02",
        "coordinateSource": "OSM node geometry",
        "districtId": "4831034000",
        "districtName": "거제면"
      }
    },
    {
      "type": "Feature",
      "geometry": {
        "type": "Point",
        "coordinates": [
          128.5974896,
          34.8391284
        ]
      },
      "properties": {
        "name": "Osu",
        "address": "",
        "category": "버스 정류소",
        "sourceId": "osm:node/13971769601",
        "sourceUrl": "https://www.openstreetmap.org/node/13971769601",
        "date": "2026-10-02",
        "coordinateSource": "OSM node geometry",
        "districtId": "4831034000",
        "districtName": "거제면"
      }
    },
    {
      "type": "Feature",
      "geometry": {
        "type": "Point",
        "coordinates": [
          128.5938053,
          34.8478227
        ]
      },
      "properties": {
        "name": "Dongsang sageori",
        "address": "",
        "category": "버스 정류소",
        "sourceId": "osm:node/13971771601",
        "sourceUrl": "https://www.openstreetmap.org/node/13971771601",
        "date": "2026-10-02",
        "coordinateSource": "OSM node geometry",
        "districtId": "4831034000",
        "districtName": "거제면"
      }
    },
    {
      "type": "Feature",
      "geometry": {
        "type": "Point",
        "coordinates": [
          128.5937417,
          34.8477578
        ]
      },
      "properties": {
        "name": "Dongsang sageori",
        "address": "",
        "category": "버스 정류소",
        "sourceId": "osm:node/13971771701",
        "sourceUrl": "https://www.openstreetmap.org/node/13971771701",
        "date": "2026-10-02",
        "coordinateSource": "OSM node geometry",
        "districtId": "4831034000",
        "districtName": "거제면"
      }
    },
    {
      "type": "Feature",
      "geometry": {
        "type": "Point",
        "coordinates": [
          128.6389831,
          34.7728732
        ]
      },
      "properties": {
        "name": "학동",
        "address": "",
        "category": "버스 정류소",
        "sourceId": "osm:node/2494644242",
        "sourceUrl": "https://www.openstreetmap.org/node/2494644242",
        "date": "2026-10-02",
        "coordinateSource": "OSM node geometry",
        "districtId": "4831032000",
        "districtName": "동부면"
      }
    },
    {
      "type": "Feature",
      "geometry": {
        "type": "Point",
        "coordinates": [
          128.6136471,
          34.8911252
        ]
      },
      "properties": {
        "name": "이름 미등록 버스 정류소",
        "address": "",
        "category": "버스 정류소",
        "sourceId": "osm:node/2494806608",
        "sourceUrl": "https://www.openstreetmap.org/node/2494806608",
        "date": "2026-10-02",
        "coordinateSource": "OSM node geometry",
        "districtId": "4831057000",
        "districtName": "장평동"
      }
    },
    {
      "type": "Feature",
      "geometry": {
        "type": "Point",
        "coordinates": [
          128.6391956,
          34.773095
        ]
      },
      "properties": {
        "name": "학동",
        "address": "",
        "category": "버스 정류소",
        "sourceId": "osm:node/2494806761",
        "sourceUrl": "https://www.openstreetmap.org/node/2494806761",
        "date": "2026-10-02",
        "coordinateSource": "OSM node geometry",
        "districtId": "4831032000",
        "districtName": "동부면"
      }
    },
    {
      "type": "Feature",
      "geometry": {
        "type": "Point",
        "coordinates": [
          128.5896515,
          34.9057533
        ]
      },
      "properties": {
        "name": "Dining Hall D",
        "address": "",
        "category": "버스 정류소",
        "sourceId": "osm:node/2501723293",
        "sourceUrl": "https://www.openstreetmap.org/node/2501723293",
        "date": "2026-10-02",
        "coordinateSource": "OSM node geometry",
        "districtId": "4831057000",
        "districtName": "장평동"
      }
    },
    {
      "type": "Feature",
      "geometry": {
        "type": "Point",
        "coordinates": [
          128.5894584,
          34.9057532
        ]
      },
      "properties": {
        "name": "Dining Hall D",
        "address": "",
        "category": "버스 정류소",
        "sourceId": "osm:node/2501723294",
        "sourceUrl": "https://www.openstreetmap.org/node/2501723294",
        "date": "2026-10-02",
        "coordinateSource": "OSM node geometry",
        "districtId": "4831057000",
        "districtName": "장평동"
      }
    },
    {
      "type": "Feature",
      "geometry": {
        "type": "Point",
        "coordinates": [
          128.6066044,
          34.8952905
        ]
      },
      "properties": {
        "name": "Main Gate",
        "address": "",
        "category": "버스 정류소",
        "sourceId": "osm:node/2501733074",
        "sourceUrl": "https://www.openstreetmap.org/node/2501733074",
        "date": "2026-10-02",
        "coordinateSource": "OSM node geometry",
        "districtId": "4831057000",
        "districtName": "장평동"
      }
    },
    {
      "type": "Feature",
      "geometry": {
        "type": "Point",
        "coordinates": [
          128.5996299,
          34.8963657
        ]
      },
      "properties": {
        "name": "Production Support Office",
        "address": "",
        "category": "버스 정류소",
        "sourceId": "osm:node/2501742653",
        "sourceUrl": "https://www.openstreetmap.org/node/2501742653",
        "date": "2026-10-02",
        "coordinateSource": "OSM node geometry",
        "districtId": "4831057000",
        "districtName": "장평동"
      }
    },
    {
      "type": "Feature",
      "geometry": {
        "type": "Point",
        "coordinates": [
          128.6034995,
          34.8958258
        ]
      },
      "properties": {
        "name": "Factory Gate",
        "address": "",
        "category": "버스 정류소",
        "sourceId": "osm:node/2502407813",
        "sourceUrl": "https://www.openstreetmap.org/node/2502407813",
        "date": "2026-10-02",
        "coordinateSource": "OSM node geometry",
        "districtId": "4831057000",
        "districtName": "장평동"
      }
    },
    {
      "type": "Feature",
      "geometry": {
        "type": "Point",
        "coordinates": [
          128.5915505,
          34.8988482
        ]
      },
      "properties": {
        "name": "3 Dock Head",
        "address": "",
        "category": "버스 정류소",
        "sourceId": "osm:node/2502407814",
        "sourceUrl": "https://www.openstreetmap.org/node/2502407814",
        "date": "2026-10-02",
        "coordinateSource": "OSM node geometry",
        "districtId": "4831057000",
        "districtName": "장평동"
      }
    },
    {
      "type": "Feature",
      "geometry": {
        "type": "Point",
        "coordinates": [
          128.5945302,
          34.90239
        ]
      },
      "properties": {
        "name": "Yard Work Support Office",
        "address": "",
        "category": "버스 정류소",
        "sourceId": "osm:node/2502407815",
        "sourceUrl": "https://www.openstreetmap.org/node/2502407815",
        "date": "2026-10-02",
        "coordinateSource": "OSM node geometry",
        "districtId": "4831057000",
        "districtName": "장평동"
      }
    },
    {
      "type": "Feature",
      "geometry": {
        "type": "Point",
        "coordinates": [
          128.5978776,
          34.8992597
        ]
      },
      "properties": {
        "name": "Offshore 3 way",
        "address": "",
        "category": "버스 정류소",
        "sourceId": "osm:node/2502407816",
        "sourceUrl": "https://www.openstreetmap.org/node/2502407816",
        "date": "2026-10-02",
        "coordinateSource": "OSM node geometry",
        "districtId": "4831057000",
        "districtName": "장평동"
      }
    },
    {
      "type": "Feature",
      "geometry": {
        "type": "Point",
        "coordinates": [
          128.601056,
          34.8971765
        ]
      },
      "properties": {
        "name": "Design 1 Office",
        "address": "",
        "category": "버스 정류소",
        "sourceId": "osm:node/2502407817",
        "sourceUrl": "https://www.openstreetmap.org/node/2502407817",
        "date": "2026-10-02",
        "coordinateSource": "OSM node geometry",
        "districtId": "4831057000",
        "districtName": "장평동"
      }
    },
    {
      "type": "Feature",
      "geometry": {
        "type": "Point",
        "coordinates": [
          128.6009809,
          34.8971347
        ]
      },
      "properties": {
        "name": "Design 1 Office",
        "address": "",
        "category": "버스 정류소",
        "sourceId": "osm:node/2502407818",
        "sourceUrl": "https://www.openstreetmap.org/node/2502407818",
        "date": "2026-10-02",
        "coordinateSource": "OSM node geometry",
        "districtId": "4831057000",
        "districtName": "장평동"
      }
    },
    {
      "type": "Feature",
      "geometry": {
        "type": "Point",
        "coordinates": [
          128.5913547,
          34.8988461
        ]
      },
      "properties": {
        "name": "3 Dock Head",
        "address": "",
        "category": "버스 정류소",
        "sourceId": "osm:node/2502407821",
        "sourceUrl": "https://www.openstreetmap.org/node/2502407821",
        "date": "2026-10-02",
        "coordinateSource": "OSM node geometry",
        "districtId": "4831057000",
        "districtName": "장평동"
      }
    },
    {
      "type": "Feature",
      "geometry": {
        "type": "Point",
        "coordinates": [
          128.5945141,
          34.9025045
        ]
      },
      "properties": {
        "name": "Yard Work Support Office",
        "address": "",
        "category": "버스 정류소",
        "sourceId": "osm:node/2502407823",
        "sourceUrl": "https://www.openstreetmap.org/node/2502407823",
        "date": "2026-10-02",
        "coordinateSource": "OSM node geometry",
        "districtId": "4831057000",
        "districtName": "장평동"
      }
    },
    {
      "type": "Feature",
      "geometry": {
        "type": "Point",
        "coordinates": [
          128.5954368,
          34.8986965
        ]
      },
      "properties": {
        "name": "Business Support Center",
        "address": "",
        "category": "버스 정류소",
        "sourceId": "osm:node/2502407825",
        "sourceUrl": "https://www.openstreetmap.org/node/2502407825",
        "date": "2026-10-02",
        "coordinateSource": "OSM node geometry",
        "districtId": "4831057000",
        "districtName": "장평동"
      }
    },
    {
      "type": "Feature",
      "geometry": {
        "type": "Point",
        "coordinates": [
          128.59541,
          34.898833
        ]
      },
      "properties": {
        "name": "Business Support Center",
        "address": "",
        "category": "버스 정류소",
        "sourceId": "osm:node/2502407826",
        "sourceUrl": "https://www.openstreetmap.org/node/2502407826",
        "date": "2026-10-02",
        "coordinateSource": "OSM node geometry",
        "districtId": "4831057000",
        "districtName": "장평동"
      }
    },
    {
      "type": "Feature",
      "geometry": {
        "type": "Point",
        "coordinates": [
          128.5980466,
          34.8992839
        ]
      },
      "properties": {
        "name": "Offshore 3 way",
        "address": "",
        "category": "버스 정류소",
        "sourceId": "osm:node/2502407827",
        "sourceUrl": "https://www.openstreetmap.org/node/2502407827",
        "date": "2026-10-02",
        "coordinateSource": "OSM node geometry",
        "districtId": "4831057000",
        "districtName": "장평동"
      }
    },
    {
      "type": "Feature",
      "geometry": {
        "type": "Point",
        "coordinates": [
          128.5975745,
          34.9010833
        ]
      },
      "properties": {
        "name": "Dining Hall C2",
        "address": "",
        "category": "버스 정류소",
        "sourceId": "osm:node/2502407828",
        "sourceUrl": "https://www.openstreetmap.org/node/2502407828",
        "date": "2026-10-02",
        "coordinateSource": "OSM node geometry",
        "districtId": "4831057000",
        "districtName": "장평동"
      }
    },
    {
      "type": "Feature",
      "geometry": {
        "type": "Point",
        "coordinates": [
          128.5977408,
          34.9011076
        ]
      },
      "properties": {
        "name": "Dining Hall C2",
        "address": "",
        "category": "버스 정류소",
        "sourceId": "osm:node/2502407829",
        "sourceUrl": "https://www.openstreetmap.org/node/2502407829",
        "date": "2026-10-02",
        "coordinateSource": "OSM node geometry",
        "districtId": "4831057000",
        "districtName": "장평동"
      }
    },
    {
      "type": "Feature",
      "geometry": {
        "type": "Point",
        "coordinates": [
          128.6035049,
          34.8956916
        ]
      },
      "properties": {
        "name": "Factory Gate",
        "address": "",
        "category": "버스 정류소",
        "sourceId": "osm:node/2502407830",
        "sourceUrl": "https://www.openstreetmap.org/node/2502407830",
        "date": "2026-10-02",
        "coordinateSource": "OSM node geometry",
        "districtId": "4831057000",
        "districtName": "장평동"
      }
    },
    {
      "type": "Feature",
      "geometry": {
        "type": "Point",
        "coordinates": [
          128.608703,
          34.8983117
        ]
      },
      "properties": {
        "name": "Ferry Factory",
        "address": "",
        "category": "버스 정류소",
        "sourceId": "osm:node/2502407831",
        "sourceUrl": "https://www.openstreetmap.org/node/2502407831",
        "date": "2026-10-02",
        "coordinateSource": "OSM node geometry",
        "districtId": "4831057000",
        "districtName": "장평동"
      }
    },
    {
      "type": "Feature",
      "geometry": {
        "type": "Point",
        "coordinates": [
          128.6052811,
          34.9035867
        ]
      },
      "properties": {
        "name": "Dining Hall B",
        "address": "",
        "category": "버스 정류소",
        "sourceId": "osm:node/2502553406",
        "sourceUrl": "https://www.openstreetmap.org/node/2502553406",
        "date": "2026-10-02",
        "coordinateSource": "OSM node geometry",
        "districtId": "4831057000",
        "districtName": "장평동"
      }
    },
    {
      "type": "Feature",
      "geometry": {
        "type": "Point",
        "coordinates": [
          128.6030654,
          34.9010415
        ]
      },
      "properties": {
        "name": "Field Work Office",
        "address": "",
        "category": "버스 정류소",
        "sourceId": "osm:node/2502553418",
        "sourceUrl": "https://www.openstreetmap.org/node/2502553418",
        "date": "2026-10-02",
        "coordinateSource": "OSM node geometry",
        "districtId": "4831057000",
        "districtName": "장평동"
      }
    },
    {
      "type": "Feature",
      "geometry": {
        "type": "Point",
        "coordinates": [
          128.6054796,
          34.8999989
        ]
      },
      "properties": {
        "name": "1 Dock Head",
        "address": "",
        "category": "버스 정류소",
        "sourceId": "osm:node/2502553420",
        "sourceUrl": "https://www.openstreetmap.org/node/2502553420",
        "date": "2026-10-02",
        "coordinateSource": "OSM node geometry",
        "districtId": "4831057000",
        "districtName": "장평동"
      }
    },
    {
      "type": "Feature",
      "geometry": {
        "type": "Point",
        "coordinates": [
          128.6055037,
          34.8998691
        ]
      },
      "properties": {
        "name": "1 Dock Head",
        "address": "",
        "category": "버스 정류소",
        "sourceId": "osm:node/2502553430",
        "sourceUrl": "https://www.openstreetmap.org/node/2502553430",
        "date": "2026-10-02",
        "coordinateSource": "OSM node geometry",
        "districtId": "4831057000",
        "districtName": "장평동"
      }
    },
    {
      "type": "Feature",
      "geometry": {
        "type": "Point",
        "coordinates": [
          128.5831326,
          34.9129571
        ]
      },
      "properties": {
        "name": "G4 Dock Gate",
        "address": "",
        "category": "버스 정류소",
        "sourceId": "osm:node/2505557466",
        "sourceUrl": "https://www.openstreetmap.org/node/2505557466",
        "date": "2026-10-02",
        "coordinateSource": "OSM node geometry",
        "districtId": "4831036000",
        "districtName": "사등면"
      }
    },
    {
      "type": "Feature",
      "geometry": {
        "type": "Point",
        "coordinates": [
          128.5831219,
          34.9130253
        ]
      },
      "properties": {
        "name": "G4 Dock Gate",
        "address": "",
        "category": "버스 정류소",
        "sourceId": "osm:node/2505557469",
        "sourceUrl": "https://www.openstreetmap.org/node/2505557469",
        "date": "2026-10-02",
        "coordinateSource": "OSM node geometry",
        "districtId": "4831036000",
        "districtName": "사등면"
      }
    },
    {
      "type": "Feature",
      "geometry": {
        "type": "Point",
        "coordinates": [
          128.6017065,
          34.8976599
        ]
      },
      "properties": {
        "name": "Production 1 Office",
        "address": "",
        "category": "버스 정류소",
        "sourceId": "osm:node/2505754525",
        "sourceUrl": "https://www.openstreetmap.org/node/2505754525",
        "date": "2026-10-02",
        "coordinateSource": "OSM node geometry",
        "districtId": "4831057000",
        "districtName": "장평동"
      }
    },
    {
      "type": "Feature",
      "geometry": {
        "type": "Point",
        "coordinates": [
          128.6035277,
          34.8971452
        ]
      },
      "properties": {
        "name": "Hull Shop",
        "address": "",
        "category": "버스 정류소",
        "sourceId": "osm:node/2505754526",
        "sourceUrl": "https://www.openstreetmap.org/node/2505754526",
        "date": "2026-10-02",
        "coordinateSource": "OSM node geometry",
        "districtId": "4831057000",
        "districtName": "장평동"
      }
    },
    {
      "type": "Feature",
      "geometry": {
        "type": "Point",
        "coordinates": [
          128.6017065,
          34.8977656
        ]
      },
      "properties": {
        "name": "Production 1 Office",
        "address": "",
        "category": "버스 정류소",
        "sourceId": "osm:node/2505754529",
        "sourceUrl": "https://www.openstreetmap.org/node/2505754529",
        "date": "2026-10-02",
        "coordinateSource": "OSM node geometry",
        "districtId": "4831057000",
        "districtName": "장평동"
      }
    },
    {
      "type": "Feature",
      "geometry": {
        "type": "Point",
        "coordinates": [
          128.6036699,
          34.8971694
        ]
      },
      "properties": {
        "name": "Hull Shop",
        "address": "",
        "category": "버스 정류소",
        "sourceId": "osm:node/2505754532",
        "sourceUrl": "https://www.openstreetmap.org/node/2505754532",
        "date": "2026-10-02",
        "coordinateSource": "OSM node geometry",
        "districtId": "4831057000",
        "districtName": "장평동"
      }
    },
    {
      "type": "Feature",
      "geometry": {
        "type": "Point",
        "coordinates": [
          128.6051526,
          34.8869254
        ]
      },
      "properties": {
        "name": "장평원룸촌",
        "address": "",
        "category": "버스 정류소",
        "sourceId": "osm:node/2508167938",
        "sourceUrl": "https://www.openstreetmap.org/node/2508167938",
        "date": "2026-10-02",
        "coordinateSource": "OSM node geometry",
        "districtId": "4831057000",
        "districtName": "장평동"
      }
    },
    {
      "type": "Feature",
      "geometry": {
        "type": "Point",
        "coordinates": [
          128.6159029,
          34.890626
        ]
      },
      "properties": {
        "name": "디큐브백화점",
        "address": "",
        "category": "버스 정류소",
        "sourceId": "osm:node/2508167966",
        "sourceUrl": "https://www.openstreetmap.org/node/2508167966",
        "date": "2026-10-02",
        "coordinateSource": "OSM node geometry",
        "districtId": "4831057000",
        "districtName": "장평동"
      }
    },
    {
      "type": "Feature",
      "geometry": {
        "type": "Point",
        "coordinates": [
          128.6032202,
          34.8880891
        ]
      },
      "properties": {
        "name": "거제기상관측소",
        "address": "",
        "category": "버스 정류소",
        "sourceId": "osm:node/2508167969",
        "sourceUrl": "https://www.openstreetmap.org/node/2508167969",
        "date": "2026-10-02",
        "coordinateSource": "OSM node geometry",
        "districtId": "4831057000",
        "districtName": "장평동"
      }
    },
    {
      "type": "Feature",
      "geometry": {
        "type": "Point",
        "coordinates": [
          128.5971167,
          34.8895346
        ]
      },
      "properties": {
        "name": "이름 미등록 버스 정류소",
        "address": "",
        "category": "버스 정류소",
        "sourceId": "osm:node/2508641909",
        "sourceUrl": "https://www.openstreetmap.org/node/2508641909",
        "date": "2026-10-02",
        "coordinateSource": "OSM node geometry",
        "districtId": "4831057000",
        "districtName": "장평동"
      }
    },
    {
      "type": "Feature",
      "geometry": {
        "type": "Point",
        "coordinates": [
          128.6091668,
          34.8862536
        ]
      },
      "properties": {
        "name": "덕산아내APT",
        "address": "",
        "category": "버스 정류소",
        "sourceId": "osm:node/2508641916",
        "sourceUrl": "https://www.openstreetmap.org/node/2508641916",
        "date": "2026-10-02",
        "coordinateSource": "OSM node geometry",
        "districtId": "4831057000",
        "districtName": "장평동"
      }
    },
    {
      "type": "Feature",
      "geometry": {
        "type": "Point",
        "coordinates": [
          128.6083601,
          34.8870115
        ]
      },
      "properties": {
        "name": "덕산아내APT",
        "address": "",
        "category": "버스 정류소",
        "sourceId": "osm:node/2508641924",
        "sourceUrl": "https://www.openstreetmap.org/node/2508641924",
        "date": "2026-10-02",
        "coordinateSource": "OSM node geometry",
        "districtId": "4831057000",
        "districtName": "장평동"
      }
    },
    {
      "type": "Feature",
      "geometry": {
        "type": "Point",
        "coordinates": [
          128.6278584,
          34.8843282
        ]
      },
      "properties": {
        "name": "계룡중학교",
        "address": "",
        "category": "버스 정류소",
        "sourceId": "osm:node/2509098544",
        "sourceUrl": "https://www.openstreetmap.org/node/2509098544",
        "date": "2026-10-02",
        "coordinateSource": "OSM node geometry",
        "districtId": "4831058000",
        "districtName": "고현동"
      }
    },
    {
      "type": "Feature",
      "geometry": {
        "type": "Point",
        "coordinates": [
          128.6624495,
          34.7407465
        ]
      },
      "properties": {
        "name": "도장포",
        "address": "",
        "category": "버스 정류소",
        "sourceId": "osm:node/2509103138",
        "sourceUrl": "https://www.openstreetmap.org/node/2509103138",
        "date": "2026-10-02",
        "coordinateSource": "OSM node geometry",
        "districtId": "4831033000",
        "districtName": "남부면"
      }
    },
    {
      "type": "Feature",
      "geometry": {
        "type": "Point",
        "coordinates": [
          128.6622215,
          34.740623
        ]
      },
      "properties": {
        "name": "도장포",
        "address": "",
        "category": "버스 정류소",
        "sourceId": "osm:node/2509103146",
        "sourceUrl": "https://www.openstreetmap.org/node/2509103146",
        "date": "2026-10-02",
        "coordinateSource": "OSM node geometry",
        "districtId": "4831033000",
        "districtName": "남부면"
      }
    },
    {
      "type": "Feature",
      "geometry": {
        "type": "Point",
        "coordinates": [
          128.6518172,
          34.7412711
        ]
      },
      "properties": {
        "name": "함목",
        "address": "",
        "category": "버스 정류소",
        "sourceId": "osm:node/2509103149",
        "sourceUrl": "https://www.openstreetmap.org/node/2509103149",
        "date": "2026-10-02",
        "coordinateSource": "OSM node geometry",
        "districtId": "4831033000",
        "districtName": "남부면"
      }
    },
    {
      "type": "Feature",
      "geometry": {
        "type": "Point",
        "coordinates": [
          128.6738096,
          34.7381525
        ]
      },
      "properties": {
        "name": "해금강종점",
        "address": "",
        "category": "버스 정류소",
        "sourceId": "osm:node/2509103152",
        "sourceUrl": "https://www.openstreetmap.org/node/2509103152",
        "date": "2026-10-02",
        "coordinateSource": "OSM node geometry",
        "districtId": "4831033000",
        "districtName": "남부면"
      }
    },
    {
      "type": "Feature",
      "geometry": {
        "type": "Point",
        "coordinates": [
          128.6523535,
          34.7412071
        ]
      },
      "properties": {
        "name": "함목",
        "address": "",
        "category": "버스 정류소",
        "sourceId": "osm:node/2509103156",
        "sourceUrl": "https://www.openstreetmap.org/node/2509103156",
        "date": "2026-10-02",
        "coordinateSource": "OSM node geometry",
        "districtId": "4831033000",
        "districtName": "남부면"
      }
    },
    {
      "type": "Feature",
      "geometry": {
        "type": "Point",
        "coordinates": [
          128.5848935,
          34.7632271
        ]
      },
      "properties": {
        "name": "쌍근종점",
        "address": "",
        "category": "버스 정류소",
        "sourceId": "osm:node/2509332815",
        "sourceUrl": "https://www.openstreetmap.org/node/2509332815",
        "date": "2026-10-02",
        "coordinateSource": "OSM node geometry",
        "districtId": "4831033000",
        "districtName": "남부면"
      }
    },
    {
      "type": "Feature",
      "geometry": {
        "type": "Point",
        "coordinates": [
          128.610393,
          34.7313808
        ]
      },
      "properties": {
        "name": "남부면사무소",
        "address": "",
        "category": "버스 정류소",
        "sourceId": "osm:node/2509332930",
        "sourceUrl": "https://www.openstreetmap.org/node/2509332930",
        "date": "2026-10-02",
        "coordinateSource": "OSM node geometry",
        "districtId": "4831033000",
        "districtName": "남부면"
      }
    },
    {
      "type": "Feature",
      "geometry": {
        "type": "Point",
        "coordinates": [
          128.6207816,
          34.7293526
        ]
      },
      "properties": {
        "name": "다포마을",
        "address": "",
        "category": "버스 정류소",
        "sourceId": "osm:node/2509332955",
        "sourceUrl": "https://www.openstreetmap.org/node/2509332955",
        "date": "2026-10-02",
        "coordinateSource": "OSM node geometry",
        "districtId": "4831033000",
        "districtName": "남부면"
      }
    },
    {
      "type": "Feature",
      "geometry": {
        "type": "Point",
        "coordinates": [
          128.6083199,
          34.733812
        ]
      },
      "properties": {
        "name": "저구마을",
        "address": "",
        "category": "버스 정류소",
        "sourceId": "osm:node/2509332976",
        "sourceUrl": "https://www.openstreetmap.org/node/2509332976",
        "date": "2026-10-02",
        "coordinateSource": "OSM node geometry",
        "districtId": "4831033000",
        "districtName": "남부면"
      }
    },
    {
      "type": "Feature",
      "geometry": {
        "type": "Point",
        "coordinates": [
          128.640997,
          34.7752172
        ]
      },
      "properties": {
        "name": "학동삼거리",
        "address": "",
        "category": "버스 정류소",
        "sourceId": "osm:node/2509333055",
        "sourceUrl": "https://www.openstreetmap.org/node/2509333055",
        "date": "2026-10-02",
        "coordinateSource": "OSM node geometry",
        "districtId": "4831032000",
        "districtName": "동부면"
      }
    },
    {
      "type": "Feature",
      "geometry": {
        "type": "Point",
        "coordinates": [
          128.6408739,
          34.775191
        ]
      },
      "properties": {
        "name": "학동삼거리",
        "address": "",
        "category": "버스 정류소",
        "sourceId": "osm:node/2509333061",
        "sourceUrl": "https://www.openstreetmap.org/node/2509333061",
        "date": "2026-10-02",
        "coordinateSource": "OSM node geometry",
        "districtId": "4831032000",
        "districtName": "동부면"
      }
    },
    {
      "type": "Feature",
      "geometry": {
        "type": "Point",
        "coordinates": [
          128.6281445,
          34.7148503
        ]
      },
      "properties": {
        "name": "여차해수욕장",
        "address": "",
        "category": "버스 정류소",
        "sourceId": "osm:node/2509333066",
        "sourceUrl": "https://www.openstreetmap.org/node/2509333066",
        "date": "2026-10-02",
        "coordinateSource": "OSM node geometry",
        "districtId": "4831033000",
        "districtName": "남부면"
      }
    },
    {
      "type": "Feature",
      "geometry": {
        "type": "Point",
        "coordinates": [
          128.6940781,
          34.8900409
        ]
      },
      "properties": {
        "name": "옥포1동주민센터",
        "address": "",
        "category": "버스 정류소",
        "sourceId": "osm:node/4003575764",
        "sourceUrl": "https://www.openstreetmap.org/node/4003575764",
        "date": "2026-10-02",
        "coordinateSource": "OSM node geometry",
        "districtId": "4831055000",
        "districtName": "옥포1동"
      }
    },
    {
      "type": "Feature",
      "geometry": {
        "type": "Point",
        "coordinates": [
          128.6943785,
          34.8903643
        ]
      },
      "properties": {
        "name": "옥포1동주민센터",
        "address": "",
        "category": "버스 정류소",
        "sourceId": "osm:node/4003575766",
        "sourceUrl": "https://www.openstreetmap.org/node/4003575766",
        "date": "2026-10-02",
        "coordinateSource": "OSM node geometry",
        "districtId": "4831055000",
        "districtName": "옥포1동"
      }
    },
    {
      "type": "Feature",
      "geometry": {
        "type": "Point",
        "coordinates": [
          128.6909642,
          34.8893785
        ]
      },
      "properties": {
        "name": "Okpo-sageori",
        "address": "",
        "category": "버스 정류소",
        "sourceId": "osm:node/4003717147",
        "sourceUrl": "https://www.openstreetmap.org/node/4003717147",
        "date": "2026-10-02",
        "coordinateSource": "OSM node geometry",
        "districtId": "4831055000",
        "districtName": "옥포1동"
      }
    },
    {
      "type": "Feature",
      "geometry": {
        "type": "Point",
        "coordinates": [
          128.6909516,
          34.8889963
        ]
      },
      "properties": {
        "name": "이름 미등록 버스 정류소",
        "address": "",
        "category": "버스 정류소",
        "sourceId": "osm:node/4003717148",
        "sourceUrl": "https://www.openstreetmap.org/node/4003717148",
        "date": "2026-10-02",
        "coordinateSource": "OSM node geometry",
        "districtId": "4831055000",
        "districtName": "옥포1동"
      }
    },
    {
      "type": "Feature",
      "geometry": {
        "type": "Point",
        "coordinates": [
          128.694811,
          34.8936028
        ]
      },
      "properties": {
        "name": "이름 미등록 버스 정류소",
        "address": "",
        "category": "버스 정류소",
        "sourceId": "osm:node/4015853311",
        "sourceUrl": "https://www.openstreetmap.org/node/4015853311",
        "date": "2026-10-02",
        "coordinateSource": "OSM node geometry",
        "districtId": "4831055000",
        "districtName": "옥포1동"
      }
    },
    {
      "type": "Feature",
      "geometry": {
        "type": "Point",
        "coordinates": [
          128.7034179,
          34.8983501
        ]
      },
      "properties": {
        "name": "이름 미등록 버스 정류소",
        "address": "",
        "category": "버스 정류소",
        "sourceId": "osm:node/4017681191",
        "sourceUrl": "https://www.openstreetmap.org/node/4017681191",
        "date": "2026-10-02",
        "coordinateSource": "OSM node geometry",
        "districtId": "4831056000",
        "districtName": "옥포2동"
      }
    },
    {
      "type": "Feature",
      "geometry": {
        "type": "Point",
        "coordinates": [
          128.6927692,
          34.8871574
        ]
      },
      "properties": {
        "name": "이름 미등록 버스 정류소",
        "address": "",
        "category": "버스 정류소",
        "sourceId": "osm:node/4264185271",
        "sourceUrl": "https://www.openstreetmap.org/node/4264185271",
        "date": "2026-10-02",
        "coordinateSource": "OSM node geometry",
        "districtId": "4831055000",
        "districtName": "옥포1동"
      }
    },
    {
      "type": "Feature",
      "geometry": {
        "type": "Point",
        "coordinates": [
          128.690378,
          34.8934848
        ]
      },
      "properties": {
        "name": "옥포국제시장",
        "address": "",
        "category": "버스 정류소",
        "sourceId": "osm:node/4316938491",
        "sourceUrl": "https://www.openstreetmap.org/node/4316938491",
        "date": "2026-10-02",
        "coordinateSource": "OSM node geometry",
        "districtId": "4831055000",
        "districtName": "옥포1동"
      }
    },
    {
      "type": "Feature",
      "geometry": {
        "type": "Point",
        "coordinates": [
          128.6459267,
          34.9093206
        ]
      },
      "properties": {
        "name": "이름 미등록 버스 정류소",
        "address": "",
        "category": "버스 정류소",
        "sourceId": "osm:node/4469546290",
        "sourceUrl": "https://www.openstreetmap.org/node/4469546290",
        "date": "2026-10-02",
        "coordinateSource": "OSM node geometry",
        "districtId": "4831037000",
        "districtName": "연초면"
      }
    },
    {
      "type": "Feature",
      "geometry": {
        "type": "Point",
        "coordinates": [
          128.6859011,
          34.8952478
        ]
      },
      "properties": {
        "name": "거제소방서",
        "address": "",
        "category": "버스 정류소",
        "sourceId": "osm:node/4469546291",
        "sourceUrl": "https://www.openstreetmap.org/node/4469546291",
        "date": "2026-10-02",
        "coordinateSource": "OSM node geometry",
        "districtId": "4831056000",
        "districtName": "옥포2동"
      }
    },
    {
      "type": "Feature",
      "geometry": {
        "type": "Point",
        "coordinates": [
          128.6818964,
          34.9065978
        ]
      },
      "properties": {
        "name": "이름 미등록 버스 정류소",
        "address": "",
        "category": "버스 정류소",
        "sourceId": "osm:node/4469550490",
        "sourceUrl": "https://www.openstreetmap.org/node/4469550490",
        "date": "2026-10-02",
        "coordinateSource": "OSM node geometry",
        "districtId": "4831037000",
        "districtName": "연초면"
      }
    },
    {
      "type": "Feature",
      "geometry": {
        "type": "Point",
        "coordinates": [
          128.6882492,
          34.892278
        ]
      },
      "properties": {
        "name": "이름 미등록 버스 정류소",
        "address": "",
        "category": "버스 정류소",
        "sourceId": "osm:node/4469550491",
        "sourceUrl": "https://www.openstreetmap.org/node/4469550491",
        "date": "2026-10-02",
        "coordinateSource": "OSM node geometry",
        "districtId": "4831055000",
        "districtName": "옥포1동"
      }
    },
    {
      "type": "Feature",
      "geometry": {
        "type": "Point",
        "coordinates": [
          128.6932035,
          34.8767995
        ]
      },
      "properties": {
        "name": "이름 미등록 버스 정류소",
        "address": "",
        "category": "버스 정류소",
        "sourceId": "osm:node/4469550492",
        "sourceUrl": "https://www.openstreetmap.org/node/4469550492",
        "date": "2026-10-02",
        "coordinateSource": "OSM node geometry",
        "districtId": "4831054000",
        "districtName": "아주동"
      }
    },
    {
      "type": "Feature",
      "geometry": {
        "type": "Point",
        "coordinates": [
          128.6430943,
          34.895199
        ]
      },
      "properties": {
        "name": "이름 미등록 버스 정류소",
        "address": "",
        "category": "버스 정류소",
        "sourceId": "osm:node/4469551489",
        "sourceUrl": "https://www.openstreetmap.org/node/4469551489",
        "date": "2026-10-02",
        "coordinateSource": "OSM node geometry",
        "districtId": "4831060000",
        "districtName": "수양동"
      }
    },
    {
      "type": "Feature",
      "geometry": {
        "type": "Point",
        "coordinates": [
          128.7054112,
          34.8270909
        ]
      },
      "properties": {
        "name": "이름 미등록 버스 정류소",
        "address": "",
        "category": "버스 정류소",
        "sourceId": "osm:node/4469551490",
        "sourceUrl": "https://www.openstreetmap.org/node/4469551490",
        "date": "2026-10-02",
        "coordinateSource": "OSM node geometry",
        "districtId": "4831031000",
        "districtName": "일운면"
      }
    },
    {
      "type": "Feature",
      "geometry": {
        "type": "Point",
        "coordinates": [
          128.6949037,
          34.8055681
        ]
      },
      "properties": {
        "name": "이름 미등록 버스 정류소",
        "address": "",
        "category": "버스 정류소",
        "sourceId": "osm:node/4469551491",
        "sourceUrl": "https://www.openstreetmap.org/node/4469551491",
        "date": "2026-10-02",
        "coordinateSource": "OSM node geometry",
        "districtId": "4831031000",
        "districtName": "일운면"
      }
    },
    {
      "type": "Feature",
      "geometry": {
        "type": "Point",
        "coordinates": [
          128.6432628,
          34.897905
        ]
      },
      "properties": {
        "name": "이름 미등록 버스 정류소",
        "address": "",
        "category": "버스 정류소",
        "sourceId": "osm:node/4469551689",
        "sourceUrl": "https://www.openstreetmap.org/node/4469551689",
        "date": "2026-10-02",
        "coordinateSource": "OSM node geometry",
        "districtId": "4831037000",
        "districtName": "연초면"
      }
    },
    {
      "type": "Feature",
      "geometry": {
        "type": "Point",
        "coordinates": [
          128.6950446,
          34.8055435
        ]
      },
      "properties": {
        "name": "이름 미등록 버스 정류소",
        "address": "",
        "category": "버스 정류소",
        "sourceId": "osm:node/4469551690",
        "sourceUrl": "https://www.openstreetmap.org/node/4469551690",
        "date": "2026-10-02",
        "coordinateSource": "OSM node geometry",
        "districtId": "4831031000",
        "districtName": "일운면"
      }
    },
    {
      "type": "Feature",
      "geometry": {
        "type": "Point",
        "coordinates": [
          128.6562382,
          34.9139204
        ]
      },
      "properties": {
        "name": "이름 미등록 버스 정류소",
        "address": "",
        "category": "버스 정류소",
        "sourceId": "osm:node/4469551789",
        "sourceUrl": "https://www.openstreetmap.org/node/4469551789",
        "date": "2026-10-02",
        "coordinateSource": "OSM node geometry",
        "districtId": "4831037000",
        "districtName": "연초면"
      }
    },
    {
      "type": "Feature",
      "geometry": {
        "type": "Point",
        "coordinates": [
          128.6914844,
          34.8736158
        ]
      },
      "properties": {
        "name": "이름 미등록 버스 정류소",
        "address": "",
        "category": "버스 정류소",
        "sourceId": "osm:node/4469551790",
        "sourceUrl": "https://www.openstreetmap.org/node/4469551790",
        "date": "2026-10-02",
        "coordinateSource": "OSM node geometry",
        "districtId": "4831054000",
        "districtName": "아주동"
      }
    },
    {
      "type": "Feature",
      "geometry": {
        "type": "Point",
        "coordinates": [
          128.6984927,
          34.8367043
        ]
      },
      "properties": {
        "name": "이름 미등록 버스 정류소",
        "address": "",
        "category": "버스 정류소",
        "sourceId": "osm:node/4469551890",
        "sourceUrl": "https://www.openstreetmap.org/node/4469551890",
        "date": "2026-10-02",
        "coordinateSource": "OSM node geometry",
        "districtId": "4831031000",
        "districtName": "일운면"
      }
    },
    {
      "type": "Feature",
      "geometry": {
        "type": "Point",
        "coordinates": [
          128.6986622,
          34.8367065
        ]
      },
      "properties": {
        "name": "이름 미등록 버스 정류소",
        "address": "",
        "category": "버스 정류소",
        "sourceId": "osm:node/4469551891",
        "sourceUrl": "https://www.openstreetmap.org/node/4469551891",
        "date": "2026-10-02",
        "coordinateSource": "OSM node geometry",
        "districtId": "4831031000",
        "districtName": "일운면"
      }
    },
    {
      "type": "Feature",
      "geometry": {
        "type": "Point",
        "coordinates": [
          128.6996029,
          34.8344689
        ]
      },
      "properties": {
        "name": "이름 미등록 버스 정류소",
        "address": "",
        "category": "버스 정류소",
        "sourceId": "osm:node/4469551892",
        "sourceUrl": "https://www.openstreetmap.org/node/4469551892",
        "date": "2026-10-02",
        "coordinateSource": "OSM node geometry",
        "districtId": "4831031000",
        "districtName": "일운면"
      }
    },
    {
      "type": "Feature",
      "geometry": {
        "type": "Point",
        "coordinates": [
          128.6997977,
          34.834577
        ]
      },
      "properties": {
        "name": "이름 미등록 버스 정류소",
        "address": "",
        "category": "버스 정류소",
        "sourceId": "osm:node/4469551893",
        "sourceUrl": "https://www.openstreetmap.org/node/4469551893",
        "date": "2026-10-02",
        "coordinateSource": "OSM node geometry",
        "districtId": "4831031000",
        "districtName": "일운면"
      }
    },
    {
      "type": "Feature",
      "geometry": {
        "type": "Point",
        "coordinates": [
          128.7041754,
          34.8144032
        ]
      },
      "properties": {
        "name": "이름 미등록 버스 정류소",
        "address": "",
        "category": "버스 정류소",
        "sourceId": "osm:node/4469551896",
        "sourceUrl": "https://www.openstreetmap.org/node/4469551896",
        "date": "2026-10-02",
        "coordinateSource": "OSM node geometry",
        "districtId": "4831031000",
        "districtName": "일운면"
      }
    },
    {
      "type": "Feature",
      "geometry": {
        "type": "Point",
        "coordinates": [
          128.7026016,
          34.8289422
        ]
      },
      "properties": {
        "name": "이름 미등록 버스 정류소",
        "address": "",
        "category": "버스 정류소",
        "sourceId": "osm:node/4469551989",
        "sourceUrl": "https://www.openstreetmap.org/node/4469551989",
        "date": "2026-10-02",
        "coordinateSource": "OSM node geometry",
        "districtId": "4831031000",
        "districtName": "일운면"
      }
    },
    {
      "type": "Feature",
      "geometry": {
        "type": "Point",
        "coordinates": [
          128.7043087,
          34.8145113
        ]
      },
      "properties": {
        "name": "이름 미등록 버스 정류소",
        "address": "",
        "category": "버스 정류소",
        "sourceId": "osm:node/4469552089",
        "sourceUrl": "https://www.openstreetmap.org/node/4469552089",
        "date": "2026-10-02",
        "coordinateSource": "OSM node geometry",
        "districtId": "4831031000",
        "districtName": "일운면"
      }
    },
    {
      "type": "Feature",
      "geometry": {
        "type": "Point",
        "coordinates": [
          128.7089737,
          34.850029
        ]
      },
      "properties": {
        "name": "이름 미등록 버스 정류소",
        "address": "",
        "category": "버스 정류소",
        "sourceId": "osm:node/4469632403",
        "sourceUrl": "https://www.openstreetmap.org/node/4469632403",
        "date": "2026-10-02",
        "coordinateSource": "OSM node geometry",
        "districtId": "4831031000",
        "districtName": "일운면"
      }
    },
    {
      "type": "Feature",
      "geometry": {
        "type": "Point",
        "coordinates": [
          128.7230685,
          34.8691472
        ]
      },
      "properties": {
        "name": "이름 미등록 버스 정류소",
        "address": "",
        "category": "버스 정류소",
        "sourceId": "osm:node/4469632404",
        "sourceUrl": "https://www.openstreetmap.org/node/4469632404",
        "date": "2026-10-02",
        "coordinateSource": "OSM node geometry",
        "districtId": "4831051000",
        "districtName": "장승포동"
      }
    },
    {
      "type": "Feature",
      "geometry": {
        "type": "Point",
        "coordinates": [
          128.6874967,
          34.8935258
        ]
      },
      "properties": {
        "name": "이름 미등록 버스 정류소",
        "address": "",
        "category": "버스 정류소",
        "sourceId": "osm:node/4469638991",
        "sourceUrl": "https://www.openstreetmap.org/node/4469638991",
        "date": "2026-10-02",
        "coordinateSource": "OSM node geometry",
        "districtId": "4831056000",
        "districtName": "옥포2동"
      }
    },
    {
      "type": "Feature",
      "geometry": {
        "type": "Point",
        "coordinates": [
          128.6572921,
          34.9141492
        ]
      },
      "properties": {
        "name": "이름 미등록 버스 정류소",
        "address": "",
        "category": "버스 정류소",
        "sourceId": "osm:node/4469638992",
        "sourceUrl": "https://www.openstreetmap.org/node/4469638992",
        "date": "2026-10-02",
        "coordinateSource": "OSM node geometry",
        "districtId": "4831037000",
        "districtName": "연초면"
      }
    },
    {
      "type": "Feature",
      "geometry": {
        "type": "Point",
        "coordinates": [
          128.7090338,
          34.8499241
        ]
      },
      "properties": {
        "name": "이름 미등록 버스 정류소",
        "address": "",
        "category": "버스 정류소",
        "sourceId": "osm:node/4469650794",
        "sourceUrl": "https://www.openstreetmap.org/node/4469650794",
        "date": "2026-10-02",
        "coordinateSource": "OSM node geometry",
        "districtId": "4831031000",
        "districtName": "일운면"
      }
    },
    {
      "type": "Feature",
      "geometry": {
        "type": "Point",
        "coordinates": [
          128.7198966,
          34.8551869
        ]
      },
      "properties": {
        "name": "옥림아파트교차로",
        "address": "",
        "category": "버스 정류소",
        "sourceId": "osm:node/4469650795",
        "sourceUrl": "https://www.openstreetmap.org/node/4469650795",
        "date": "2026-10-02",
        "coordinateSource": "OSM node geometry",
        "districtId": "4831031000",
        "districtName": "일운면"
      }
    },
    {
      "type": "Feature",
      "geometry": {
        "type": "Point",
        "coordinates": [
          128.6757177,
          34.9146018
        ]
      },
      "properties": {
        "name": "이름 미등록 버스 정류소",
        "address": "",
        "category": "버스 정류소",
        "sourceId": "osm:node/4469657691",
        "sourceUrl": "https://www.openstreetmap.org/node/4469657691",
        "date": "2026-10-02",
        "coordinateSource": "OSM node geometry",
        "districtId": "4831037000",
        "districtName": "연초면"
      }
    },
    {
      "type": "Feature",
      "geometry": {
        "type": "Point",
        "coordinates": [
          128.6305592,
          34.8984242
        ]
      },
      "properties": {
        "name": "이름 미등록 버스 정류소",
        "address": "",
        "category": "버스 정류소",
        "sourceId": "osm:node/4469657790",
        "sourceUrl": "https://www.openstreetmap.org/node/4469657790",
        "date": "2026-10-02",
        "coordinateSource": "OSM node geometry",
        "districtId": "4831037000",
        "districtName": "연초면"
      }
    },
    {
      "type": "Feature",
      "geometry": {
        "type": "Point",
        "coordinates": [
          128.6991411,
          34.8391169
        ]
      },
      "properties": {
        "name": "이름 미등록 버스 정류소",
        "address": "",
        "category": "버스 정류소",
        "sourceId": "osm:node/4469659289",
        "sourceUrl": "https://www.openstreetmap.org/node/4469659289",
        "date": "2026-10-02",
        "coordinateSource": "OSM node geometry",
        "districtId": "4831031000",
        "districtName": "일운면"
      }
    },
    {
      "type": "Feature",
      "geometry": {
        "type": "Point",
        "coordinates": [
          128.6989171,
          34.8391232
        ]
      },
      "properties": {
        "name": "이름 미등록 버스 정류소",
        "address": "",
        "category": "버스 정류소",
        "sourceId": "osm:node/4469659290",
        "sourceUrl": "https://www.openstreetmap.org/node/4469659290",
        "date": "2026-10-02",
        "coordinateSource": "OSM node geometry",
        "districtId": "4831031000",
        "districtName": "일운면"
      }
    },
    {
      "type": "Feature",
      "geometry": {
        "type": "Point",
        "coordinates": [
          128.7245036,
          34.8666887
        ]
      },
      "properties": {
        "name": "이름 미등록 버스 정류소",
        "address": "",
        "category": "버스 정류소",
        "sourceId": "osm:node/4469659292",
        "sourceUrl": "https://www.openstreetmap.org/node/4469659292",
        "date": "2026-10-02",
        "coordinateSource": "OSM node geometry",
        "districtId": "4831051000",
        "districtName": "장승포동"
      }
    },
    {
      "type": "Feature",
      "geometry": {
        "type": "Point",
        "coordinates": [
          128.7125191,
          34.8638268
        ]
      },
      "properties": {
        "name": "이름 미등록 버스 정류소",
        "address": "",
        "category": "버스 정류소",
        "sourceId": "osm:node/4469659293",
        "sourceUrl": "https://www.openstreetmap.org/node/4469659293",
        "date": "2026-10-02",
        "coordinateSource": "OSM node geometry",
        "districtId": "4831054000",
        "districtName": "아주동"
      }
    },
    {
      "type": "Feature",
      "geometry": {
        "type": "Point",
        "coordinates": [
          128.7229097,
          34.8609182
        ]
      },
      "properties": {
        "name": "이름 미등록 버스 정류소",
        "address": "",
        "category": "버스 정류소",
        "sourceId": "osm:node/4469659589",
        "sourceUrl": "https://www.openstreetmap.org/node/4469659589",
        "date": "2026-10-02",
        "coordinateSource": "OSM node geometry",
        "districtId": "4831051000",
        "districtName": "장승포동"
      }
    },
    {
      "type": "Feature",
      "geometry": {
        "type": "Point",
        "coordinates": [
          128.7232141,
          34.8633202
        ]
      },
      "properties": {
        "name": "이름 미등록 버스 정류소",
        "address": "",
        "category": "버스 정류소",
        "sourceId": "osm:node/4469659689",
        "sourceUrl": "https://www.openstreetmap.org/node/4469659689",
        "date": "2026-10-02",
        "coordinateSource": "OSM node geometry",
        "districtId": "4831051000",
        "districtName": "장승포동"
      }
    },
    {
      "type": "Feature",
      "geometry": {
        "type": "Point",
        "coordinates": [
          128.7119556,
          34.8634259
        ]
      },
      "properties": {
        "name": "이름 미등록 버스 정류소",
        "address": "",
        "category": "버스 정류소",
        "sourceId": "osm:node/4469660089",
        "sourceUrl": "https://www.openstreetmap.org/node/4469660089",
        "date": "2026-10-02",
        "coordinateSource": "OSM node geometry",
        "districtId": "4831054000",
        "districtName": "아주동"
      }
    },
    {
      "type": "Feature",
      "geometry": {
        "type": "Point",
        "coordinates": [
          128.6799171,
          34.9126968
        ]
      },
      "properties": {
        "name": "이름 미등록 버스 정류소",
        "address": "",
        "category": "버스 정류소",
        "sourceId": "osm:node/4469663792",
        "sourceUrl": "https://www.openstreetmap.org/node/4469663792",
        "date": "2026-10-02",
        "coordinateSource": "OSM node geometry",
        "districtId": "4831037000",
        "districtName": "연초면"
      }
    },
    {
      "type": "Feature",
      "geometry": {
        "type": "Point",
        "coordinates": [
          128.6621418,
          34.9126825
        ]
      },
      "properties": {
        "name": "이름 미등록 버스 정류소",
        "address": "",
        "category": "버스 정류소",
        "sourceId": "osm:node/4469663793",
        "sourceUrl": "https://www.openstreetmap.org/node/4469663793",
        "date": "2026-10-02",
        "coordinateSource": "OSM node geometry",
        "districtId": "4831037000",
        "districtName": "연초면"
      }
    },
    {
      "type": "Feature",
      "geometry": {
        "type": "Point",
        "coordinates": [
          128.6591171,
          34.913893
        ]
      },
      "properties": {
        "name": "이름 미등록 버스 정류소",
        "address": "",
        "category": "버스 정류소",
        "sourceId": "osm:node/4469663794",
        "sourceUrl": "https://www.openstreetmap.org/node/4469663794",
        "date": "2026-10-02",
        "coordinateSource": "OSM node geometry",
        "districtId": "4831037000",
        "districtName": "연초면"
      }
    },
    {
      "type": "Feature",
      "geometry": {
        "type": "Point",
        "coordinates": [
          128.6296034,
          34.898488
        ]
      },
      "properties": {
        "name": "이름 미등록 버스 정류소",
        "address": "",
        "category": "버스 정류소",
        "sourceId": "osm:node/4469663795",
        "sourceUrl": "https://www.openstreetmap.org/node/4469663795",
        "date": "2026-10-02",
        "coordinateSource": "OSM node geometry",
        "districtId": "4831037000",
        "districtName": "연초면"
      }
    },
    {
      "type": "Feature",
      "geometry": {
        "type": "Point",
        "coordinates": [
          128.6304057,
          34.8936793
        ]
      },
      "properties": {
        "name": "이름 미등록 버스 정류소",
        "address": "",
        "category": "버스 정류소",
        "sourceId": "osm:node/4469663796",
        "sourceUrl": "https://www.openstreetmap.org/node/4469663796",
        "date": "2026-10-02",
        "coordinateSource": "OSM node geometry",
        "districtId": "4831058000",
        "districtName": "고현동"
      }
    },
    {
      "type": "Feature",
      "geometry": {
        "type": "Point",
        "coordinates": [
          128.6400277,
          34.9017289
        ]
      },
      "properties": {
        "name": "이름 미등록 버스 정류소",
        "address": "",
        "category": "버스 정류소",
        "sourceId": "osm:node/4469665791",
        "sourceUrl": "https://www.openstreetmap.org/node/4469665791",
        "date": "2026-10-02",
        "coordinateSource": "OSM node geometry",
        "districtId": "4831037000",
        "districtName": "연초면"
      }
    },
    {
      "type": "Feature",
      "geometry": {
        "type": "Point",
        "coordinates": [
          128.6861693,
          34.8952882
        ]
      },
      "properties": {
        "name": "거제소방서",
        "address": "",
        "category": "버스 정류소",
        "sourceId": "osm:node/4469673489",
        "sourceUrl": "https://www.openstreetmap.org/node/4469673489",
        "date": "2026-10-02",
        "coordinateSource": "OSM node geometry",
        "districtId": "4831056000",
        "districtName": "옥포2동"
      }
    },
    {
      "type": "Feature",
      "geometry": {
        "type": "Point",
        "coordinates": [
          128.7222264,
          34.8706275
        ]
      },
      "properties": {
        "name": "이름 미등록 버스 정류소",
        "address": "",
        "category": "버스 정류소",
        "sourceId": "osm:node/4655421200",
        "sourceUrl": "https://www.openstreetmap.org/node/4655421200",
        "date": "2026-10-02",
        "coordinateSource": "OSM node geometry",
        "districtId": "4831051000",
        "districtName": "장승포동"
      }
    },
    {
      "type": "Feature",
      "geometry": {
        "type": "Point",
        "coordinates": [
          128.6332852,
          34.860752
        ]
      },
      "properties": {
        "name": "벽산 3차 아파트",
        "address": "",
        "category": "버스 정류소",
        "sourceId": "osm:node/4676317412",
        "sourceUrl": "https://www.openstreetmap.org/node/4676317412",
        "date": "2026-10-02",
        "coordinateSource": "OSM node geometry",
        "districtId": "4831059000",
        "districtName": "상문동"
      }
    },
    {
      "type": "Feature",
      "geometry": {
        "type": "Point",
        "coordinates": [
          128.6336667,
          34.8620035
        ]
      },
      "properties": {
        "name": "벽산1차아파트",
        "address": "",
        "category": "버스 정류소",
        "sourceId": "osm:node/4676317415",
        "sourceUrl": "https://www.openstreetmap.org/node/4676317415",
        "date": "2026-10-02",
        "coordinateSource": "OSM node geometry",
        "districtId": "4831059000",
        "districtName": "상문동"
      }
    },
    {
      "type": "Feature",
      "geometry": {
        "type": "Point",
        "coordinates": [
          128.630966,
          34.8607446
        ]
      },
      "properties": {
        "name": "벽산2차아파트",
        "address": "",
        "category": "버스 정류소",
        "sourceId": "osm:node/4676317417",
        "sourceUrl": "https://www.openstreetmap.org/node/4676317417",
        "date": "2026-10-02",
        "coordinateSource": "OSM node geometry",
        "districtId": "4831059000",
        "districtName": "상문동"
      }
    },
    {
      "type": "Feature",
      "geometry": {
        "type": "Point",
        "coordinates": [
          128.634833,
          34.8667992
        ]
      },
      "properties": {
        "name": "용산",
        "address": "",
        "category": "버스 정류소",
        "sourceId": "osm:node/4676317418",
        "sourceUrl": "https://www.openstreetmap.org/node/4676317418",
        "date": "2026-10-02",
        "coordinateSource": "OSM node geometry",
        "districtId": "4831059000",
        "districtName": "상문동"
      }
    },
    {
      "type": "Feature",
      "geometry": {
        "type": "Point",
        "coordinates": [
          128.6346506,
          34.8668696
        ]
      },
      "properties": {
        "name": "용산",
        "address": "",
        "category": "버스 정류소",
        "sourceId": "osm:node/4676317419",
        "sourceUrl": "https://www.openstreetmap.org/node/4676317419",
        "date": "2026-10-02",
        "coordinateSource": "OSM node geometry",
        "districtId": "4831059000",
        "districtName": "상문동"
      }
    },
    {
      "type": "Feature",
      "geometry": {
        "type": "Point",
        "coordinates": [
          128.6374382,
          34.8688708
        ]
      },
      "properties": {
        "name": "용산마을",
        "address": "",
        "category": "버스 정류소",
        "sourceId": "osm:node/4677646858",
        "sourceUrl": "https://www.openstreetmap.org/node/4677646858",
        "date": "2026-10-02",
        "coordinateSource": "OSM node geometry",
        "districtId": "4831059000",
        "districtName": "상문동"
      }
    },
    {
      "type": "Feature",
      "geometry": {
        "type": "Point",
        "coordinates": [
          128.6375678,
          34.8690326
        ]
      },
      "properties": {
        "name": "용산마을",
        "address": "",
        "category": "버스 정류소",
        "sourceId": "osm:node/4677646859",
        "sourceUrl": "https://www.openstreetmap.org/node/4677646859",
        "date": "2026-10-02",
        "coordinateSource": "OSM node geometry",
        "districtId": "4831059000",
        "districtName": "상문동"
      }
    },
    {
      "type": "Feature",
      "geometry": {
        "type": "Point",
        "coordinates": [
          128.6392079,
          34.8671914
        ]
      },
      "properties": {
        "name": "상문동주민센터",
        "address": "",
        "category": "버스 정류소",
        "sourceId": "osm:node/4677646860",
        "sourceUrl": "https://www.openstreetmap.org/node/4677646860",
        "date": "2026-10-02",
        "coordinateSource": "OSM node geometry",
        "districtId": "4831059000",
        "districtName": "상문동"
      }
    },
    {
      "type": "Feature",
      "geometry": {
        "type": "Point",
        "coordinates": [
          128.6391384,
          34.8674014
        ]
      },
      "properties": {
        "name": "상문동주민센터",
        "address": "",
        "category": "버스 정류소",
        "sourceId": "osm:node/4677646861",
        "sourceUrl": "https://www.openstreetmap.org/node/4677646861",
        "date": "2026-10-02",
        "coordinateSource": "OSM node geometry",
        "districtId": "4831059000",
        "districtName": "상문동"
      }
    },
    {
      "type": "Feature",
      "geometry": {
        "type": "Point",
        "coordinates": [
          128.6357883,
          34.8703668
        ]
      },
      "properties": {
        "name": "대동APT입구",
        "address": "",
        "category": "버스 정류소",
        "sourceId": "osm:node/4677646862",
        "sourceUrl": "https://www.openstreetmap.org/node/4677646862",
        "date": "2026-10-02",
        "coordinateSource": "OSM node geometry",
        "districtId": "4831059000",
        "districtName": "상문동"
      }
    },
    {
      "type": "Feature",
      "geometry": {
        "type": "Point",
        "coordinates": [
          128.6348741,
          34.8715122
        ]
      },
      "properties": {
        "name": "대동APT입구",
        "address": "",
        "category": "버스 정류소",
        "sourceId": "osm:node/4677646863",
        "sourceUrl": "https://www.openstreetmap.org/node/4677646863",
        "date": "2026-10-02",
        "coordinateSource": "OSM node geometry",
        "districtId": "4831059000",
        "districtName": "상문동"
      }
    },
    {
      "type": "Feature",
      "geometry": {
        "type": "Point",
        "coordinates": [
          128.5084646,
          34.8401953
        ]
      },
      "properties": {
        "name": "하둔",
        "address": "",
        "category": "버스 정류소",
        "sourceId": "osm:node/4677761870",
        "sourceUrl": "https://www.openstreetmap.org/node/4677761870",
        "date": "2026-10-02",
        "coordinateSource": "OSM node geometry",
        "districtId": "4831035000",
        "districtName": "둔덕면"
      }
    },
    {
      "type": "Feature",
      "geometry": {
        "type": "Point",
        "coordinates": [
          128.5086271,
          34.8402435
        ]
      },
      "properties": {
        "name": "하둔",
        "address": "",
        "category": "버스 정류소",
        "sourceId": "osm:node/4677761871",
        "sourceUrl": "https://www.openstreetmap.org/node/4677761871",
        "date": "2026-10-02",
        "coordinateSource": "OSM node geometry",
        "districtId": "4831035000",
        "districtName": "둔덕면"
      }
    },
    {
      "type": "Feature",
      "geometry": {
        "type": "Point",
        "coordinates": [
          128.5086907,
          34.8388623
        ]
      },
      "properties": {
        "name": "둔덕농협",
        "address": "",
        "category": "버스 정류소",
        "sourceId": "osm:node/4677761872",
        "sourceUrl": "https://www.openstreetmap.org/node/4677761872",
        "date": "2026-10-02",
        "coordinateSource": "OSM node geometry",
        "districtId": "4831035000",
        "districtName": "둔덕면"
      }
    },
    {
      "type": "Feature",
      "geometry": {
        "type": "Point",
        "coordinates": [
          128.5090696,
          34.8388492
        ]
      },
      "properties": {
        "name": "둔덕농협",
        "address": "",
        "category": "버스 정류소",
        "sourceId": "osm:node/4677761873",
        "sourceUrl": "https://www.openstreetmap.org/node/4677761873",
        "date": "2026-10-02",
        "coordinateSource": "OSM node geometry",
        "districtId": "4831035000",
        "districtName": "둔덕면"
      }
    },
    {
      "type": "Feature",
      "geometry": {
        "type": "Point",
        "coordinates": [
          128.5097777,
          34.8417294
        ]
      },
      "properties": {
        "name": "죽전",
        "address": "",
        "category": "버스 정류소",
        "sourceId": "osm:node/4677761874",
        "sourceUrl": "https://www.openstreetmap.org/node/4677761874",
        "date": "2026-10-02",
        "coordinateSource": "OSM node geometry",
        "districtId": "4831035000",
        "districtName": "둔덕면"
      }
    },
    {
      "type": "Feature",
      "geometry": {
        "type": "Point",
        "coordinates": [
          128.5098689,
          34.8417448
        ]
      },
      "properties": {
        "name": "죽전",
        "address": "",
        "category": "버스 정류소",
        "sourceId": "osm:node/4677761875",
        "sourceUrl": "https://www.openstreetmap.org/node/4677761875",
        "date": "2026-10-02",
        "coordinateSource": "OSM node geometry",
        "districtId": "4831035000",
        "districtName": "둔덕면"
      }
    },
    {
      "type": "Feature",
      "geometry": {
        "type": "Point",
        "coordinates": [
          128.6328319,
          34.873461
        ]
      },
      "properties": {
        "name": "상동마을",
        "address": "",
        "category": "버스 정류소",
        "sourceId": "osm:node/4677883864",
        "sourceUrl": "https://www.openstreetmap.org/node/4677883864",
        "date": "2026-10-02",
        "coordinateSource": "OSM node geometry",
        "districtId": "4831059000",
        "districtName": "상문동"
      }
    },
    {
      "type": "Feature",
      "geometry": {
        "type": "Point",
        "coordinates": [
          128.633556,
          34.8726684
        ]
      },
      "properties": {
        "name": "상동마을",
        "address": "",
        "category": "버스 정류소",
        "sourceId": "osm:node/4677883865",
        "sourceUrl": "https://www.openstreetmap.org/node/4677883865",
        "date": "2026-10-02",
        "coordinateSource": "OSM node geometry",
        "districtId": "4831059000",
        "districtName": "상문동"
      }
    },
    {
      "type": "Feature",
      "geometry": {
        "type": "Point",
        "coordinates": [
          128.7340178,
          34.8792119
        ]
      },
      "properties": {
        "name": "이름 미등록 버스 정류소",
        "address": "",
        "category": "버스 정류소",
        "sourceId": "osm:node/4684972348",
        "sourceUrl": "https://www.openstreetmap.org/node/4684972348",
        "date": "2026-10-02",
        "coordinateSource": "OSM node geometry",
        "districtId": "4831053000",
        "districtName": "능포동"
      }
    },
    {
      "type": "Feature",
      "geometry": {
        "type": "Point",
        "coordinates": [
          128.6241553,
          34.8906976
        ]
      },
      "properties": {
        "name": "터미널 (일반)",
        "address": "",
        "category": "버스 정류소",
        "sourceId": "osm:node/4686275473",
        "sourceUrl": "https://www.openstreetmap.org/node/4686275473",
        "date": "2026-10-02",
        "coordinateSource": "OSM node geometry",
        "districtId": "4831058000",
        "districtName": "고현동"
      }
    },
    {
      "type": "Feature",
      "geometry": {
        "type": "Point",
        "coordinates": [
          128.624681,
          34.8906272
        ]
      },
      "properties": {
        "name": "터미널 (순환)",
        "address": "",
        "category": "버스 정류소",
        "sourceId": "osm:node/4686275474",
        "sourceUrl": "https://www.openstreetmap.org/node/4686275474",
        "date": "2026-10-02",
        "coordinateSource": "OSM node geometry",
        "districtId": "4831058000",
        "districtName": "고현동"
      }
    },
    {
      "type": "Feature",
      "geometry": {
        "type": "Point",
        "coordinates": [
          128.6247132,
          34.8911948
        ]
      },
      "properties": {
        "name": "터미널 (순환)",
        "address": "",
        "category": "버스 정류소",
        "sourceId": "osm:node/4686275475",
        "sourceUrl": "https://www.openstreetmap.org/node/4686275475",
        "date": "2026-10-02",
        "coordinateSource": "OSM node geometry",
        "districtId": "4831058000",
        "districtName": "고현동"
      }
    },
    {
      "type": "Feature",
      "geometry": {
        "type": "Point",
        "coordinates": [
          128.6363356,
          34.8914385
        ]
      },
      "properties": {
        "name": "보건소",
        "address": "",
        "category": "버스 정류소",
        "sourceId": "osm:node/4688046699",
        "sourceUrl": "https://www.openstreetmap.org/node/4688046699",
        "date": "2026-10-02",
        "coordinateSource": "OSM node geometry",
        "districtId": "4831060000",
        "districtName": "수양동"
      }
    },
    {
      "type": "Feature",
      "geometry": {
        "type": "Point",
        "coordinates": [
          128.6356436,
          34.8916134
        ]
      },
      "properties": {
        "name": "거제도해수온천 (보건소)",
        "address": "",
        "category": "버스 정류소",
        "sourceId": "osm:node/4688046700",
        "sourceUrl": "https://www.openstreetmap.org/node/4688046700",
        "date": "2026-10-02",
        "coordinateSource": "OSM node geometry",
        "districtId": "4831060000",
        "districtName": "수양동"
      }
    },
    {
      "type": "Feature",
      "geometry": {
        "type": "Point",
        "coordinates": [
          128.6502045,
          34.8688251
        ]
      },
      "properties": {
        "name": "이름 미등록 버스 정류소",
        "address": "",
        "category": "버스 정류소",
        "sourceId": "osm:node/4694813492",
        "sourceUrl": "https://www.openstreetmap.org/node/4694813492",
        "date": "2026-10-02",
        "coordinateSource": "OSM node geometry",
        "districtId": "4831060000",
        "districtName": "수양동"
      }
    },
    {
      "type": "Feature",
      "geometry": {
        "type": "Point",
        "coordinates": [
          128.6507509,
          34.8690756
        ]
      },
      "properties": {
        "name": "이름 미등록 버스 정류소",
        "address": "",
        "category": "버스 정류소",
        "sourceId": "osm:node/4694813493",
        "sourceUrl": "https://www.openstreetmap.org/node/4694813493",
        "date": "2026-10-02",
        "coordinateSource": "OSM node geometry",
        "districtId": "4831060000",
        "districtName": "수양동"
      }
    },
    {
      "type": "Feature",
      "geometry": {
        "type": "Point",
        "coordinates": [
          128.6522661,
          34.8704304
        ]
      },
      "properties": {
        "name": "이름 미등록 버스 정류소",
        "address": "",
        "category": "버스 정류소",
        "sourceId": "osm:node/4694866173",
        "sourceUrl": "https://www.openstreetmap.org/node/4694866173",
        "date": "2026-10-02",
        "coordinateSource": "OSM node geometry",
        "districtId": "4831060000",
        "districtName": "수양동"
      }
    },
    {
      "type": "Feature",
      "geometry": {
        "type": "Point",
        "coordinates": [
          128.6523987,
          34.870379
        ]
      },
      "properties": {
        "name": "이름 미등록 버스 정류소",
        "address": "",
        "category": "버스 정류소",
        "sourceId": "osm:node/4694866174",
        "sourceUrl": "https://www.openstreetmap.org/node/4694866174",
        "date": "2026-10-02",
        "coordinateSource": "OSM node geometry",
        "districtId": "4831060000",
        "districtName": "수양동"
      }
    },
    {
      "type": "Feature",
      "geometry": {
        "type": "Point",
        "coordinates": [
          128.6526812,
          34.8732678
        ]
      },
      "properties": {
        "name": "이름 미등록 버스 정류소",
        "address": "",
        "category": "버스 정류소",
        "sourceId": "osm:node/4694997631",
        "sourceUrl": "https://www.openstreetmap.org/node/4694997631",
        "date": "2026-10-02",
        "coordinateSource": "OSM node geometry",
        "districtId": "4831060000",
        "districtName": "수양동"
      }
    },
    {
      "type": "Feature",
      "geometry": {
        "type": "Point",
        "coordinates": [
          128.6527876,
          34.8733001
        ]
      },
      "properties": {
        "name": "이름 미등록 버스 정류소",
        "address": "",
        "category": "버스 정류소",
        "sourceId": "osm:node/4694997632",
        "sourceUrl": "https://www.openstreetmap.org/node/4694997632",
        "date": "2026-10-02",
        "coordinateSource": "OSM node geometry",
        "districtId": "4831060000",
        "districtName": "수양동"
      }
    },
    {
      "type": "Feature",
      "geometry": {
        "type": "Point",
        "coordinates": [
          128.6504966,
          34.8909554
        ]
      },
      "properties": {
        "name": "이름 미등록 버스 정류소",
        "address": "",
        "category": "버스 정류소",
        "sourceId": "osm:node/4696585736",
        "sourceUrl": "https://www.openstreetmap.org/node/4696585736",
        "date": "2026-10-02",
        "coordinateSource": "OSM node geometry",
        "districtId": "4831060000",
        "districtName": "수양동"
      }
    },
    {
      "type": "Feature",
      "geometry": {
        "type": "Point",
        "coordinates": [
          128.703888,
          34.9103494
        ]
      },
      "properties": {
        "name": "이름 미등록 버스 정류소",
        "address": "",
        "category": "버스 정류소",
        "sourceId": "osm:node/4698468342",
        "sourceUrl": "https://www.openstreetmap.org/node/4698468342",
        "date": "2026-10-02",
        "coordinateSource": "OSM node geometry",
        "districtId": "4831056000",
        "districtName": "옥포2동"
      }
    },
    {
      "type": "Feature",
      "geometry": {
        "type": "Point",
        "coordinates": [
          128.7041587,
          34.9102578
        ]
      },
      "properties": {
        "name": "이름 미등록 버스 정류소",
        "address": "",
        "category": "버스 정류소",
        "sourceId": "osm:node/4698468343",
        "sourceUrl": "https://www.openstreetmap.org/node/4698468343",
        "date": "2026-10-02",
        "coordinateSource": "OSM node geometry",
        "districtId": "4831056000",
        "districtName": "옥포2동"
      }
    },
    {
      "type": "Feature",
      "geometry": {
        "type": "Point",
        "coordinates": [
          128.7075274,
          34.9122541
        ]
      },
      "properties": {
        "name": "이름 미등록 버스 정류소",
        "address": "",
        "category": "버스 정류소",
        "sourceId": "osm:node/4698889847",
        "sourceUrl": "https://www.openstreetmap.org/node/4698889847",
        "date": "2026-10-02",
        "coordinateSource": "OSM node geometry",
        "districtId": "4831056000",
        "districtName": "옥포2동"
      }
    },
    {
      "type": "Feature",
      "geometry": {
        "type": "Point",
        "coordinates": [
          128.7079426,
          34.9127859
        ]
      },
      "properties": {
        "name": "이름 미등록 버스 정류소",
        "address": "",
        "category": "버스 정류소",
        "sourceId": "osm:node/4698889848",
        "sourceUrl": "https://www.openstreetmap.org/node/4698889848",
        "date": "2026-10-02",
        "coordinateSource": "OSM node geometry",
        "districtId": "4831056000",
        "districtName": "옥포2동"
      }
    },
    {
      "type": "Feature",
      "geometry": {
        "type": "Point",
        "coordinates": [
          128.7100898,
          34.913402
        ]
      },
      "properties": {
        "name": "이름 미등록 버스 정류소",
        "address": "",
        "category": "버스 정류소",
        "sourceId": "osm:node/4698889849",
        "sourceUrl": "https://www.openstreetmap.org/node/4698889849",
        "date": "2026-10-02",
        "coordinateSource": "OSM node geometry",
        "districtId": "4831056000",
        "districtName": "옥포2동"
      }
    },
    {
      "type": "Feature",
      "geometry": {
        "type": "Point",
        "coordinates": [
          128.7103033,
          34.9137068
        ]
      },
      "properties": {
        "name": "이름 미등록 버스 정류소",
        "address": "",
        "category": "버스 정류소",
        "sourceId": "osm:node/4698889850",
        "sourceUrl": "https://www.openstreetmap.org/node/4698889850",
        "date": "2026-10-02",
        "coordinateSource": "OSM node geometry",
        "districtId": "4831056000",
        "districtName": "옥포2동"
      }
    },
    {
      "type": "Feature",
      "geometry": {
        "type": "Point",
        "coordinates": [
          128.7016198,
          34.8316808
        ]
      },
      "properties": {
        "name": "이름 미등록 버스 정류소",
        "address": "",
        "category": "버스 정류소",
        "sourceId": "osm:node/4707649342",
        "sourceUrl": "https://www.openstreetmap.org/node/4707649342",
        "date": "2026-10-02",
        "coordinateSource": "OSM node geometry",
        "districtId": "4831031000",
        "districtName": "일운면"
      }
    },
    {
      "type": "Feature",
      "geometry": {
        "type": "Point",
        "coordinates": [
          128.7009999,
          34.8312663
        ]
      },
      "properties": {
        "name": "이름 미등록 버스 정류소",
        "address": "",
        "category": "버스 정류소",
        "sourceId": "osm:node/4707691828",
        "sourceUrl": "https://www.openstreetmap.org/node/4707691828",
        "date": "2026-10-02",
        "coordinateSource": "OSM node geometry",
        "districtId": "4831031000",
        "districtName": "일운면"
      }
    },
    {
      "type": "Feature",
      "geometry": {
        "type": "Point",
        "coordinates": [
          128.7007166,
          34.8318792
        ]
      },
      "properties": {
        "name": "이름 미등록 버스 정류소",
        "address": "",
        "category": "버스 정류소",
        "sourceId": "osm:node/4707691829",
        "sourceUrl": "https://www.openstreetmap.org/node/4707691829",
        "date": "2026-10-02",
        "coordinateSource": "OSM node geometry",
        "districtId": "4831031000",
        "districtName": "일운면"
      }
    },
    {
      "type": "Feature",
      "geometry": {
        "type": "Point",
        "coordinates": [
          128.7029525,
          34.8288596
        ]
      },
      "properties": {
        "name": "이름 미등록 버스 정류소",
        "address": "",
        "category": "버스 정류소",
        "sourceId": "osm:node/4709568314",
        "sourceUrl": "https://www.openstreetmap.org/node/4709568314",
        "date": "2026-10-02",
        "coordinateSource": "OSM node geometry",
        "districtId": "4831031000",
        "districtName": "일운면"
      }
    },
    {
      "type": "Feature",
      "geometry": {
        "type": "Point",
        "coordinates": [
          128.7038551,
          34.8297166
        ]
      },
      "properties": {
        "name": "이름 미등록 버스 정류소",
        "address": "",
        "category": "버스 정류소",
        "sourceId": "osm:node/4711218200",
        "sourceUrl": "https://www.openstreetmap.org/node/4711218200",
        "date": "2026-10-02",
        "coordinateSource": "OSM node geometry",
        "districtId": "4831031000",
        "districtName": "일운면"
      }
    },
    {
      "type": "Feature",
      "geometry": {
        "type": "Point",
        "coordinates": [
          128.706064,
          34.827748
        ]
      },
      "properties": {
        "name": "이름 미등록 버스 정류소",
        "address": "",
        "category": "버스 정류소",
        "sourceId": "osm:node/4712569757",
        "sourceUrl": "https://www.openstreetmap.org/node/4712569757",
        "date": "2026-10-02",
        "coordinateSource": "OSM node geometry",
        "districtId": "4831031000",
        "districtName": "일운면"
      }
    },
    {
      "type": "Feature",
      "geometry": {
        "type": "Point",
        "coordinates": [
          128.7040875,
          34.828461
        ]
      },
      "properties": {
        "name": "이름 미등록 버스 정류소",
        "address": "",
        "category": "버스 정류소",
        "sourceId": "osm:node/4712612219",
        "sourceUrl": "https://www.openstreetmap.org/node/4712612219",
        "date": "2026-10-02",
        "coordinateSource": "OSM node geometry",
        "districtId": "4831031000",
        "districtName": "일운면"
      }
    },
    {
      "type": "Feature",
      "geometry": {
        "type": "Point",
        "coordinates": [
          128.7060002,
          34.8271184
        ]
      },
      "properties": {
        "name": "이름 미등록 버스 정류소",
        "address": "",
        "category": "버스 정류소",
        "sourceId": "osm:node/4712632750",
        "sourceUrl": "https://www.openstreetmap.org/node/4712632750",
        "date": "2026-10-02",
        "coordinateSource": "OSM node geometry",
        "districtId": "4831031000",
        "districtName": "일운면"
      }
    },
    {
      "type": "Feature",
      "geometry": {
        "type": "Point",
        "coordinates": [
          128.7154441,
          34.8324853
        ]
      },
      "properties": {
        "name": "이름 미등록 버스 정류소",
        "address": "",
        "category": "버스 정류소",
        "sourceId": "osm:node/4714493687",
        "sourceUrl": "https://www.openstreetmap.org/node/4714493687",
        "date": "2026-10-02",
        "coordinateSource": "OSM node geometry",
        "districtId": "4831031000",
        "districtName": "일운면"
      }
    },
    {
      "type": "Feature",
      "geometry": {
        "type": "Point",
        "coordinates": [
          128.7090043,
          34.8201007
        ]
      },
      "properties": {
        "name": "이름 미등록 버스 정류소",
        "address": "",
        "category": "버스 정류소",
        "sourceId": "osm:node/4718296092",
        "sourceUrl": "https://www.openstreetmap.org/node/4718296092",
        "date": "2026-10-02",
        "coordinateSource": "OSM node geometry",
        "districtId": "4831031000",
        "districtName": "일운면"
      }
    },
    {
      "type": "Feature",
      "geometry": {
        "type": "Point",
        "coordinates": [
          128.7089011,
          34.8202064
        ]
      },
      "properties": {
        "name": "이름 미등록 버스 정류소",
        "address": "",
        "category": "버스 정류소",
        "sourceId": "osm:node/4719731165",
        "sourceUrl": "https://www.openstreetmap.org/node/4719731165",
        "date": "2026-10-02",
        "coordinateSource": "OSM node geometry",
        "districtId": "4831031000",
        "districtName": "일운면"
      }
    },
    {
      "type": "Feature",
      "geometry": {
        "type": "Point",
        "coordinates": [
          128.7025345,
          34.8187165
        ]
      },
      "properties": {
        "name": "이름 미등록 버스 정류소",
        "address": "",
        "category": "버스 정류소",
        "sourceId": "osm:node/4719731166",
        "sourceUrl": "https://www.openstreetmap.org/node/4719731166",
        "date": "2026-10-02",
        "coordinateSource": "OSM node geometry",
        "districtId": "4831031000",
        "districtName": "일운면"
      }
    },
    {
      "type": "Feature",
      "geometry": {
        "type": "Point",
        "coordinates": [
          128.7024433,
          34.8177586
        ]
      },
      "properties": {
        "name": "이름 미등록 버스 정류소",
        "address": "",
        "category": "버스 정류소",
        "sourceId": "osm:node/4719731167",
        "sourceUrl": "https://www.openstreetmap.org/node/4719731167",
        "date": "2026-10-02",
        "coordinateSource": "OSM node geometry",
        "districtId": "4831031000",
        "districtName": "일운면"
      }
    },
    {
      "type": "Feature",
      "geometry": {
        "type": "Point",
        "coordinates": [
          128.6953773,
          34.807372
        ]
      },
      "properties": {
        "name": "이름 미등록 버스 정류소",
        "address": "",
        "category": "버스 정류소",
        "sourceId": "osm:node/4721389642",
        "sourceUrl": "https://www.openstreetmap.org/node/4721389642",
        "date": "2026-10-02",
        "coordinateSource": "OSM node geometry",
        "districtId": "4831031000",
        "districtName": "일운면"
      }
    },
    {
      "type": "Feature",
      "geometry": {
        "type": "Point",
        "coordinates": [
          128.677669,
          34.8146929
        ]
      },
      "properties": {
        "name": "이름 미등록 버스 정류소",
        "address": "",
        "category": "버스 정류소",
        "sourceId": "osm:node/4723415637",
        "sourceUrl": "https://www.openstreetmap.org/node/4723415637",
        "date": "2026-10-02",
        "coordinateSource": "OSM node geometry",
        "districtId": "4831031000",
        "districtName": "일운면"
      }
    },
    {
      "type": "Feature",
      "geometry": {
        "type": "Point",
        "coordinates": [
          128.6833737,
          34.812022
        ]
      },
      "properties": {
        "name": "이름 미등록 버스 정류소",
        "address": "",
        "category": "버스 정류소",
        "sourceId": "osm:node/4723415638",
        "sourceUrl": "https://www.openstreetmap.org/node/4723415638",
        "date": "2026-10-02",
        "coordinateSource": "OSM node geometry",
        "districtId": "4831031000",
        "districtName": "일운면"
      }
    },
    {
      "type": "Feature",
      "geometry": {
        "type": "Point",
        "coordinates": [
          128.6835411,
          34.8119038
        ]
      },
      "properties": {
        "name": "이름 미등록 버스 정류소",
        "address": "",
        "category": "버스 정류소",
        "sourceId": "osm:node/4723415639",
        "sourceUrl": "https://www.openstreetmap.org/node/4723415639",
        "date": "2026-10-02",
        "coordinateSource": "OSM node geometry",
        "districtId": "4831031000",
        "districtName": "일운면"
      }
    },
    {
      "type": "Feature",
      "geometry": {
        "type": "Point",
        "coordinates": [
          128.6881919,
          34.8108317
        ]
      },
      "properties": {
        "name": "이름 미등록 버스 정류소",
        "address": "",
        "category": "버스 정류소",
        "sourceId": "osm:node/4723415640",
        "sourceUrl": "https://www.openstreetmap.org/node/4723415640",
        "date": "2026-10-02",
        "coordinateSource": "OSM node geometry",
        "districtId": "4831031000",
        "districtName": "일운면"
      }
    },
    {
      "type": "Feature",
      "geometry": {
        "type": "Point",
        "coordinates": [
          128.6880781,
          34.8107657
        ]
      },
      "properties": {
        "name": "이름 미등록 버스 정류소",
        "address": "",
        "category": "버스 정류소",
        "sourceId": "osm:node/4723415641",
        "sourceUrl": "https://www.openstreetmap.org/node/4723415641",
        "date": "2026-10-02",
        "coordinateSource": "OSM node geometry",
        "districtId": "4831031000",
        "districtName": "일운면"
      }
    },
    {
      "type": "Feature",
      "geometry": {
        "type": "Point",
        "coordinates": [
          128.6929799,
          34.8073925
        ]
      },
      "properties": {
        "name": "이름 미등록 버스 정류소",
        "address": "",
        "category": "버스 정류소",
        "sourceId": "osm:node/4723415642",
        "sourceUrl": "https://www.openstreetmap.org/node/4723415642",
        "date": "2026-10-02",
        "coordinateSource": "OSM node geometry",
        "districtId": "4831031000",
        "districtName": "일운면"
      }
    },
    {
      "type": "Feature",
      "geometry": {
        "type": "Point",
        "coordinates": [
          128.6930938,
          34.8074777
        ]
      },
      "properties": {
        "name": "이름 미등록 버스 정류소",
        "address": "",
        "category": "버스 정류소",
        "sourceId": "osm:node/4723415643",
        "sourceUrl": "https://www.openstreetmap.org/node/4723415643",
        "date": "2026-10-02",
        "coordinateSource": "OSM node geometry",
        "districtId": "4831031000",
        "districtName": "일운면"
      }
    },
    {
      "type": "Feature",
      "geometry": {
        "type": "Point",
        "coordinates": [
          128.6780701,
          34.8148896
        ]
      },
      "properties": {
        "name": "이름 미등록 버스 정류소",
        "address": "",
        "category": "버스 정류소",
        "sourceId": "osm:node/4723427167",
        "sourceUrl": "https://www.openstreetmap.org/node/4723427167",
        "date": "2026-10-02",
        "coordinateSource": "OSM node geometry",
        "districtId": "4831031000",
        "districtName": "일운면"
      }
    },
    {
      "type": "Feature",
      "geometry": {
        "type": "Point",
        "coordinates": [
          128.6757248,
          34.8154902
        ]
      },
      "properties": {
        "name": "이름 미등록 버스 정류소",
        "address": "",
        "category": "버스 정류소",
        "sourceId": "osm:node/4723510641",
        "sourceUrl": "https://www.openstreetmap.org/node/4723510641",
        "date": "2026-10-02",
        "coordinateSource": "OSM node geometry",
        "districtId": "4831031000",
        "districtName": "일운면"
      }
    },
    {
      "type": "Feature",
      "geometry": {
        "type": "Point",
        "coordinates": [
          128.6755291,
          34.8154366
        ]
      },
      "properties": {
        "name": "이름 미등록 버스 정류소",
        "address": "",
        "category": "버스 정류소",
        "sourceId": "osm:node/4723510642",
        "sourceUrl": "https://www.openstreetmap.org/node/4723510642",
        "date": "2026-10-02",
        "coordinateSource": "OSM node geometry",
        "districtId": "4831031000",
        "districtName": "일운면"
      }
    },
    {
      "type": "Feature",
      "geometry": {
        "type": "Point",
        "coordinates": [
          128.6712652,
          34.8162326
        ]
      },
      "properties": {
        "name": "이름 미등록 버스 정류소",
        "address": "",
        "category": "버스 정류소",
        "sourceId": "osm:node/4727917103",
        "sourceUrl": "https://www.openstreetmap.org/node/4727917103",
        "date": "2026-10-02",
        "coordinateSource": "OSM node geometry",
        "districtId": "4831031000",
        "districtName": "일운면"
      }
    },
    {
      "type": "Feature",
      "geometry": {
        "type": "Point",
        "coordinates": [
          128.6712829,
          34.8159479
        ]
      },
      "properties": {
        "name": "이름 미등록 버스 정류소",
        "address": "",
        "category": "버스 정류소",
        "sourceId": "osm:node/4727917104",
        "sourceUrl": "https://www.openstreetmap.org/node/4727917104",
        "date": "2026-10-02",
        "coordinateSource": "OSM node geometry",
        "districtId": "4831031000",
        "districtName": "일운면"
      }
    },
    {
      "type": "Feature",
      "geometry": {
        "type": "Point",
        "coordinates": [
          128.666907,
          34.8127247
        ]
      },
      "properties": {
        "name": "이름 미등록 버스 정류소",
        "address": "",
        "category": "버스 정류소",
        "sourceId": "osm:node/4727917105",
        "sourceUrl": "https://www.openstreetmap.org/node/4727917105",
        "date": "2026-10-02",
        "coordinateSource": "OSM node geometry",
        "districtId": "4831031000",
        "districtName": "일운면"
      }
    },
    {
      "type": "Feature",
      "geometry": {
        "type": "Point",
        "coordinates": [
          128.6666062,
          34.8124994
        ]
      },
      "properties": {
        "name": "이름 미등록 버스 정류소",
        "address": "",
        "category": "버스 정류소",
        "sourceId": "osm:node/4727917106",
        "sourceUrl": "https://www.openstreetmap.org/node/4727917106",
        "date": "2026-10-02",
        "coordinateSource": "OSM node geometry",
        "districtId": "4831031000",
        "districtName": "일운면"
      }
    },
    {
      "type": "Feature",
      "geometry": {
        "type": "Point",
        "coordinates": [
          128.6651853,
          34.8095236
        ]
      },
      "properties": {
        "name": "이름 미등록 버스 정류소",
        "address": "",
        "category": "버스 정류소",
        "sourceId": "osm:node/4727917107",
        "sourceUrl": "https://www.openstreetmap.org/node/4727917107",
        "date": "2026-10-02",
        "coordinateSource": "OSM node geometry",
        "districtId": "4831031000",
        "districtName": "일운면"
      }
    },
    {
      "type": "Feature",
      "geometry": {
        "type": "Point",
        "coordinates": [
          128.664982,
          34.8093083
        ]
      },
      "properties": {
        "name": "이름 미등록 버스 정류소",
        "address": "",
        "category": "버스 정류소",
        "sourceId": "osm:node/4727917108",
        "sourceUrl": "https://www.openstreetmap.org/node/4727917108",
        "date": "2026-10-02",
        "coordinateSource": "OSM node geometry",
        "districtId": "4831031000",
        "districtName": "일운면"
      }
    },
    {
      "type": "Feature",
      "geometry": {
        "type": "Point",
        "coordinates": [
          128.6634979,
          34.7959274
        ]
      },
      "properties": {
        "name": "이름 미등록 버스 정류소",
        "address": "",
        "category": "버스 정류소",
        "sourceId": "osm:node/4727917109",
        "sourceUrl": "https://www.openstreetmap.org/node/4727917109",
        "date": "2026-10-02",
        "coordinateSource": "OSM node geometry",
        "districtId": "4831031000",
        "districtName": "일운면"
      }
    },
    {
      "type": "Feature",
      "geometry": {
        "type": "Point",
        "coordinates": [
          128.6626014,
          34.7954867
        ]
      },
      "properties": {
        "name": "Yangwha",
        "address": "",
        "category": "버스 정류소",
        "sourceId": "osm:node/4727917110",
        "sourceUrl": "https://www.openstreetmap.org/node/4727917110",
        "date": "2026-10-02",
        "coordinateSource": "OSM node geometry",
        "districtId": "4831031000",
        "districtName": "일운면"
      }
    },
    {
      "type": "Feature",
      "geometry": {
        "type": "Point",
        "coordinates": [
          128.6639483,
          34.7932981
        ]
      },
      "properties": {
        "name": "이름 미등록 버스 정류소",
        "address": "",
        "category": "버스 정류소",
        "sourceId": "osm:node/4727917111",
        "sourceUrl": "https://www.openstreetmap.org/node/4727917111",
        "date": "2026-10-02",
        "coordinateSource": "OSM node geometry",
        "districtId": "4831031000",
        "districtName": "일운면"
      }
    },
    {
      "type": "Feature",
      "geometry": {
        "type": "Point",
        "coordinates": [
          128.6656259,
          34.7915426
        ]
      },
      "properties": {
        "name": "이름 미등록 버스 정류소",
        "address": "",
        "category": "버스 정류소",
        "sourceId": "osm:node/4727917112",
        "sourceUrl": "https://www.openstreetmap.org/node/4727917112",
        "date": "2026-10-02",
        "coordinateSource": "OSM node geometry",
        "districtId": "4831031000",
        "districtName": "일운면"
      }
    },
    {
      "type": "Feature",
      "geometry": {
        "type": "Point",
        "coordinates": [
          128.6658241,
          34.7915019
        ]
      },
      "properties": {
        "name": "이름 미등록 버스 정류소",
        "address": "",
        "category": "버스 정류소",
        "sourceId": "osm:node/4727917113",
        "sourceUrl": "https://www.openstreetmap.org/node/4727917113",
        "date": "2026-10-02",
        "coordinateSource": "OSM node geometry",
        "districtId": "4831031000",
        "districtName": "일운면"
      }
    },
    {
      "type": "Feature",
      "geometry": {
        "type": "Point",
        "coordinates": [
          128.651897,
          34.778528
        ]
      },
      "properties": {
        "name": "이름 미등록 버스 정류소",
        "address": "",
        "category": "버스 정류소",
        "sourceId": "osm:node/4727917114",
        "sourceUrl": "https://www.openstreetmap.org/node/4727917114",
        "date": "2026-10-02",
        "coordinateSource": "OSM node geometry",
        "districtId": "4831032000",
        "districtName": "동부면"
      }
    },
    {
      "type": "Feature",
      "geometry": {
        "type": "Point",
        "coordinates": [
          128.6518912,
          34.7788592
        ]
      },
      "properties": {
        "name": "이름 미등록 버스 정류소",
        "address": "",
        "category": "버스 정류소",
        "sourceId": "osm:node/4727917115",
        "sourceUrl": "https://www.openstreetmap.org/node/4727917115",
        "date": "2026-10-02",
        "coordinateSource": "OSM node geometry",
        "districtId": "4831032000",
        "districtName": "동부면"
      }
    },
    {
      "type": "Feature",
      "geometry": {
        "type": "Point",
        "coordinates": [
          128.647448,
          34.7791832
        ]
      },
      "properties": {
        "name": "이름 미등록 버스 정류소",
        "address": "",
        "category": "버스 정류소",
        "sourceId": "osm:node/4727917116",
        "sourceUrl": "https://www.openstreetmap.org/node/4727917116",
        "date": "2026-10-02",
        "coordinateSource": "OSM node geometry",
        "districtId": "4831032000",
        "districtName": "동부면"
      }
    },
    {
      "type": "Feature",
      "geometry": {
        "type": "Point",
        "coordinates": [
          128.6474266,
          34.7790378
        ]
      },
      "properties": {
        "name": "이름 미등록 버스 정류소",
        "address": "",
        "category": "버스 정류소",
        "sourceId": "osm:node/4727917117",
        "sourceUrl": "https://www.openstreetmap.org/node/4727917117",
        "date": "2026-10-02",
        "coordinateSource": "OSM node geometry",
        "districtId": "4831032000",
        "districtName": "동부면"
      }
    },
    {
      "type": "Feature",
      "geometry": {
        "type": "Point",
        "coordinates": [
          128.6415632,
          34.7752418
        ]
      },
      "properties": {
        "name": "동부119안전센터",
        "address": "",
        "category": "버스 정류소",
        "sourceId": "osm:node/4727917118",
        "sourceUrl": "https://www.openstreetmap.org/node/4727917118",
        "date": "2026-10-02",
        "coordinateSource": "OSM node geometry",
        "districtId": "4831032000",
        "districtName": "동부면"
      }
    },
    {
      "type": "Feature",
      "geometry": {
        "type": "Point",
        "coordinates": [
          128.6414506,
          34.7753101
        ]
      },
      "properties": {
        "name": "동부119안전센터",
        "address": "",
        "category": "버스 정류소",
        "sourceId": "osm:node/4727917119",
        "sourceUrl": "https://www.openstreetmap.org/node/4727917119",
        "date": "2026-10-02",
        "coordinateSource": "OSM node geometry",
        "districtId": "4831032000",
        "districtName": "동부면"
      }
    },
    {
      "type": "Feature",
      "geometry": {
        "type": "Point",
        "coordinates": [
          128.6356178,
          34.7652316
        ]
      },
      "properties": {
        "name": "이름 미등록 버스 정류소",
        "address": "",
        "category": "버스 정류소",
        "sourceId": "osm:node/4731647923",
        "sourceUrl": "https://www.openstreetmap.org/node/4731647923",
        "date": "2026-10-02",
        "coordinateSource": "OSM node geometry",
        "districtId": "4831032000",
        "districtName": "동부면"
      }
    },
    {
      "type": "Feature",
      "geometry": {
        "type": "Point",
        "coordinates": [
          128.6367299,
          34.7644392
        ]
      },
      "properties": {
        "name": "이름 미등록 버스 정류소",
        "address": "",
        "category": "버스 정류소",
        "sourceId": "osm:node/4731647924",
        "sourceUrl": "https://www.openstreetmap.org/node/4731647924",
        "date": "2026-10-02",
        "coordinateSource": "OSM node geometry",
        "districtId": "4831032000",
        "districtName": "동부면"
      }
    },
    {
      "type": "Feature",
      "geometry": {
        "type": "Point",
        "coordinates": [
          128.6191359,
          34.910652
        ]
      },
      "properties": {
        "name": "이름 미등록 버스 정류소",
        "address": "",
        "category": "버스 정류소",
        "sourceId": "osm:node/4752284049",
        "sourceUrl": "https://www.openstreetmap.org/node/4752284049",
        "date": "2026-10-02",
        "coordinateSource": "OSM node geometry",
        "districtId": "4831037000",
        "districtName": "연초면"
      }
    },
    {
      "type": "Feature",
      "geometry": {
        "type": "Point",
        "coordinates": [
          128.6188266,
          34.9106251
        ]
      },
      "properties": {
        "name": "이름 미등록 버스 정류소",
        "address": "",
        "category": "버스 정류소",
        "sourceId": "osm:node/4752284050",
        "sourceUrl": "https://www.openstreetmap.org/node/4752284050",
        "date": "2026-10-02",
        "coordinateSource": "OSM node geometry",
        "districtId": "4831037000",
        "districtName": "연초면"
      }
    },
    {
      "type": "Feature",
      "geometry": {
        "type": "Point",
        "coordinates": [
          128.6194488,
          34.9130241
        ]
      },
      "properties": {
        "name": "이름 미등록 버스 정류소",
        "address": "",
        "category": "버스 정류소",
        "sourceId": "osm:node/4752284051",
        "sourceUrl": "https://www.openstreetmap.org/node/4752284051",
        "date": "2026-10-02",
        "coordinateSource": "OSM node geometry",
        "districtId": "4831037000",
        "districtName": "연초면"
      }
    },
    {
      "type": "Feature",
      "geometry": {
        "type": "Point",
        "coordinates": [
          128.6191868,
          34.9132211
        ]
      },
      "properties": {
        "name": "이름 미등록 버스 정류소",
        "address": "",
        "category": "버스 정류소",
        "sourceId": "osm:node/4752284052",
        "sourceUrl": "https://www.openstreetmap.org/node/4752284052",
        "date": "2026-10-02",
        "coordinateSource": "OSM node geometry",
        "districtId": "4831037000",
        "districtName": "연초면"
      }
    },
    {
      "type": "Feature",
      "geometry": {
        "type": "Point",
        "coordinates": [
          128.6203003,
          34.9171328
        ]
      },
      "properties": {
        "name": "이름 미등록 버스 정류소",
        "address": "",
        "category": "버스 정류소",
        "sourceId": "osm:node/4752284053",
        "sourceUrl": "https://www.openstreetmap.org/node/4752284053",
        "date": "2026-10-02",
        "coordinateSource": "OSM node geometry",
        "districtId": "4831037000",
        "districtName": "연초면"
      }
    },
    {
      "type": "Feature",
      "geometry": {
        "type": "Point",
        "coordinates": [
          128.6201402,
          34.9176101
        ]
      },
      "properties": {
        "name": "이름 미등록 버스 정류소",
        "address": "",
        "category": "버스 정류소",
        "sourceId": "osm:node/4752284054",
        "sourceUrl": "https://www.openstreetmap.org/node/4752284054",
        "date": "2026-10-02",
        "coordinateSource": "OSM node geometry",
        "districtId": "4831037000",
        "districtName": "연초면"
      }
    },
    {
      "type": "Feature",
      "geometry": {
        "type": "Point",
        "coordinates": [
          128.6221123,
          34.9192362
        ]
      },
      "properties": {
        "name": "이름 미등록 버스 정류소",
        "address": "",
        "category": "버스 정류소",
        "sourceId": "osm:node/4752284055",
        "sourceUrl": "https://www.openstreetmap.org/node/4752284055",
        "date": "2026-10-02",
        "coordinateSource": "OSM node geometry",
        "districtId": "4831037000",
        "districtName": "연초면"
      }
    },
    {
      "type": "Feature",
      "geometry": {
        "type": "Point",
        "coordinates": [
          128.6219814,
          34.919278
        ]
      },
      "properties": {
        "name": "이름 미등록 버스 정류소",
        "address": "",
        "category": "버스 정류소",
        "sourceId": "osm:node/4752284056",
        "sourceUrl": "https://www.openstreetmap.org/node/4752284056",
        "date": "2026-10-02",
        "coordinateSource": "OSM node geometry",
        "districtId": "4831037000",
        "districtName": "연초면"
      }
    },
    {
      "type": "Feature",
      "geometry": {
        "type": "Point",
        "coordinates": [
          128.6224908,
          34.9207399
        ]
      },
      "properties": {
        "name": "이름 미등록 버스 정류소",
        "address": "",
        "category": "버스 정류소",
        "sourceId": "osm:node/4752284057",
        "sourceUrl": "https://www.openstreetmap.org/node/4752284057",
        "date": "2026-10-02",
        "coordinateSource": "OSM node geometry",
        "districtId": "4831037000",
        "districtName": "연초면"
      }
    },
    {
      "type": "Feature",
      "geometry": {
        "type": "Point",
        "coordinates": [
          128.6223452,
          34.9206623
        ]
      },
      "properties": {
        "name": "이름 미등록 버스 정류소",
        "address": "",
        "category": "버스 정류소",
        "sourceId": "osm:node/4752284058",
        "sourceUrl": "https://www.openstreetmap.org/node/4752284058",
        "date": "2026-10-02",
        "coordinateSource": "OSM node geometry",
        "districtId": "4831037000",
        "districtName": "연초면"
      }
    },
    {
      "type": "Feature",
      "geometry": {
        "type": "Point",
        "coordinates": [
          128.620082,
          34.9213068
        ]
      },
      "properties": {
        "name": "이름 미등록 버스 정류소",
        "address": "",
        "category": "버스 정류소",
        "sourceId": "osm:node/4752284059",
        "sourceUrl": "https://www.openstreetmap.org/node/4752284059",
        "date": "2026-10-02",
        "coordinateSource": "OSM node geometry",
        "districtId": "4831037000",
        "districtName": "연초면"
      }
    },
    {
      "type": "Feature",
      "geometry": {
        "type": "Point",
        "coordinates": [
          128.6201002,
          34.9214977
        ]
      },
      "properties": {
        "name": "이름 미등록 버스 정류소",
        "address": "",
        "category": "버스 정류소",
        "sourceId": "osm:node/4752284060",
        "sourceUrl": "https://www.openstreetmap.org/node/4752284060",
        "date": "2026-10-02",
        "coordinateSource": "OSM node geometry",
        "districtId": "4831037000",
        "districtName": "연초면"
      }
    },
    {
      "type": "Feature",
      "geometry": {
        "type": "Point",
        "coordinates": [
          128.617695,
          34.922536
        ]
      },
      "properties": {
        "name": "이름 미등록 버스 정류소",
        "address": "",
        "category": "버스 정류소",
        "sourceId": "osm:node/4752284061",
        "sourceUrl": "https://www.openstreetmap.org/node/4752284061",
        "date": "2026-10-02",
        "coordinateSource": "OSM node geometry",
        "districtId": "4831037000",
        "districtName": "연초면"
      }
    },
    {
      "type": "Feature",
      "geometry": {
        "type": "Point",
        "coordinates": [
          128.6173529,
          34.9224345
        ]
      },
      "properties": {
        "name": "이름 미등록 버스 정류소",
        "address": "",
        "category": "버스 정류소",
        "sourceId": "osm:node/4752284062",
        "sourceUrl": "https://www.openstreetmap.org/node/4752284062",
        "date": "2026-10-02",
        "coordinateSource": "OSM node geometry",
        "districtId": "4831037000",
        "districtName": "연초면"
      }
    },
    {
      "type": "Feature",
      "geometry": {
        "type": "Point",
        "coordinates": [
          128.6139471,
          34.923622
        ]
      },
      "properties": {
        "name": "이름 미등록 버스 정류소",
        "address": "",
        "category": "버스 정류소",
        "sourceId": "osm:node/4752284063",
        "sourceUrl": "https://www.openstreetmap.org/node/4752284063",
        "date": "2026-10-02",
        "coordinateSource": "OSM node geometry",
        "districtId": "4831037000",
        "districtName": "연초면"
      }
    },
    {
      "type": "Feature",
      "geometry": {
        "type": "Point",
        "coordinates": [
          128.6135432,
          34.9240635
        ]
      },
      "properties": {
        "name": "이름 미등록 버스 정류소",
        "address": "",
        "category": "버스 정류소",
        "sourceId": "osm:node/4752284064",
        "sourceUrl": "https://www.openstreetmap.org/node/4752284064",
        "date": "2026-10-02",
        "coordinateSource": "OSM node geometry",
        "districtId": "4831037000",
        "districtName": "연초면"
      }
    },
    {
      "type": "Feature",
      "geometry": {
        "type": "Point",
        "coordinates": [
          128.6492694,
          34.8741999
        ]
      },
      "properties": {
        "name": "아이파크1차APT",
        "address": "",
        "category": "버스 정류소",
        "sourceId": "osm:node/4924177800",
        "sourceUrl": "https://www.openstreetmap.org/node/4924177800",
        "date": "2026-10-02",
        "coordinateSource": "OSM node geometry",
        "districtId": "4831060000",
        "districtName": "수양동"
      }
    },
    {
      "type": "Feature",
      "geometry": {
        "type": "Point",
        "coordinates": [
          128.6974368,
          35.0307143
        ]
      },
      "properties": {
        "name": "이름 미등록 버스 정류소",
        "address": "",
        "category": "버스 정류소",
        "sourceId": "osm:node/5201767417",
        "sourceUrl": "https://www.openstreetmap.org/node/5201767417",
        "date": "2026-10-02",
        "coordinateSource": "OSM node geometry",
        "districtId": "4831039000",
        "districtName": "장목면"
      }
    },
    {
      "type": "Feature",
      "geometry": {
        "type": "Point",
        "coordinates": [
          128.5111829,
          34.8347431
        ]
      },
      "properties": {
        "name": "이름 미등록 버스 정류소",
        "address": "",
        "category": "버스 정류소",
        "sourceId": "osm:node/5321314351",
        "sourceUrl": "https://www.openstreetmap.org/node/5321314351",
        "date": "2026-10-02",
        "coordinateSource": "OSM node geometry",
        "districtId": "4831035000",
        "districtName": "둔덕면"
      }
    },
    {
      "type": "Feature",
      "geometry": {
        "type": "Point",
        "coordinates": [
          128.5109753,
          34.8346132
        ]
      },
      "properties": {
        "name": "이름 미등록 버스 정류소",
        "address": "",
        "category": "버스 정류소",
        "sourceId": "osm:node/5321314352",
        "sourceUrl": "https://www.openstreetmap.org/node/5321314352",
        "date": "2026-10-02",
        "coordinateSource": "OSM node geometry",
        "districtId": "4831035000",
        "districtName": "둔덕면"
      }
    },
    {
      "type": "Feature",
      "geometry": {
        "type": "Point",
        "coordinates": [
          128.5169427,
          34.8553521
        ]
      },
      "properties": {
        "name": "방하",
        "address": "",
        "category": "버스 정류소",
        "sourceId": "osm:node/5330495035",
        "sourceUrl": "https://www.openstreetmap.org/node/5330495035",
        "date": "2026-10-02",
        "coordinateSource": "OSM node geometry",
        "districtId": "4831035000",
        "districtName": "둔덕면"
      }
    },
    {
      "type": "Feature",
      "geometry": {
        "type": "Point",
        "coordinates": [
          128.5168442,
          34.8553738
        ]
      },
      "properties": {
        "name": "방하",
        "address": "",
        "category": "버스 정류소",
        "sourceId": "osm:node/5330495036",
        "sourceUrl": "https://www.openstreetmap.org/node/5330495036",
        "date": "2026-10-02",
        "coordinateSource": "OSM node geometry",
        "districtId": "4831035000",
        "districtName": "둔덕면"
      }
    },
    {
      "type": "Feature",
      "geometry": {
        "type": "Point",
        "coordinates": [
          128.5114718,
          34.8529219
        ]
      },
      "properties": {
        "name": "농막",
        "address": "",
        "category": "버스 정류소",
        "sourceId": "osm:node/5332422574",
        "sourceUrl": "https://www.openstreetmap.org/node/5332422574",
        "date": "2026-10-02",
        "coordinateSource": "OSM node geometry",
        "districtId": "4831035000",
        "districtName": "둔덕면"
      }
    },
    {
      "type": "Feature",
      "geometry": {
        "type": "Point",
        "coordinates": [
          128.5116662,
          34.852958
        ]
      },
      "properties": {
        "name": "농막",
        "address": "",
        "category": "버스 정류소",
        "sourceId": "osm:node/5332422575",
        "sourceUrl": "https://www.openstreetmap.org/node/5332422575",
        "date": "2026-10-02",
        "coordinateSource": "OSM node geometry",
        "districtId": "4831035000",
        "districtName": "둔덕면"
      }
    },
    {
      "type": "Feature",
      "geometry": {
        "type": "Point",
        "coordinates": [
          128.511015,
          34.8511546
        ]
      },
      "properties": {
        "name": "농막마을",
        "address": "",
        "category": "버스 정류소",
        "sourceId": "osm:node/5332422576",
        "sourceUrl": "https://www.openstreetmap.org/node/5332422576",
        "date": "2026-10-02",
        "coordinateSource": "OSM node geometry",
        "districtId": "4831035000",
        "districtName": "둔덕면"
      }
    },
    {
      "type": "Feature",
      "geometry": {
        "type": "Point",
        "coordinates": [
          128.5111869,
          34.851332
        ]
      },
      "properties": {
        "name": "농막마을",
        "address": "",
        "category": "버스 정류소",
        "sourceId": "osm:node/5332422577",
        "sourceUrl": "https://www.openstreetmap.org/node/5332422577",
        "date": "2026-10-02",
        "coordinateSource": "OSM node geometry",
        "districtId": "4831035000",
        "districtName": "둔덕면"
      }
    },
    {
      "type": "Feature",
      "geometry": {
        "type": "Point",
        "coordinates": [
          128.6310721,
          34.8628819
        ]
      },
      "properties": {
        "name": "포스코 후문",
        "address": "",
        "category": "버스 정류소",
        "sourceId": "osm:node/5334948125",
        "sourceUrl": "https://www.openstreetmap.org/node/5334948125",
        "date": "2026-10-02",
        "coordinateSource": "OSM node geometry",
        "districtId": "4831059000",
        "districtName": "상문동"
      }
    },
    {
      "type": "Feature",
      "geometry": {
        "type": "Point",
        "coordinates": [
          128.6294094,
          34.8617011
        ]
      },
      "properties": {
        "name": "이름 미등록 버스 정류소",
        "address": "",
        "category": "버스 정류소",
        "sourceId": "osm:node/5334948127",
        "sourceUrl": "https://www.openstreetmap.org/node/5334948127",
        "date": "2026-10-02",
        "coordinateSource": "OSM node geometry",
        "districtId": "4831059000",
        "districtName": "상문동"
      }
    },
    {
      "type": "Feature",
      "geometry": {
        "type": "Point",
        "coordinates": [
          128.5190878,
          34.8668325
        ]
      },
      "properties": {
        "name": "시목",
        "address": "",
        "category": "버스 정류소",
        "sourceId": "osm:node/5342100567",
        "sourceUrl": "https://www.openstreetmap.org/node/5342100567",
        "date": "2026-10-02",
        "coordinateSource": "OSM node geometry",
        "districtId": "4831035000",
        "districtName": "둔덕면"
      }
    },
    {
      "type": "Feature",
      "geometry": {
        "type": "Point",
        "coordinates": [
          128.5190261,
          34.8669646
        ]
      },
      "properties": {
        "name": "시목",
        "address": "",
        "category": "버스 정류소",
        "sourceId": "osm:node/5342100568",
        "sourceUrl": "https://www.openstreetmap.org/node/5342100568",
        "date": "2026-10-02",
        "coordinateSource": "OSM node geometry",
        "districtId": "4831035000",
        "districtName": "둔덕면"
      }
    },
    {
      "type": "Feature",
      "geometry": {
        "type": "Point",
        "coordinates": [
          128.5282064,
          34.8768568
        ]
      },
      "properties": {
        "name": "함덕",
        "address": "",
        "category": "버스 정류소",
        "sourceId": "osm:node/5346187882",
        "sourceUrl": "https://www.openstreetmap.org/node/5346187882",
        "date": "2026-10-02",
        "coordinateSource": "OSM node geometry",
        "districtId": "4831035000",
        "districtName": "둔덕면"
      }
    },
    {
      "type": "Feature",
      "geometry": {
        "type": "Point",
        "coordinates": [
          128.5282401,
          34.876774
        ]
      },
      "properties": {
        "name": "함덕",
        "address": "",
        "category": "버스 정류소",
        "sourceId": "osm:node/5346187883",
        "sourceUrl": "https://www.openstreetmap.org/node/5346187883",
        "date": "2026-10-02",
        "coordinateSource": "OSM node geometry",
        "districtId": "4831035000",
        "districtName": "둔덕면"
      }
    },
    {
      "type": "Feature",
      "geometry": {
        "type": "Point",
        "coordinates": [
          128.5226611,
          34.8745713
        ]
      },
      "properties": {
        "name": "상서",
        "address": "",
        "category": "버스 정류소",
        "sourceId": "osm:node/5346187884",
        "sourceUrl": "https://www.openstreetmap.org/node/5346187884",
        "date": "2026-10-02",
        "coordinateSource": "OSM node geometry",
        "districtId": "4831035000",
        "districtName": "둔덕면"
      }
    },
    {
      "type": "Feature",
      "geometry": {
        "type": "Point",
        "coordinates": [
          128.5221848,
          34.8743848
        ]
      },
      "properties": {
        "name": "상서",
        "address": "",
        "category": "버스 정류소",
        "sourceId": "osm:node/5346187885",
        "sourceUrl": "https://www.openstreetmap.org/node/5346187885",
        "date": "2026-10-02",
        "coordinateSource": "OSM node geometry",
        "districtId": "4831035000",
        "districtName": "둔덕면"
      }
    },
    {
      "type": "Feature",
      "geometry": {
        "type": "Point",
        "coordinates": [
          128.5218954,
          34.8723459
        ]
      },
      "properties": {
        "name": "숭절사",
        "address": "",
        "category": "버스 정류소",
        "sourceId": "osm:node/5346187886",
        "sourceUrl": "https://www.openstreetmap.org/node/5346187886",
        "date": "2026-10-02",
        "coordinateSource": "OSM node geometry",
        "districtId": "4831035000",
        "districtName": "둔덕면"
      }
    },
    {
      "type": "Feature",
      "geometry": {
        "type": "Point",
        "coordinates": [
          128.5219816,
          34.8721339
        ]
      },
      "properties": {
        "name": "숭절사",
        "address": "",
        "category": "버스 정류소",
        "sourceId": "osm:node/5346187887",
        "sourceUrl": "https://www.openstreetmap.org/node/5346187887",
        "date": "2026-10-02",
        "coordinateSource": "OSM node geometry",
        "districtId": "4831035000",
        "districtName": "둔덕면"
      }
    },
    {
      "type": "Feature",
      "geometry": {
        "type": "Point",
        "coordinates": [
          128.5298541,
          34.8772898
        ]
      },
      "properties": {
        "name": "유지",
        "address": "",
        "category": "버스 정류소",
        "sourceId": "osm:node/5346187922",
        "sourceUrl": "https://www.openstreetmap.org/node/5346187922",
        "date": "2026-10-02",
        "coordinateSource": "OSM node geometry",
        "districtId": "4831035000",
        "districtName": "둔덕면"
      }
    },
    {
      "type": "Feature",
      "geometry": {
        "type": "Point",
        "coordinates": [
          128.5300308,
          34.8774656
        ]
      },
      "properties": {
        "name": "유지",
        "address": "",
        "category": "버스 정류소",
        "sourceId": "osm:node/5346187923",
        "sourceUrl": "https://www.openstreetmap.org/node/5346187923",
        "date": "2026-10-02",
        "coordinateSource": "OSM node geometry",
        "districtId": "4831035000",
        "districtName": "둔덕면"
      }
    },
    {
      "type": "Feature",
      "geometry": {
        "type": "Point",
        "coordinates": [
          128.5335039,
          34.8765157
        ]
      },
      "properties": {
        "name": "유지삼거리",
        "address": "",
        "category": "버스 정류소",
        "sourceId": "osm:node/5346591094",
        "sourceUrl": "https://www.openstreetmap.org/node/5346591094",
        "date": "2026-10-02",
        "coordinateSource": "OSM node geometry",
        "districtId": "4831035000",
        "districtName": "둔덕면"
      }
    },
    {
      "type": "Feature",
      "geometry": {
        "type": "Point",
        "coordinates": [
          128.533889,
          34.8765102
        ]
      },
      "properties": {
        "name": "유지삼거리",
        "address": "",
        "category": "버스 정류소",
        "sourceId": "osm:node/5346591095",
        "sourceUrl": "https://www.openstreetmap.org/node/5346591095",
        "date": "2026-10-02",
        "coordinateSource": "OSM node geometry",
        "districtId": "4831035000",
        "districtName": "둔덕면"
      }
    },
    {
      "type": "Feature",
      "geometry": {
        "type": "Point",
        "coordinates": [
          128.5369853,
          34.8745104
        ]
      },
      "properties": {
        "name": "덕리",
        "address": "",
        "category": "버스 정류소",
        "sourceId": "osm:node/5348382490",
        "sourceUrl": "https://www.openstreetmap.org/node/5348382490",
        "date": "2026-10-02",
        "coordinateSource": "OSM node geometry",
        "districtId": "4831035000",
        "districtName": "둔덕면"
      }
    },
    {
      "type": "Feature",
      "geometry": {
        "type": "Point",
        "coordinates": [
          128.5371292,
          34.8745608
        ]
      },
      "properties": {
        "name": "덕리",
        "address": "",
        "category": "버스 정류소",
        "sourceId": "osm:node/5348382491",
        "sourceUrl": "https://www.openstreetmap.org/node/5348382491",
        "date": "2026-10-02",
        "coordinateSource": "OSM node geometry",
        "districtId": "4831035000",
        "districtName": "둔덕면"
      }
    },
    {
      "type": "Feature",
      "geometry": {
        "type": "Point",
        "coordinates": [
          128.5416008,
          34.8720529
        ]
      },
      "properties": {
        "name": "옥동",
        "address": "",
        "category": "버스 정류소",
        "sourceId": "osm:node/5348473269",
        "sourceUrl": "https://www.openstreetmap.org/node/5348473269",
        "date": "2026-10-02",
        "coordinateSource": "OSM node geometry",
        "districtId": "4831035000",
        "districtName": "둔덕면"
      }
    },
    {
      "type": "Feature",
      "geometry": {
        "type": "Point",
        "coordinates": [
          128.6311206,
          34.7354937
        ]
      },
      "properties": {
        "name": "다대",
        "address": "",
        "category": "버스 정류소",
        "sourceId": "osm:node/5354226312",
        "sourceUrl": "https://www.openstreetmap.org/node/5354226312",
        "date": "2026-10-02",
        "coordinateSource": "OSM node geometry",
        "districtId": "4831033000",
        "districtName": "남부면"
      }
    },
    {
      "type": "Feature",
      "geometry": {
        "type": "Point",
        "coordinates": [
          128.6304883,
          34.7353725
        ]
      },
      "properties": {
        "name": "다대",
        "address": "",
        "category": "버스 정류소",
        "sourceId": "osm:node/5354226313",
        "sourceUrl": "https://www.openstreetmap.org/node/5354226313",
        "date": "2026-10-02",
        "coordinateSource": "OSM node geometry",
        "districtId": "4831033000",
        "districtName": "남부면"
      }
    },
    {
      "type": "Feature",
      "geometry": {
        "type": "Point",
        "coordinates": [
          128.6389002,
          34.7378921
        ]
      },
      "properties": {
        "name": "이름 미등록 버스 정류소",
        "address": "",
        "category": "버스 정류소",
        "sourceId": "osm:node/5354226314",
        "sourceUrl": "https://www.openstreetmap.org/node/5354226314",
        "date": "2026-10-02",
        "coordinateSource": "OSM node geometry",
        "districtId": "4831033000",
        "districtName": "남부면"
      }
    },
    {
      "type": "Feature",
      "geometry": {
        "type": "Point",
        "coordinates": [
          128.6390663,
          34.7377128
        ]
      },
      "properties": {
        "name": "다대",
        "address": "",
        "category": "버스 정류소",
        "sourceId": "osm:node/5354226315",
        "sourceUrl": "https://www.openstreetmap.org/node/5354226315",
        "date": "2026-10-02",
        "coordinateSource": "OSM node geometry",
        "districtId": "4831033000",
        "districtName": "남부면"
      }
    },
    {
      "type": "Feature",
      "geometry": {
        "type": "Point",
        "coordinates": [
          128.6283241,
          34.7368788
        ]
      },
      "properties": {
        "name": "다대교회",
        "address": "",
        "category": "버스 정류소",
        "sourceId": "osm:node/5356973228",
        "sourceUrl": "https://www.openstreetmap.org/node/5356973228",
        "date": "2026-10-02",
        "coordinateSource": "OSM node geometry",
        "districtId": "4831033000",
        "districtName": "남부면"
      }
    },
    {
      "type": "Feature",
      "geometry": {
        "type": "Point",
        "coordinates": [
          128.6283711,
          34.7370099
        ]
      },
      "properties": {
        "name": "다대교회",
        "address": "",
        "category": "버스 정류소",
        "sourceId": "osm:node/5356973235",
        "sourceUrl": "https://www.openstreetmap.org/node/5356973235",
        "date": "2026-10-02",
        "coordinateSource": "OSM node geometry",
        "districtId": "4831033000",
        "districtName": "남부면"
      }
    },
    {
      "type": "Feature",
      "geometry": {
        "type": "Point",
        "coordinates": [
          128.6210871,
          34.732901
        ]
      },
      "properties": {
        "name": "다포삼거리",
        "address": "",
        "category": "버스 정류소",
        "sourceId": "osm:node/5356973237",
        "sourceUrl": "https://www.openstreetmap.org/node/5356973237",
        "date": "2026-10-02",
        "coordinateSource": "OSM node geometry",
        "districtId": "4831033000",
        "districtName": "남부면"
      }
    },
    {
      "type": "Feature",
      "geometry": {
        "type": "Point",
        "coordinates": [
          128.6207684,
          34.7291778
        ]
      },
      "properties": {
        "name": "다포마을",
        "address": "",
        "category": "버스 정류소",
        "sourceId": "osm:node/5358104794",
        "sourceUrl": "https://www.openstreetmap.org/node/5358104794",
        "date": "2026-10-02",
        "coordinateSource": "OSM node geometry",
        "districtId": "4831033000",
        "districtName": "남부면"
      }
    },
    {
      "type": "Feature",
      "geometry": {
        "type": "Point",
        "coordinates": [
          128.6229128,
          34.7279766
        ]
      },
      "properties": {
        "name": "다포회관",
        "address": "",
        "category": "버스 정류소",
        "sourceId": "osm:node/5358230184",
        "sourceUrl": "https://www.openstreetmap.org/node/5358230184",
        "date": "2026-10-02",
        "coordinateSource": "OSM node geometry",
        "districtId": "4831033000",
        "districtName": "남부면"
      }
    },
    {
      "type": "Feature",
      "geometry": {
        "type": "Point",
        "coordinates": [
          128.6231513,
          34.7280888
        ]
      },
      "properties": {
        "name": "다포회관",
        "address": "",
        "category": "버스 정류소",
        "sourceId": "osm:node/5358230185",
        "sourceUrl": "https://www.openstreetmap.org/node/5358230185",
        "date": "2026-10-02",
        "coordinateSource": "OSM node geometry",
        "districtId": "4831033000",
        "districtName": "남부면"
      }
    },
    {
      "type": "Feature",
      "geometry": {
        "type": "Point",
        "coordinates": [
          128.5991881,
          34.7084685
        ]
      },
      "properties": {
        "name": "홍포",
        "address": "",
        "category": "버스 정류소",
        "sourceId": "osm:node/5360242000",
        "sourceUrl": "https://www.openstreetmap.org/node/5360242000",
        "date": "2026-10-02",
        "coordinateSource": "OSM node geometry",
        "districtId": "4831033000",
        "districtName": "남부면"
      }
    },
    {
      "type": "Feature",
      "geometry": {
        "type": "Point",
        "coordinates": [
          128.5951694,
          34.7109669
        ]
      },
      "properties": {
        "name": "홍포마을",
        "address": "",
        "category": "버스 정류소",
        "sourceId": "osm:node/5360242001",
        "sourceUrl": "https://www.openstreetmap.org/node/5360242001",
        "date": "2026-10-02",
        "coordinateSource": "OSM node geometry",
        "districtId": "4831033000",
        "districtName": "남부면"
      }
    },
    {
      "type": "Feature",
      "geometry": {
        "type": "Point",
        "coordinates": [
          128.5952882,
          34.7110475
        ]
      },
      "properties": {
        "name": "홍포마을",
        "address": "",
        "category": "버스 정류소",
        "sourceId": "osm:node/5360242002",
        "sourceUrl": "https://www.openstreetmap.org/node/5360242002",
        "date": "2026-10-02",
        "coordinateSource": "OSM node geometry",
        "districtId": "4831033000",
        "districtName": "남부면"
      }
    },
    {
      "type": "Feature",
      "geometry": {
        "type": "Point",
        "coordinates": [
          128.5931777,
          34.7130992
        ]
      },
      "properties": {
        "name": "용궁사입구",
        "address": "",
        "category": "버스 정류소",
        "sourceId": "osm:node/5360398311",
        "sourceUrl": "https://www.openstreetmap.org/node/5360398311",
        "date": "2026-10-02",
        "coordinateSource": "OSM node geometry",
        "districtId": "4831033000",
        "districtName": "남부면"
      }
    },
    {
      "type": "Feature",
      "geometry": {
        "type": "Point",
        "coordinates": [
          128.5930123,
          34.7131181
        ]
      },
      "properties": {
        "name": "용궁사입구",
        "address": "",
        "category": "버스 정류소",
        "sourceId": "osm:node/5360398312",
        "sourceUrl": "https://www.openstreetmap.org/node/5360398312",
        "date": "2026-10-02",
        "coordinateSource": "OSM node geometry",
        "districtId": "4831033000",
        "districtName": "남부면"
      }
    },
    {
      "type": "Feature",
      "geometry": {
        "type": "Point",
        "coordinates": [
          128.5920315,
          34.716305
        ]
      },
      "properties": {
        "name": "대포",
        "address": "",
        "category": "버스 정류소",
        "sourceId": "osm:node/5360398313",
        "sourceUrl": "https://www.openstreetmap.org/node/5360398313",
        "date": "2026-10-02",
        "coordinateSource": "OSM node geometry",
        "districtId": "4831033000",
        "districtName": "남부면"
      }
    },
    {
      "type": "Feature",
      "geometry": {
        "type": "Point",
        "coordinates": [
          128.59182,
          34.7163872
        ]
      },
      "properties": {
        "name": "대포",
        "address": "",
        "category": "버스 정류소",
        "sourceId": "osm:node/5360398314",
        "sourceUrl": "https://www.openstreetmap.org/node/5360398314",
        "date": "2026-10-02",
        "coordinateSource": "OSM node geometry",
        "districtId": "4831033000",
        "districtName": "남부면"
      }
    },
    {
      "type": "Feature",
      "geometry": {
        "type": "Point",
        "coordinates": [
          128.5857458,
          34.7149618
        ]
      },
      "properties": {
        "name": "대포선창",
        "address": "",
        "category": "버스 정류소",
        "sourceId": "osm:node/5360440187",
        "sourceUrl": "https://www.openstreetmap.org/node/5360440187",
        "date": "2026-10-02",
        "coordinateSource": "OSM node geometry",
        "districtId": "4831033000",
        "districtName": "남부면"
      }
    },
    {
      "type": "Feature",
      "geometry": {
        "type": "Point",
        "coordinates": [
          128.5869988,
          34.7151212
        ]
      },
      "properties": {
        "name": "대포선창",
        "address": "",
        "category": "버스 정류소",
        "sourceId": "osm:node/5360571845",
        "sourceUrl": "https://www.openstreetmap.org/node/5360571845",
        "date": "2026-10-02",
        "coordinateSource": "OSM node geometry",
        "districtId": "4831033000",
        "districtName": "남부면"
      }
    },
    {
      "type": "Feature",
      "geometry": {
        "type": "Point",
        "coordinates": [
          128.5884199,
          34.7205491
        ]
      },
      "properties": {
        "name": "근포선창",
        "address": "",
        "category": "버스 정류소",
        "sourceId": "osm:node/5362731707",
        "sourceUrl": "https://www.openstreetmap.org/node/5362731707",
        "date": "2026-10-02",
        "coordinateSource": "OSM node geometry",
        "districtId": "4831033000",
        "districtName": "남부면"
      }
    },
    {
      "type": "Feature",
      "geometry": {
        "type": "Point",
        "coordinates": [
          128.5933013,
          34.7204766
        ]
      },
      "properties": {
        "name": "근포",
        "address": "",
        "category": "버스 정류소",
        "sourceId": "osm:node/5362908971",
        "sourceUrl": "https://www.openstreetmap.org/node/5362908971",
        "date": "2026-10-02",
        "coordinateSource": "OSM node geometry",
        "districtId": "4831033000",
        "districtName": "남부면"
      }
    },
    {
      "type": "Feature",
      "geometry": {
        "type": "Point",
        "coordinates": [
          128.6029801,
          34.725067
        ]
      },
      "properties": {
        "name": "명사",
        "address": "",
        "category": "버스 정류소",
        "sourceId": "osm:node/5369435015",
        "sourceUrl": "https://www.openstreetmap.org/node/5369435015",
        "date": "2026-10-02",
        "coordinateSource": "OSM node geometry",
        "districtId": "4831033000",
        "districtName": "남부면"
      }
    },
    {
      "type": "Feature",
      "geometry": {
        "type": "Point",
        "coordinates": [
          128.6031304,
          34.724924
        ]
      },
      "properties": {
        "name": "명사",
        "address": "",
        "category": "버스 정류소",
        "sourceId": "osm:node/5369435016",
        "sourceUrl": "https://www.openstreetmap.org/node/5369435016",
        "date": "2026-10-02",
        "coordinateSource": "OSM node geometry",
        "districtId": "4831033000",
        "districtName": "남부면"
      }
    },
    {
      "type": "Feature",
      "geometry": {
        "type": "Point",
        "coordinates": [
          128.608135,
          34.7340827
        ]
      },
      "properties": {
        "name": "저구마을",
        "address": "",
        "category": "버스 정류소",
        "sourceId": "osm:node/5371718770",
        "sourceUrl": "https://www.openstreetmap.org/node/5371718770",
        "date": "2026-10-02",
        "coordinateSource": "OSM node geometry",
        "districtId": "4831033000",
        "districtName": "남부면"
      }
    },
    {
      "type": "Feature",
      "geometry": {
        "type": "Point",
        "coordinates": [
          128.6080983,
          34.7332284
        ]
      },
      "properties": {
        "name": "저구;하나로마트",
        "address": "거제시 저구1길 60-1",
        "category": "버스 정류소",
        "sourceId": "osm:node/5371718771",
        "sourceUrl": "https://www.openstreetmap.org/node/5371718771",
        "date": "2026-10-02",
        "coordinateSource": "OSM node geometry",
        "districtId": "4831033000",
        "districtName": "남부면"
      }
    },
    {
      "type": "Feature",
      "geometry": {
        "type": "Point",
        "coordinates": [
          128.6099557,
          34.7317708
        ]
      },
      "properties": {
        "name": "남부면사무소",
        "address": "",
        "category": "버스 정류소",
        "sourceId": "osm:node/5371788928",
        "sourceUrl": "https://www.openstreetmap.org/node/5371788928",
        "date": "2026-10-02",
        "coordinateSource": "OSM node geometry",
        "districtId": "4831033000",
        "districtName": "남부면"
      }
    },
    {
      "type": "Feature",
      "geometry": {
        "type": "Point",
        "coordinates": [
          128.6032908,
          34.7670791
        ]
      },
      "properties": {
        "name": "탑포마을입구",
        "address": "",
        "category": "버스 정류소",
        "sourceId": "osm:node/5374000622",
        "sourceUrl": "https://www.openstreetmap.org/node/5374000622",
        "date": "2026-10-02",
        "coordinateSource": "OSM node geometry",
        "districtId": "4831033000",
        "districtName": "남부면"
      }
    },
    {
      "type": "Feature",
      "geometry": {
        "type": "Point",
        "coordinates": [
          128.603181,
          34.7672995
        ]
      },
      "properties": {
        "name": "탑포마을입구",
        "address": "",
        "category": "버스 정류소",
        "sourceId": "osm:node/5374000623",
        "sourceUrl": "https://www.openstreetmap.org/node/5374000623",
        "date": "2026-10-02",
        "coordinateSource": "OSM node geometry",
        "districtId": "4831033000",
        "districtName": "남부면"
      }
    },
    {
      "type": "Feature",
      "geometry": {
        "type": "Point",
        "coordinates": [
          128.6022383,
          34.7688721
        ]
      },
      "properties": {
        "name": "탑포삼거리",
        "address": "",
        "category": "버스 정류소",
        "sourceId": "osm:node/5374000624",
        "sourceUrl": "https://www.openstreetmap.org/node/5374000624",
        "date": "2026-10-02",
        "coordinateSource": "OSM node geometry",
        "districtId": "4831033000",
        "districtName": "남부면"
      }
    },
    {
      "type": "Feature",
      "geometry": {
        "type": "Point",
        "coordinates": [
          128.6020627,
          34.7690592
        ]
      },
      "properties": {
        "name": "탑포삼거리",
        "address": "",
        "category": "버스 정류소",
        "sourceId": "osm:node/5374000625",
        "sourceUrl": "https://www.openstreetmap.org/node/5374000625",
        "date": "2026-10-02",
        "coordinateSource": "OSM node geometry",
        "districtId": "4831032000",
        "districtName": "동부면"
      }
    },
    {
      "type": "Feature",
      "geometry": {
        "type": "Point",
        "coordinates": [
          128.6016042,
          34.7664816
        ]
      },
      "properties": {
        "name": "탑포마을입구",
        "address": "",
        "category": "버스 정류소",
        "sourceId": "osm:node/5374218960",
        "sourceUrl": "https://www.openstreetmap.org/node/5374218960",
        "date": "2026-10-02",
        "coordinateSource": "OSM node geometry",
        "districtId": "4831033000",
        "districtName": "남부면"
      }
    },
    {
      "type": "Feature",
      "geometry": {
        "type": "Point",
        "coordinates": [
          128.6015129,
          34.7665861
        ]
      },
      "properties": {
        "name": "탑포마을입구",
        "address": "",
        "category": "버스 정류소",
        "sourceId": "osm:node/5374218961",
        "sourceUrl": "https://www.openstreetmap.org/node/5374218961",
        "date": "2026-10-02",
        "coordinateSource": "OSM node geometry",
        "districtId": "4831033000",
        "districtName": "남부면"
      }
    },
    {
      "type": "Feature",
      "geometry": {
        "type": "Point",
        "coordinates": [
          128.5995456,
          34.7629704
        ]
      },
      "properties": {
        "name": "탑포마을",
        "address": "",
        "category": "버스 정류소",
        "sourceId": "osm:node/5374249934",
        "sourceUrl": "https://www.openstreetmap.org/node/5374249934",
        "date": "2026-10-02",
        "coordinateSource": "OSM node geometry",
        "districtId": "4831033000",
        "districtName": "남부면"
      }
    },
    {
      "type": "Feature",
      "geometry": {
        "type": "Point",
        "coordinates": [
          128.5992263,
          34.7627357
        ]
      },
      "properties": {
        "name": "탑포마을",
        "address": "",
        "category": "버스 정류소",
        "sourceId": "osm:node/5374249935",
        "sourceUrl": "https://www.openstreetmap.org/node/5374249935",
        "date": "2026-10-02",
        "coordinateSource": "OSM node geometry",
        "districtId": "4831033000",
        "districtName": "남부면"
      }
    },
    {
      "type": "Feature",
      "geometry": {
        "type": "Point",
        "coordinates": [
          128.5866661,
          34.761383
        ]
      },
      "properties": {
        "name": "쌍근마을입구",
        "address": "",
        "category": "버스 정류소",
        "sourceId": "osm:node/5379754890",
        "sourceUrl": "https://www.openstreetmap.org/node/5379754890",
        "date": "2026-10-02",
        "coordinateSource": "OSM node geometry",
        "districtId": "4831033000",
        "districtName": "남부면"
      }
    },
    {
      "type": "Feature",
      "geometry": {
        "type": "Point",
        "coordinates": [
          128.5867713,
          34.76127
        ]
      },
      "properties": {
        "name": "쌍근마을입구",
        "address": "",
        "category": "버스 정류소",
        "sourceId": "osm:node/5379754891",
        "sourceUrl": "https://www.openstreetmap.org/node/5379754891",
        "date": "2026-10-02",
        "coordinateSource": "OSM node geometry",
        "districtId": "4831033000",
        "districtName": "남부면"
      }
    },
    {
      "type": "Feature",
      "geometry": {
        "type": "Point",
        "coordinates": [
          128.636226,
          34.8685155
        ]
      },
      "properties": {
        "name": "힐스테이트 거제",
        "address": "",
        "category": "버스 정류소",
        "sourceId": "osm:node/6047716299",
        "sourceUrl": "https://www.openstreetmap.org/node/6047716299",
        "date": "2026-10-02",
        "coordinateSource": "OSM node geometry",
        "districtId": "4831059000",
        "districtName": "상문동"
      }
    },
    {
      "type": "Feature",
      "geometry": {
        "type": "Point",
        "coordinates": [
          128.6363388,
          34.8684721
        ]
      },
      "properties": {
        "name": "힐스테이트 거제",
        "address": "",
        "category": "버스 정류소",
        "sourceId": "osm:node/6047716300",
        "sourceUrl": "https://www.openstreetmap.org/node/6047716300",
        "date": "2026-10-02",
        "coordinateSource": "OSM node geometry",
        "districtId": "4831059000",
        "districtName": "상문동"
      }
    },
    {
      "type": "Feature",
      "geometry": {
        "type": "Point",
        "coordinates": [
          128.6385574,
          34.864703
        ]
      },
      "properties": {
        "name": "신우스위트",
        "address": "",
        "category": "버스 정류소",
        "sourceId": "osm:node/6047716302",
        "sourceUrl": "https://www.openstreetmap.org/node/6047716302",
        "date": "2026-10-02",
        "coordinateSource": "OSM node geometry",
        "districtId": "4831059000",
        "districtName": "상문동"
      }
    },
    {
      "type": "Feature",
      "geometry": {
        "type": "Point",
        "coordinates": [
          128.6404817,
          34.864591
        ]
      },
      "properties": {
        "name": "덕산베스트 3차",
        "address": "",
        "category": "버스 정류소",
        "sourceId": "osm:node/6047716303",
        "sourceUrl": "https://www.openstreetmap.org/node/6047716303",
        "date": "2026-10-02",
        "coordinateSource": "OSM node geometry",
        "districtId": "4831059000",
        "districtName": "상문동"
      }
    },
    {
      "type": "Feature",
      "geometry": {
        "type": "Point",
        "coordinates": [
          128.632438,
          34.7858156
        ]
      },
      "properties": {
        "name": "거제케이블카 입구",
        "address": "",
        "category": "버스 정류소",
        "sourceId": "osm:node/9651008316",
        "sourceUrl": "https://www.openstreetmap.org/node/9651008316",
        "date": "2026-10-02",
        "coordinateSource": "OSM node geometry",
        "districtId": "4831032000",
        "districtName": "동부면"
      }
    },
    {
      "type": "Feature",
      "geometry": {
        "type": "Point",
        "coordinates": [
          128.6331101,
          34.7857808
        ]
      },
      "properties": {
        "name": "거제케이블카 승강장",
        "address": "",
        "category": "버스 정류소",
        "sourceId": "osm:node/9651051117",
        "sourceUrl": "https://www.openstreetmap.org/node/9651051117",
        "date": "2026-10-02",
        "coordinateSource": "OSM node geometry",
        "districtId": "4831032000",
        "districtName": "동부면"
      }
    }
  ]
}
